#-----------------------------------------------------------
# Vivado v2025.2 (64-bit)
# SW Build 6299465 on Fri Nov 14 19:35:11 GMT 2025
# IP Build 6300035 on Fri Nov 14 10:48:45 MST 2025
# SharedData Build 6298862 on Thu Nov 13 04:50:51 MST 2025
# Start of session at: Thu Aug  6 12:40:38 2026
# Process ID         : 1544
# Current directory  : C:/Users/gattous/Vivado_Workspace/litefury_pcie_daq_2/ip_repo
# Command line       : vivado.exe -gui_launcher_event rodinguilauncherevent7040 C:\Users\gattous\Vivado_Workspace\litefury_pcie_daq_2\ip_repo\edit_axi_csr_v3_0.xpr
# Log file           : C:/Users/gattous/Vivado_Workspace/litefury_pcie_daq_2/ip_repo/vivado.log
# Journal file       : C:/Users/gattous/Vivado_Workspace/litefury_pcie_daq_2/ip_repo\vivado.jou
# Running On         : DESKTOP-VSMVSJ6
# Platform           : Windows Server 2016 or Windows 10
# Operating System   : 26200
# Processor Detail   : Intel(R) Core(TM) i7-8700 CPU @ 3.20GHz
# CPU Frequency      : 3192 MHz
# CPU Physical cores : 6
# CPU Logical cores  : 12
# Host memory        : 16999 MB
# Swap memory        : 3892 MB
# Total Virtual      : 20892 MB
# Available Virtual  : 5023 MB
#-----------------------------------------------------------
start_gui
open_project C:/Users/gattous/Vivado_Workspace/litefury_pcie_daq_2/ip_repo/edit_axi_csr_v3_0.xpr
WARNING: [Board 49-26] cannot add Board Part xilinx.com:emb-plus-vpr-4616:part0:1.0 available at C:/AMDDesignTools/2025.2/data/xhub/boards\XilinxBoardStore\boards\Xilinx\emb-plus-vpr-4616\1.0\board.xml as part xcve2302-sfva784-2mp-e-s specified in board_part file is either invalid or not available
WARNING: [Board 49-26] cannot add Board Part xilinx.com:emb-plus-vpr-4616:part0:1.1 available at C:/AMDDesignTools/2025.2/data/xhub/boards\XilinxBoardStore\boards\Xilinx\emb-plus-vpr-4616\1.1\board.xml as part xcve2302-sfva784-2mp-e-s specified in board_part file is either invalid or not available
WARNING: [Board 49-26] cannot add Board Part xilinx.com:k24c:part0:1.0 available at C:/AMDDesignTools/2025.2/data/xhub/boards\XilinxBoardStore\boards\Xilinx\k24c\1.0\board.xml as part xck24-ubva530-2lv-c specified in board_part file is either invalid or not available
WARNING: [Board 49-26] cannot add Board Part xilinx.com:k24c:part0:1.1 available at C:/AMDDesignTools/2025.2/data/xhub/boards\XilinxBoardStore\boards\Xilinx\k24c\1.1\board.xml as part xck24-ubva530-2lv-c specified in board_part file is either invalid or not available
WARNING: [Board 49-26] cannot add Board Part xilinx.com:k24i:part0:1.0 available at C:/AMDDesignTools/2025.2/data/xhub/boards\XilinxBoardStore\boards\Xilinx\k24i\1.0\board.xml as part xck24-ubva530-2lvi-i specified in board_part file is either invalid or not available
WARNING: [Board 49-26] cannot add Board Part xilinx.com:k26c:part0:1.2 available at C:/AMDDesignTools/2025.2/data/xhub/boards\XilinxBoardStore\boards\Xilinx\k26c\1.2\board.xml as part xck26-sfvc784-2lv-c specified in board_part file is either invalid or not available
WARNING: [Board 49-26] cannot add Board Part xilinx.com:k26c:part0:1.3 available at C:/AMDDesignTools/2025.2/data/xhub/boards\XilinxBoardStore\boards\Xilinx\k26c\1.3\board.xml as part xck26-sfvc784-2lv-c specified in board_part file is either invalid or not available
WARNING: [Board 49-26] cannot add Board Part xilinx.com:k26c:part0:1.4 available at C:/AMDDesignTools/2025.2/data/xhub/boards\XilinxBoardStore\boards\Xilinx\k26c\1.4\board.xml as part xck26-sfvc784-2lv-c specified in board_part file is either invalid or not available
WARNING: [Board 49-26] cannot add Board Part xilinx.com:k26i:part0:1.2 available at C:/AMDDesignTools/2025.2/data/xhub/boards\XilinxBoardStore\boards\Xilinx\k26i\1.2\board.xml as part xck26-sfvc784-2lvi-i specified in board_part file is either invalid or not available
WARNING: [Board 49-26] cannot add Board Part xilinx.com:k26i:part0:1.3 available at C:/AMDDesignTools/2025.2/data/xhub/boards\XilinxBoardStore\boards\Xilinx\k26i\1.3\board.xml as part xck26-sfvc784-2lvi-i specified in board_part file is either invalid or not available
WARNING: [Board 49-26] cannot add Board Part xilinx.com:k26i:part0:1.4 available at C:/AMDDesignTools/2025.2/data/xhub/boards\XilinxBoardStore\boards\Xilinx\k26i\1.4\board.xml as part xck26-sfvc784-2lvi-i specified in board_part file is either invalid or not available
WARNING: [Board 49-26] cannot add Board Part xilinx.com:kc705:part0:1.6 available at C:/AMDDesignTools/2025.2/data/xhub/boards\XilinxBoardStore\boards\Xilinx\kc705\1.6\board.xml as part xc7k325tffg900-2 specified in board_part file is either invalid or not available
WARNING: [Board 49-26] cannot add Board Part xilinx.com:kc705:part0:1.7 available at C:/AMDDesignTools/2025.2/data/xhub/boards\XilinxBoardStore\boards\Xilinx\kc705\1.7\board.xml as part xc7k325tffg900-2 specified in board_part file is either invalid or not available
WARNING: [Board 49-26] cannot add Board Part xilinx.com:kcu105:part0:1.6 available at C:/AMDDesignTools/2025.2/data/xhub/boards\XilinxBoardStore\boards\Xilinx\kcu105\1.6\board.xml as part xcku040-ffva1156-2-e specified in board_part file is either invalid or not available
WARNING: [Board 49-26] cannot add Board Part xilinx.com:kcu105:part0:1.7 available at C:/AMDDesignTools/2025.2/data/xhub/boards\XilinxBoardStore\boards\Xilinx\kcu105\1.7\board.xml as part xcku040-ffva1156-2-e specified in board_part file is either invalid or not available
WARNING: [Board 49-26] cannot add Board Part xilinx.com:kcu116:part0:1.4 available at C:/AMDDesignTools/2025.2/data/xhub/boards\XilinxBoardStore\boards\Xilinx\kcu116\1.4\board.xml as part xcku5p-ffvb676-2-e specified in board_part file is either invalid or not available
WARNING: [Board 49-26] cannot add Board Part xilinx.com:kcu116:part0:1.5 available at C:/AMDDesignTools/2025.2/data/xhub/boards\XilinxBoardStore\boards\Xilinx\kcu116\1.5\board.xml as part xcku5p-ffvb676-2-e specified in board_part file is either invalid or not available
WARNING: [Board 49-26] cannot add Board Part xilinx.com:kcu1500:part0:1.2 available at C:/AMDDesignTools/2025.2/data/xhub/boards\XilinxBoardStore\boards\Xilinx\kcu1500\1.2\board.xml as part xcku115-flvb2104-2-e specified in board_part file is either invalid or not available
WARNING: [Board 49-26] cannot add Board Part xilinx.com:kd240_som:part0:1.0 available at C:/AMDDesignTools/2025.2/data/xhub/boards\XilinxBoardStore\boards\Xilinx\kd240_som\1.0\board.xml as part xck24-ubva530-2lv-c specified in board_part file is either invalid or not available
WARNING: [Board 49-26] cannot add Board Part xilinx.com:kd240_som:part0:1.1 available at C:/AMDDesignTools/2025.2/data/xhub/boards\XilinxBoardStore\boards\Xilinx\kd240_som\1.1\board.xml as part xck24-ubva530-2lv-c specified in board_part file is either invalid or not available
WARNING: [Board 49-26] cannot add Board Part xilinx.com:kr260_som:part0:1.0 available at C:/AMDDesignTools/2025.2/data/xhub/boards\XilinxBoardStore\boards\Xilinx\kr260_som\1.0\board.xml as part xck26-sfvc784-2lv-c specified in board_part file is either invalid or not available
WARNING: [Board 49-26] cannot add Board Part xilinx.com:kr260_som:part0:1.1 available at C:/AMDDesignTools/2025.2/data/xhub/boards\XilinxBoardStore\boards\Xilinx\kr260_som\1.1\board.xml as part xck26-sfvc784-2lv-c specified in board_part file is either invalid or not available
WARNING: [Board 49-26] cannot add Board Part xilinx.com:kv260_som:part0:1.2 available at C:/AMDDesignTools/2025.2/data/xhub/boards\XilinxBoardStore\boards\Xilinx\kv260_som\1.2\board.xml as part xck26-sfvc784-2lv-c specified in board_part file is either invalid or not available
WARNING: [Board 49-26] cannot add Board Part xilinx.com:kv260_som:part0:1.3 available at C:/AMDDesignTools/2025.2/data/xhub/boards\XilinxBoardStore\boards\Xilinx\kv260_som\1.3\board.xml as part xck26-sfvc784-2lv-c specified in board_part file is either invalid or not available
WARNING: [Board 49-26] cannot add Board Part xilinx.com:kv260_som:part0:1.4 available at C:/AMDDesignTools/2025.2/data/xhub/boards\XilinxBoardStore\boards\Xilinx\kv260_som\1.4\board.xml as part xck26-sfvc784-2lv-c specified in board_part file is either invalid or not available
WARNING: [Board 49-26] cannot add Board Part xilinx.com:scu35:part0:1.0 available at C:/AMDDesignTools/2025.2/data/xhub/boards\XilinxBoardStore\boards\Xilinx\scu35\1.0\board.xml as part xcsu35p-sbvb625-2-e specified in board_part file is either invalid or not available
WARNING: [Board 49-26] cannot add Board Part xilinx.com:sp701:part0:1.0 available at C:/AMDDesignTools/2025.2/data/xhub/boards\XilinxBoardStore\boards\Xilinx\sp701\1.0\board.xml as part xc7s100fgga676-2 specified in board_part file is either invalid or not available
WARNING: [Board 49-26] cannot add Board Part xilinx.com:sp701:part0:1.1 available at C:/AMDDesignTools/2025.2/data/xhub/boards\XilinxBoardStore\boards\Xilinx\sp701\1.1\board.xml as part xc7s100fgga676-2 specified in board_part file is either invalid or not available
WARNING: [Board 49-26] cannot add Board Part xilinx.com:v80:part0:1.0 available at C:/AMDDesignTools/2025.2/data/xhub/boards\XilinxBoardStore\boards\Xilinx\v80\1.0\board.xml as part xcv80-lsva4737-2mhp-e-s specified in board_part file is either invalid or not available
WARNING: [Board 49-26] cannot add Board Part xilinx.com:vc707:part0:1.4 available at C:/AMDDesignTools/2025.2/data/xhub/boards\XilinxBoardStore\boards\Xilinx\vc707\1.4\board.xml as part xc7vx485tffg1761-2 specified in board_part file is either invalid or not available
WARNING: [Board 49-26] cannot add Board Part xilinx.com:vc707:part0:1.5 available at C:/AMDDesignTools/2025.2/data/xhub/boards\XilinxBoardStore\boards\Xilinx\vc707\1.5\board.xml as part xc7vx485tffg1761-2 specified in board_part file is either invalid or not available
WARNING: [Board 49-26] cannot add Board Part xilinx.com:vc709:part0:1.8 available at C:/AMDDesignTools/2025.2/data/xhub/boards\XilinxBoardStore\boards\Xilinx\vc709\1.8\board.xml as part xc7vx690tffg1761-2 specified in board_part file is either invalid or not available
WARNING: [Board 49-26] cannot add Board Part xilinx.com:vck190:part0:2.2 available at C:/AMDDesignTools/2025.2/data/xhub/boards\XilinxBoardStore\boards\Xilinx\vck190\production\2.2\board.xml as part xcvc1902-vsva2197-2mp-e-s specified in board_part file is either invalid or not available
WARNING: [Board 49-26] cannot add Board Part xilinx.com:vck190:part0:3.0 available at C:/AMDDesignTools/2025.2/data/xhub/boards\XilinxBoardStore\boards\Xilinx\vck190\production\3.0\board.xml as part xcvc1902-vsva2197-2mp-e-s specified in board_part file is either invalid or not available
WARNING: [Board 49-26] cannot add Board Part xilinx.com:vck190:part0:3.1 available at C:/AMDDesignTools/2025.2/data/xhub/boards\XilinxBoardStore\boards\Xilinx\vck190\production\3.1\board.xml as part xcvc1902-vsva2197-2mp-e-s specified in board_part file is either invalid or not available
WARNING: [Board 49-26] cannot add Board Part xilinx.com:vck190:part0:3.2 available at C:/AMDDesignTools/2025.2/data/xhub/boards\XilinxBoardStore\boards\Xilinx\vck190\production\3.2\board.xml as part xcvc1902-vsva2197-2mp-e-s specified in board_part file is either invalid or not available
WARNING: [Board 49-26] cannot add Board Part xilinx.com:vck190:part0:3.3 available at C:/AMDDesignTools/2025.2/data/xhub/boards\XilinxBoardStore\boards\Xilinx\vck190\production\3.3\board.xml as part xcvc1902-vsva2197-2mp-e-s specified in board_part file is either invalid or not available
WARNING: [Board 49-26] cannot add Board Part xilinx.com:vck190:part0:3.4 available at C:/AMDDesignTools/2025.2/data/xhub/boards\XilinxBoardStore\boards\Xilinx\vck190\production\3.4\board.xml as part xcvc1902-vsva2197-2mp-e-s specified in board_part file is either invalid or not available
WARNING: [Board 49-26] cannot add Board Part xilinx.com:vck190_newl:part0:1.0 available at C:/AMDDesignTools/2025.2/data/xhub/boards\XilinxBoardStore\boards\Xilinx\vck190_newl\production\1.0\board.xml as part xcvc1902-vsva2197-2mp-e-s specified in board_part file is either invalid or not available
WARNING: [Board 49-26] cannot add Board Part xilinx.com:vck190_newl:part0:1.1 available at C:/AMDDesignTools/2025.2/data/xhub/boards\XilinxBoardStore\boards\Xilinx\vck190_newl\production\1.1\board.xml as part xcvc1902-vsva2197-2mp-e-s specified in board_part file is either invalid or not available
WARNING: [Board 49-26] cannot add Board Part xilinx.com:vck190_newl:part0:1.2 available at C:/AMDDesignTools/2025.2/data/xhub/boards\XilinxBoardStore\boards\Xilinx\vck190_newl\production\1.2\board.xml as part xcvc1902-vsva2197-2mp-e-s specified in board_part file is either invalid or not available
WARNING: [Board 49-26] cannot add Board Part xilinx.com:vck190_newl:part0:1.3 available at C:/AMDDesignTools/2025.2/data/xhub/boards\XilinxBoardStore\boards\Xilinx\vck190_newl\production\1.3\board.xml as part xcvc1902-vsva2197-2mp-e-s specified in board_part file is either invalid or not available
WARNING: [Board 49-26] cannot add Board Part xilinx.com:vcu108:part0:1.6 available at C:/AMDDesignTools/2025.2/data/xhub/boards\XilinxBoardStore\boards\Xilinx\vcu108\1.6\board.xml as part xcvu095-ffva2104-2-e specified in board_part file is either invalid or not available
WARNING: [Board 49-26] cannot add Board Part xilinx.com:vcu108:part0:1.7 available at C:/AMDDesignTools/2025.2/data/xhub/boards\XilinxBoardStore\boards\Xilinx\vcu108\1.7\board.xml as part xcvu095-ffva2104-2-e specified in board_part file is either invalid or not available
WARNING: [Board 49-26] cannot add Board Part xilinx.com:vcu110:part0:1.4 available at C:/AMDDesignTools/2025.2/data/xhub/boards\XilinxBoardStore\boards\Xilinx\vcu110\1.4\board.xml as part xcvu190-flgc2104-2-e specified in board_part file is either invalid or not available
WARNING: [Board 49-26] cannot add Board Part xilinx.com:vcu118:part0:2.0 available at C:/AMDDesignTools/2025.2/data/xhub/boards\XilinxBoardStore\boards\Xilinx\vcu118\2.0\board.xml as part xcvu9p-flga2104-2l-e specified in board_part file is either invalid or not available
WARNING: [Board 49-26] cannot add Board Part xilinx.com:vcu118:part0:2.3 available at C:/AMDDesignTools/2025.2/data/xhub/boards\XilinxBoardStore\boards\Xilinx\vcu118\2.3\board.xml as part xcvu9p-flga2104-2l-e specified in board_part file is either invalid or not available
WARNING: [Board 49-26] cannot add Board Part xilinx.com:vcu118:part0:2.4 available at C:/AMDDesignTools/2025.2/data/xhub/boards\XilinxBoardStore\boards\Xilinx\vcu118\2.4\board.xml as part xcvu9p-flga2104-2l-e specified in board_part file is either invalid or not available
WARNING: [Board 49-26] cannot add Board Part xilinx.com:vcu128:part0:1.0 available at C:/AMDDesignTools/2025.2/data/xhub/boards\XilinxBoardStore\boards\Xilinx\vcu128\production\1.0\board.xml as part xcvu37p-fsvh2892-2l-e specified in board_part file is either invalid or not available
WARNING: [Board 49-26] cannot add Board Part xilinx.com:vcu129:part0:1.0 available at C:/AMDDesignTools/2025.2/data/xhub/boards\XilinxBoardStore\boards\Xilinx\vcu129\production\1.0\board.xml as part xcvu29p-fsga2577-2l-e specified in board_part file is either invalid or not available
WARNING: [Board 49-26] cannot add Board Part xilinx.com:vcu1525:part0:1.3 available at C:/AMDDesignTools/2025.2/data/xhub/boards\XilinxBoardStore\boards\Xilinx\vcu1525\1.3\board.xml as part xcvu9p-fsgd2104-2l-e specified in board_part file is either invalid or not available
WARNING: [Board 49-26] cannot add Board Part xilinx.com:vek280:part0:1.0 available at C:/AMDDesignTools/2025.2/data/xhub/boards\XilinxBoardStore\boards\Xilinx\vek280\production\1.0\board.xml as part xcve2802-vsvh1760-2mp-e-s specified in board_part file is either invalid or not available
WARNING: [Board 49-26] cannot add Board Part xilinx.com:vek280:part0:1.1 available at C:/AMDDesignTools/2025.2/data/xhub/boards\XilinxBoardStore\boards\Xilinx\vek280\production\1.1\board.xml as part xcve2802-vsvh1760-2mp-e-s specified in board_part file is either invalid or not available
INFO: [filemgmt 56-3] Default IP Output Path : Could not find the directory 'C:/Users/gattous/Vivado_Workspace/litefury_pcie_daq_2/ip_repo/edit_axi_csr_v3_0.gen/sources_1'.
WARNING: [Board 49-26] cannot add Board Part xilinx.com:vek280:part0:1.2 available at C:/AMDDesignTools/2025.2/data/xhub/boards\XilinxBoardStore\boards\Xilinx\vek280\production\1.2\board.xml as part xcve2802-vsvh1760-2mp-e-s specified in board_part file is either invalid or not available
WARNING: [Board 49-26] cannot add Board Part xilinx.com:vek385:part0:1.0 available at C:/AMDDesignTools/2025.2/data/xhub/boards\XilinxBoardStore\boards\Xilinx\vek385\1.0\board.xml as part xc2ve3858-ssva2112-2mp-e-s specified in board_part file is either invalid or not available
WARNING: [Board 49-26] cannot add Board Part xilinx.com:vek385:part0:1.1 available at C:/AMDDesignTools/2025.2/data/xhub/boards\XilinxBoardStore\boards\Xilinx\vek385\1.1\board.xml as part xc2ve3858-ssva2112-2mp-e-s specified in board_part file is either invalid or not available
WARNING: [Board 49-26] cannot add Board Part xilinx.com:vek385_1:part0:1.0 available at C:/AMDDesignTools/2025.2/data/xhub/boards\XilinxBoardStore\boards\Xilinx\vek385_2\1.0\board.xml as part xc2ve3858-ssva2112-2mp-e-s specified in board_part file is either invalid or not available
WARNING: [Board 49-26] cannot add Board Part xilinx.com:vermeo_t1_mpsoc:part0:1.0 available at C:/AMDDesignTools/2025.2/data/xhub/boards\XilinxBoardStore\boards\Xilinx\vermeo_t1_mpsoc\1.0\board.xml as part xczu19eg-ffvd1760-2l-e specified in board_part file is either invalid or not available
WARNING: [Board 49-26] cannot add Board Part xilinx.com:vermeo_t1_rfsoc:part0:1.0 available at C:/AMDDesignTools/2025.2/data/xhub/boards\XilinxBoardStore\boards\Xilinx\vermeo_t1_rfsoc\1.0\board.xml as part xczu21dr-ffvd1156-2l-e specified in board_part file is either invalid or not available
WARNING: [Board 49-26] cannot add Board Part xilinx.com:vhk158:part0:1.0 available at C:/AMDDesignTools/2025.2/data/xhub/boards\XilinxBoardStore\boards\Xilinx\vhk158\production\1.0\board.xml as part xcvh1582-vsva3697-2mp-e-s specified in board_part file is either invalid or not available
WARNING: [Board 49-26] cannot add Board Part xilinx.com:vhk158:part0:1.1 available at C:/AMDDesignTools/2025.2/data/xhub/boards\XilinxBoardStore\boards\Xilinx\vhk158\production\1.1\board.xml as part xcvh1582-vsva3697-2mp-e-s specified in board_part file is either invalid or not available
WARNING: [Board 49-26] cannot add Board Part xilinx.com:vhk158:part0:1.2 available at C:/AMDDesignTools/2025.2/data/xhub/boards\XilinxBoardStore\boards\Xilinx\vhk158\production\1.2\board.xml as part xcvh1582-vsva3697-2mp-e-s specified in board_part file is either invalid or not available
WARNING: [Board 49-26] cannot add Board Part xilinx.com:vmk180:part0:2.2 available at C:/AMDDesignTools/2025.2/data/xhub/boards\XilinxBoardStore\boards\Xilinx\vmk180\production\2.2\board.xml as part xcvm1802-vsva2197-2mp-e-s specified in board_part file is either invalid or not available
WARNING: [Board 49-26] cannot add Board Part xilinx.com:vmk180:part0:3.0 available at C:/AMDDesignTools/2025.2/data/xhub/boards\XilinxBoardStore\boards\Xilinx\vmk180\production\3.0\board.xml as part xcvm1802-vsva2197-2mp-e-s specified in board_part file is either invalid or not available
WARNING: [Board 49-26] cannot add Board Part xilinx.com:vmk180:part0:3.1 available at C:/AMDDesignTools/2025.2/data/xhub/boards\XilinxBoardStore\boards\Xilinx\vmk180\production\3.1\board.xml as part xcvm1802-vsva2197-2mp-e-s specified in board_part file is either invalid or not available
WARNING: [Board 49-26] cannot add Board Part xilinx.com:vmk180:part0:3.2 available at C:/AMDDesignTools/2025.2/data/xhub/boards\XilinxBoardStore\boards\Xilinx\vmk180\production\3.2\board.xml as part xcvm1802-vsva2197-2mp-e-s specified in board_part file is either invalid or not available
WARNING: [Board 49-26] cannot add Board Part xilinx.com:vmk180:part0:3.3 available at C:/AMDDesignTools/2025.2/data/xhub/boards\XilinxBoardStore\boards\Xilinx\vmk180\production\3.3\board.xml as part xcvm1802-vsva2197-2mp-e-s specified in board_part file is either invalid or not available
WARNING: [Board 49-26] cannot add Board Part xilinx.com:vmk180_newl:part0:1.0 available at C:/AMDDesignTools/2025.2/data/xhub/boards\XilinxBoardStore\boards\Xilinx\vmk180_newl\production\1.0\board.xml as part xcvm1802-vsva2197-2mp-e-s specified in board_part file is either invalid or not available
WARNING: [Board 49-26] cannot add Board Part xilinx.com:vmk180_newl:part0:1.1 available at C:/AMDDesignTools/2025.2/data/xhub/boards\XilinxBoardStore\boards\Xilinx\vmk180_newl\production\1.1\board.xml as part xcvm1802-vsva2197-2mp-e-s specified in board_part file is either invalid or not available
WARNING: [Board 49-26] cannot add Board Part xilinx.com:vpk120:part0:1.0 available at C:/AMDDesignTools/2025.2/data/xhub/boards\XilinxBoardStore\boards\Xilinx\vpk120\production\1.0\board.xml as part xcvp1202-vsva2785-2mp-e-s specified in board_part file is either invalid or not available
WARNING: [Board 49-26] cannot add Board Part xilinx.com:vpk120:part0:1.1 available at C:/AMDDesignTools/2025.2/data/xhub/boards\XilinxBoardStore\boards\Xilinx\vpk120\production\1.1\board.xml as part xcvp1202-vsva2785-2mp-e-s specified in board_part file is either invalid or not available
WARNING: [Board 49-26] cannot add Board Part xilinx.com:vpk120:part0:1.2 available at C:/AMDDesignTools/2025.2/data/xhub/boards\XilinxBoardStore\boards\Xilinx\vpk120\production\1.2\board.xml as part xcvp1202-vsva2785-2mp-e-s specified in board_part file is either invalid or not available
WARNING: [Board 49-26] cannot add Board Part xilinx.com:vpk180:part0:1.0 available at C:/AMDDesignTools/2025.2/data/xhub/boards\XilinxBoardStore\boards\Xilinx\vpk180\production\1.0\board.xml as part xcvp1802-lsvc4072-2mp-e-s specified in board_part file is either invalid or not available
WARNING: [Board 49-26] cannot add Board Part xilinx.com:vpk180:part0:1.1 available at C:/AMDDesignTools/2025.2/data/xhub/boards\XilinxBoardStore\boards\Xilinx\vpk180\production\1.1\board.xml as part xcvp1802-lsvc4072-2mp-e-s specified in board_part file is either invalid or not available
WARNING: [Board 49-26] cannot add Board Part xilinx.com:vpk180:part0:1.2 available at C:/AMDDesignTools/2025.2/data/xhub/boards\XilinxBoardStore\boards\Xilinx\vpk180\production\1.2\board.xml as part xcvp1802-lsvc4072-2mp-e-s specified in board_part file is either invalid or not available
WARNING: [Board 49-26] cannot add Board Part xilinx.com:vrk160:part0:1.0 available at C:/AMDDesignTools/2025.2/data/xhub/boards\XilinxBoardStore\boards\Xilinx\vrk160\1.0\board.xml as part xcvr1602-vsva2488-2mp-e-s-es1 specified in board_part file is either invalid or not available
WARNING: [Board 49-26] cannot add Board Part xilinx.com:vrk160:part0:1.1 available at C:/AMDDesignTools/2025.2/data/xhub/boards\XilinxBoardStore\boards\Xilinx\vrk160\1.1\board.xml as part xcvr1602-vsva2488-2mp-e-s-es1 specified in board_part file is either invalid or not available
WARNING: [Board 49-26] cannot add Board Part xilinx.com:zc702:part0:1.4 available at C:/AMDDesignTools/2025.2/data/xhub/boards\XilinxBoardStore\boards\Xilinx\zc702\1.4\board.xml as part xc7z020clg484-1 specified in board_part file is either invalid or not available
WARNING: [Board 49-26] cannot add Board Part xilinx.com:zc706:part0:1.4 available at C:/AMDDesignTools/2025.2/data/xhub/boards\XilinxBoardStore\boards\Xilinx\zc706\1.4\board.xml as part xc7z045ffg900-2 specified in board_part file is either invalid or not available
WARNING: [Board 49-26] cannot add Board Part xilinx.com:zc706:part0:1.5 available at C:/AMDDesignTools/2025.2/data/xhub/boards\XilinxBoardStore\boards\Xilinx\zc706\1.5\board.xml as part xc7z045ffg900-2 specified in board_part file is either invalid or not available
WARNING: [Board 49-26] cannot add Board Part xilinx.com:zcu102:part0:3.3 available at C:/AMDDesignTools/2025.2/data/xhub/boards\XilinxBoardStore\boards\Xilinx\zcu102\3.3\board.xml as part xczu9eg-ffvb1156-2-e specified in board_part file is either invalid or not available
WARNING: [Board 49-26] cannot add Board Part xilinx.com:zcu102:part0:3.4 available at C:/AMDDesignTools/2025.2/data/xhub/boards\XilinxBoardStore\boards\Xilinx\zcu102\3.4\board.xml as part xczu9eg-ffvb1156-2-e specified in board_part file is either invalid or not available
WARNING: [Board 49-26] cannot add Board Part xilinx.com:zcu104:part0:1.1 available at C:/AMDDesignTools/2025.2/data/xhub/boards\XilinxBoardStore\boards\Xilinx\zcu104\1.1\board.xml as part xczu7ev-ffvc1156-2-e specified in board_part file is either invalid or not available
WARNING: [Board 49-26] cannot add Board Part xilinx.com:zcu106:part0:2.4 available at C:/AMDDesignTools/2025.2/data/xhub/boards\XilinxBoardStore\boards\Xilinx\zcu106\2.4\board.xml as part xczu7ev-ffvc1156-2-e specified in board_part file is either invalid or not available
WARNING: [Board 49-26] cannot add Board Part xilinx.com:zcu106:part0:2.5 available at C:/AMDDesignTools/2025.2/data/xhub/boards\XilinxBoardStore\boards\Xilinx\zcu106\2.5\board.xml as part xczu7ev-ffvc1156-2-e specified in board_part file is either invalid or not available
WARNING: [Board 49-26] cannot add Board Part xilinx.com:zcu106:part0:2.6 available at C:/AMDDesignTools/2025.2/data/xhub/boards\XilinxBoardStore\boards\Xilinx\zcu106\2.6\board.xml as part xczu7ev-ffvc1156-2-e specified in board_part file is either invalid or not available
WARNING: [Board 49-26] cannot add Board Part xilinx.com:zcu111:part0:1.2 available at C:/AMDDesignTools/2025.2/data/xhub/boards\XilinxBoardStore\boards\Xilinx\zcu111\1.2\board.xml as part xczu28dr-ffvg1517-2-e specified in board_part file is either invalid or not available
WARNING: [Board 49-26] cannot add Board Part xilinx.com:zcu111:part0:1.3 available at C:/AMDDesignTools/2025.2/data/xhub/boards\XilinxBoardStore\boards\Xilinx\zcu111\1.3\board.xml as part xczu28dr-ffvg1517-2-e specified in board_part file is either invalid or not available
WARNING: [Board 49-26] cannot add Board Part xilinx.com:zcu111:part0:1.4 available at C:/AMDDesignTools/2025.2/data/xhub/boards\XilinxBoardStore\boards\Xilinx\zcu111\1.4\board.xml as part xczu28dr-ffvg1517-2-e specified in board_part file is either invalid or not available
WARNING: [Board 49-26] cannot add Board Part xilinx.com:zcu1275:part0:1.0 available at C:/AMDDesignTools/2025.2/data/xhub/boards\XilinxBoardStore\boards\Xilinx\zcu1275\1.0\board.xml as part xczu29dr-ffvf1760-2-e specified in board_part file is either invalid or not available
WARNING: [Board 49-26] cannot add Board Part xilinx.com:zcu1285:part0:1.0 available at C:/AMDDesignTools/2025.2/data/xhub/boards\XilinxBoardStore\boards\Xilinx\zcu1285\1.0\board.xml as part xczu39dr-ffvf1760-2-i specified in board_part file is either invalid or not available
WARNING: [Board 49-26] cannot add Board Part xilinx.com:zcu208:part0:2.0 available at C:/AMDDesignTools/2025.2/data/xhub/boards\XilinxBoardStore\boards\Xilinx\zcu208\production\2.0\board.xml as part xczu48dr-fsvg1517-2-e specified in board_part file is either invalid or not available
WARNING: [Board 49-26] cannot add Board Part xilinx.com:zcu208ld:part0:2.0 available at C:/AMDDesignTools/2025.2/data/xhub/boards\XilinxBoardStore\boards\Xilinx\zcu208ld\production\2.0\board.xml as part xczu58dr-fsvg1517-2-i specified in board_part file is either invalid or not available
WARNING: [Board 49-26] cannot add Board Part xilinx.com:zcu216:part0:2.0 available at C:/AMDDesignTools/2025.2/data/xhub/boards\XilinxBoardStore\boards\Xilinx\zcu216\production\2.0\board.xml as part xczu49dr-ffvf1760-2-e specified in board_part file is either invalid or not available
WARNING: [Board 49-26] cannot add Board Part xilinx.com:zcu216ld:part0:2.0 available at C:/AMDDesignTools/2025.2/data/xhub/boards\XilinxBoardStore\boards\Xilinx\zcu216ld\production\2.0\board.xml as part xczu59dr-ffvf1760-2-i specified in board_part file is either invalid or not available
WARNING: [Board 49-26] cannot add Board Part xilinx.com:zcu670:part0:2.0 available at C:/AMDDesignTools/2025.2/data/xhub/boards\XilinxBoardStore\boards\Xilinx\zcu670\2.0\board.xml as part xczu67dr-fsve1156-2-i specified in board_part file is either invalid or not available
WARNING: [Board 49-26] cannot add Board Part xilinx.com:zcu670ld:part0:1.0 available at C:/AMDDesignTools/2025.2/data/xhub/boards\XilinxBoardStore\boards\Xilinx\zcu670ld\1.0\board.xml as part xczu57dr-fsve1156-2-i specified in board_part file is either invalid or not available
Scanning sources...
Finished scanning sources
WARNING: [Board 49-26] cannot add Board Part xilinx.com:emb-plus-vpr-4616:part0:1.0 available at C:/AMDDesignTools/2025.2/data/xhub/boards\XilinxBoardStore\boards\Xilinx\emb-plus-vpr-4616\1.0\board.xml as part xcve2302-sfva784-2mp-e-s specified in board_part file is either invalid or not available
WARNING: [Board 49-26] cannot add Board Part xilinx.com:emb-plus-vpr-4616:part0:1.1 available at C:/AMDDesignTools/2025.2/data/xhub/boards\XilinxBoardStore\boards\Xilinx\emb-plus-vpr-4616\1.1\board.xml as part xcve2302-sfva784-2mp-e-s specified in board_part file is either invalid or not available
WARNING: [Board 49-26] cannot add Board Part xilinx.com:k24c:part0:1.0 available at C:/AMDDesignTools/2025.2/data/xhub/boards\XilinxBoardStore\boards\Xilinx\k24c\1.0\board.xml as part xck24-ubva530-2lv-c specified in board_part file is either invalid or not available
INFO: [Common 17-14] Message 'Board 49-26' appears 100 times and further instances of the messages will be disabled. Use the Tcl command set_msg_config to change the current settings.
WARNING: [Project 1-5713] Board part '' set for the project  is not found. BoardPart property will be unset. Please select board from latest repo build 
INFO: [IP_Flow 19-234] Refreshing IP repositories
WARNING: [IP_Flow 19-3685] Ignored loading user repository 'c:/Users/gattous/Vivado_Workspace/litefury_pcie_daq_2/ip_repo/axi_csr_3_0'. The path is contained within another repository.
INFO: [IP_Flow 19-1700] Loaded user IP repository 'c:/Users/gattous/Vivado_Workspace/ip_repo/axi_csr_3_0'.
INFO: [IP_Flow 19-1700] Loaded user IP repository 'c:/Users/gattous/Vivado_Workspace/litefury_pcie_daq_2/ip_repo'.
INFO: [IP_Flow 19-2313] Loaded Vivado IP repository 'C:/AMDDesignTools/2025.2/Vivado/data/ip'.
WARNING: [IP_Flow 19-1663] Duplicate IP found for 'xilinx.com:user:axi_csr:3.0'. The one found in IP location 'c:/Users/gattous/Vivado_Workspace/ip_repo/axi_csr_3_0' will take precedence over the same IP in location c:/Users/gattous/Vivado_Workspace/litefury_pcie_daq_2/ip_repo/axi_csr_3_0
open_project: Time (s): cpu = 00:00:20 ; elapsed = 00:00:11 . Memory (MB): peak = 1639.789 ; gain = 264.211
update_compile_order -fileset sources_1
WARNING: [filemgmt 56-199] Attempt to get parsing info during refresh. "On-the-fly" syntax checking information may be incorrect. [C:\Users\gattous\Vivado_Workspace\litefury_pcie_daq_2\ip_repo\axi_csr_3_0\src\CSR_V3_0_tb.vhd:]
WARNING: [filemgmt 56-199] Attempt to get parsing info during refresh. "On-the-fly" syntax checking information may be incorrect. [C:\Users\gattous\Vivado_Workspace\litefury_pcie_daq_2\ip_repo\axi_csr_3_0\hdl\axi_csr_v3_0.vhd:]
WARNING: [filemgmt 56-199] Attempt to get parsing info during refresh. "On-the-fly" syntax checking information may be incorrect. [C:\Users\gattous\Vivado_Workspace\litefury_pcie_daq_2\ip_repo\axi_csr_3_0\src\CSR_V3_0_tb.vhd:]
WARNING: [filemgmt 56-199] Attempt to get parsing info during refresh. "On-the-fly" syntax checking information may be incorrect. [C:\Users\gattous\Vivado_Workspace\litefury_pcie_daq_2\ip_repo\axi_csr_3_0\src\CSR_V3_0_tb.vhd:]
ERROR: [Common 17-180] Spawn failed: Der Vorgang wurde erfolgreich beendet.

update_compile_order -fileset sim_1
WARNING: [filemgmt 56-199] Attempt to get parsing info during refresh. "On-the-fly" syntax checking information may be incorrect. [C:\Users\gattous\Vivado_Workspace\litefury_pcie_daq_2\ip_repo\axi_csr_3_0\src\CSR_V3_0_tb.vhd:]
WARNING: [filemgmt 56-199] Attempt to get parsing info during refresh. "On-the-fly" syntax checking information may be incorrect. [C:\Users\gattous\Vivado_Workspace\litefury_pcie_daq_2\ip_repo\axi_csr_3_0\hdl\axi_csr_v3_0.vhd:]
WARNING: [filemgmt 56-199] Attempt to get parsing info during refresh. "On-the-fly" syntax checking information may be incorrect. [C:\Users\gattous\Vivado_Workspace\litefury_pcie_daq_2\ip_repo\axi_csr_3_0\src\CSR_V3_0_tb.vhd:]
WARNING: [filemgmt 56-199] Attempt to get parsing info during refresh. "On-the-fly" syntax checking information may be incorrect. [C:\Users\gattous\Vivado_Workspace\litefury_pcie_daq_2\ip_repo\axi_csr_3_0\src\CSR_V3_0_tb.vhd:]
ERROR: [Common 17-180] Spawn failed: Der Vorgang wurde erfolgreich beendet.

update_compile_order -fileset sim_1
WARNING: [filemgmt 56-199] Attempt to get parsing info during refresh. "On-the-fly" syntax checking information may be incorrect. [C:\Users\gattous\Vivado_Workspace\litefury_pcie_daq_2\ip_repo\axi_csr_3_0\src\CSR_V3_0_tb.vhd:]
WARNING: [filemgmt 56-199] Attempt to get parsing info during refresh. "On-the-fly" syntax checking information may be incorrect. [C:\Users\gattous\Vivado_Workspace\litefury_pcie_daq_2\ip_repo\axi_csr_3_0\hdl\axi_csr_v3_0.vhd:]
WARNING: [filemgmt 56-199] Attempt to get parsing info during refresh. "On-the-fly" syntax checking information may be incorrect. [C:\Users\gattous\Vivado_Workspace\litefury_pcie_daq_2\ip_repo\axi_csr_3_0\hdl\axi_csr_v3_0.vhd:]
WARNING: [filemgmt 56-199] Attempt to get parsing info during refresh. "On-the-fly" syntax checking information may be incorrect. [C:\Users\gattous\Vivado_Workspace\litefury_pcie_daq_2\ip_repo\axi_csr_3_0\hdl\axi_csr_v3_0.vhd:]
WARNING: [filemgmt 56-199] Attempt to get parsing info during refresh. "On-the-fly" syntax checking information may be incorrect. [C:\Users\gattous\Vivado_Workspace\litefury_pcie_daq_2\ip_repo\axi_csr_3_0\src\CSR_V3_0_tb.vhd:]
WARNING: [filemgmt 56-199] Attempt to get parsing info during refresh. "On-the-fly" syntax checking information may be incorrect. [C:\Users\gattous\Vivado_Workspace\litefury_pcie_daq_2\ip_repo\axi_csr_3_0\hdl\axi_csr_v3_0.vhd:]
WARNING: [filemgmt 56-199] Attempt to get parsing info during refresh. "On-the-fly" syntax checking information may be incorrect. [C:\Users\gattous\Vivado_Workspace\litefury_pcie_daq_2\ip_repo\axi_csr_3_0\hdl\axi_csr_v3_0.vhd:]
WARNING: [filemgmt 56-199] Attempt to get parsing info during refresh. "On-the-fly" syntax checking information may be incorrect. [C:\Users\gattous\Vivado_Workspace\litefury_pcie_daq_2\ip_repo\axi_csr_3_0\hdl\axi_csr_v3_0.vhd:]
WARNING: [filemgmt 56-199] Attempt to get parsing info during refresh. "On-the-fly" syntax checking information may be incorrect. [C:\Users\gattous\Vivado_Workspace\litefury_pcie_daq_2\ip_repo\axi_csr_3_0\src\CSR_V3_0_tb.vhd:]
WARNING: [filemgmt 56-199] Attempt to get parsing info during refresh. "On-the-fly" syntax checking information may be incorrect. [C:\Users\gattous\Vivado_Workspace\litefury_pcie_daq_2\ip_repo\axi_csr_3_0\hdl\axi_csr_v3_0.vhd:]
WARNING: [filemgmt 56-199] Attempt to get parsing info during refresh. "On-the-fly" syntax checking information may be incorrect. [C:\Users\gattous\Vivado_Workspace\litefury_pcie_daq_2\ip_repo\axi_csr_3_0\hdl\axi_csr_v3_0.vhd:]
WARNING: [filemgmt 56-199] Attempt to get parsing info during refresh. "On-the-fly" syntax checking information may be incorrect. [C:\Users\gattous\Vivado_Workspace\litefury_pcie_daq_2\ip_repo\axi_csr_3_0\hdl\axi_csr_v3_0.vhd:]
WARNING: [filemgmt 56-199] Attempt to get parsing info during refresh. "On-the-fly" syntax checking information may be incorrect. [C:\Users\gattous\Vivado_Workspace\litefury_pcie_daq_2\ip_repo\axi_csr_3_0\src\CSR_V3_0_tb.vhd:]
WARNING: [filemgmt 56-199] Attempt to get parsing info during refresh. "On-the-fly" syntax checking information may be incorrect. [C:\Users\gattous\Vivado_Workspace\litefury_pcie_daq_2\ip_repo\axi_csr_3_0\hdl\axi_csr_v3_0.vhd:]
WARNING: [filemgmt 56-199] Attempt to get parsing info during refresh. "On-the-fly" syntax checking information may be incorrect. [C:\Users\gattous\Vivado_Workspace\litefury_pcie_daq_2\ip_repo\axi_csr_3_0\hdl\axi_csr_v3_0.vhd:]
WARNING: [filemgmt 56-199] Attempt to get parsing info during refresh. "On-the-fly" syntax checking information may be incorrect. [C:\Users\gattous\Vivado_Workspace\litefury_pcie_daq_2\ip_repo\axi_csr_3_0\hdl\axi_csr_v3_0.vhd:]
WARNING: [filemgmt 56-199] Attempt to get parsing info during refresh. "On-the-fly" syntax checking information may be incorrect. [C:\Users\gattous\Vivado_Workspace\litefury_pcie_daq_2\ip_repo\axi_csr_3_0\src\CSR_V3_0_tb.vhd:]
WARNING: [filemgmt 56-199] Attempt to get parsing info during refresh. "On-the-fly" syntax checking information may be incorrect. [C:\Users\gattous\Vivado_Workspace\litefury_pcie_daq_2\ip_repo\axi_csr_3_0\hdl\axi_csr_v3_0.vhd:]
WARNING: [filemgmt 56-199] Attempt to get parsing info during refresh. "On-the-fly" syntax checking information may be incorrect. [C:\Users\gattous\Vivado_Workspace\litefury_pcie_daq_2\ip_repo\axi_csr_3_0\hdl\axi_csr_v3_0.vhd:]
WARNING: [filemgmt 56-199] Attempt to get parsing info during refresh. "On-the-fly" syntax checking information may be incorrect. [C:\Users\gattous\Vivado_Workspace\litefury_pcie_daq_2\ip_repo\axi_csr_3_0\hdl\axi_csr_v3_0.vhd:]
WARNING: [filemgmt 56-199] Attempt to get parsing info during refresh. "On-the-fly" syntax checking information may be incorrect. [C:\Users\gattous\Vivado_Workspace\litefury_pcie_daq_2\ip_repo\axi_csr_3_0\src\CSR_V3_0_tb.vhd:]
WARNING: [filemgmt 56-199] Attempt to get parsing info during refresh. "On-the-fly" syntax checking information may be incorrect. [C:\Users\gattous\Vivado_Workspace\litefury_pcie_daq_2\ip_repo\axi_csr_3_0\hdl\axi_csr_v3_0.vhd:]
WARNING: [filemgmt 56-199] Attempt to get parsing info during refresh. "On-the-fly" syntax checking information may be incorrect. [C:\Users\gattous\Vivado_Workspace\litefury_pcie_daq_2\ip_repo\axi_csr_3_0\hdl\axi_csr_v3_0.vhd:]
WARNING: [filemgmt 56-199] Attempt to get parsing info during refresh. "On-the-fly" syntax checking information may be incorrect. [C:\Users\gattous\Vivado_Workspace\litefury_pcie_daq_2\ip_repo\axi_csr_3_0\hdl\axi_csr_v3_0.vhd:]
WARNING: [filemgmt 56-199] Attempt to get parsing info during refresh. "On-the-fly" syntax checking information may be incorrect. [C:\Users\gattous\Vivado_Workspace\litefury_pcie_daq_2\ip_repo\axi_csr_3_0\src\CSR_V3_0_tb.vhd:]
WARNING: [filemgmt 56-199] Attempt to get parsing info during refresh. "On-the-fly" syntax checking information may be incorrect. [C:\Users\gattous\Vivado_Workspace\litefury_pcie_daq_2\ip_repo\axi_csr_3_0\hdl\axi_csr_v3_0.vhd:]
WARNING: [filemgmt 56-199] Attempt to get parsing info during refresh. "On-the-fly" syntax checking information may be incorrect. [C:\Users\gattous\Vivado_Workspace\litefury_pcie_daq_2\ip_repo\axi_csr_3_0\src\CSR_V3_0_tb.vhd:]
WARNING: [filemgmt 56-199] Attempt to get parsing info during refresh. "On-the-fly" syntax checking information may be incorrect. [C:\Users\gattous\Vivado_Workspace\litefury_pcie_daq_2\ip_repo\axi_csr_3_0\src\CSR_V3_0_tb.vhd:]
ERROR: [Common 17-180] Spawn failed: Der Vorgang wurde erfolgreich beendet.

WARNING: [filemgmt 56-199] Attempt to get parsing info during refresh. "On-the-fly" syntax checking information may be incorrect. [C:\Users\gattous\Vivado_Workspace\litefury_pcie_daq_2\ip_repo\axi_csr_3_0\src\CSR_V3_0_tb.vhd:]
WARNING: [filemgmt 56-199] Attempt to get parsing info during refresh. "On-the-fly" syntax checking information may be incorrect. [C:\Users\gattous\Vivado_Workspace\litefury_pcie_daq_2\ip_repo\axi_csr_3_0\hdl\axi_csr_v3_0.vhd:]
WARNING: [filemgmt 56-199] Attempt to get parsing info during refresh. "On-the-fly" syntax checking information may be incorrect. [C:\Users\gattous\Vivado_Workspace\litefury_pcie_daq_2\ip_repo\axi_csr_3_0\src\CSR_V3_0_tb.vhd:]
WARNING: [filemgmt 56-199] Attempt to get parsing info during refresh. "On-the-fly" syntax checking information may be incorrect. [C:\Users\gattous\Vivado_Workspace\litefury_pcie_daq_2\ip_repo\axi_csr_3_0\src\CSR_V3_0_tb.vhd:]
ERROR: [Common 17-180] Spawn failed: Der Vorgang wurde erfolgreich beendet.

WARNING: [filemgmt 56-199] Attempt to get parsing info during refresh. "On-the-fly" syntax checking information may be incorrect. [C:\Users\gattous\Vivado_Workspace\litefury_pcie_daq_2\ip_repo\axi_csr_3_0\src\CSR_V3_0_tb.vhd:]
WARNING: [filemgmt 56-199] Attempt to get parsing info during refresh. "On-the-fly" syntax checking information may be incorrect. [C:\Users\gattous\Vivado_Workspace\litefury_pcie_daq_2\ip_repo\axi_csr_3_0\hdl\axi_csr_v3_0.vhd:]
WARNING: [filemgmt 56-199] Attempt to get parsing info during refresh. "On-the-fly" syntax checking information may be incorrect. [C:\Users\gattous\Vivado_Workspace\litefury_pcie_daq_2\ip_repo\axi_csr_3_0\hdl\axi_csr_v3_0.vhd:]
WARNING: [filemgmt 56-199] Attempt to get parsing info during refresh. "On-the-fly" syntax checking information may be incorrect. [C:\Users\gattous\Vivado_Workspace\litefury_pcie_daq_2\ip_repo\axi_csr_3_0\hdl\axi_csr_v3_0.vhd:]
WARNING: [filemgmt 56-199] Attempt to get parsing info during refresh. "On-the-fly" syntax checking information may be incorrect. [C:\Users\gattous\Vivado_Workspace\litefury_pcie_daq_2\ip_repo\axi_csr_3_0\src\CSR_V3_0_tb.vhd:]
WARNING: [filemgmt 56-199] Attempt to get parsing info during refresh. "On-the-fly" syntax checking information may be incorrect. [C:\Users\gattous\Vivado_Workspace\litefury_pcie_daq_2\ip_repo\axi_csr_3_0\hdl\axi_csr_v3_0.vhd:]
WARNING: [filemgmt 56-199] Attempt to get parsing info during refresh. "On-the-fly" syntax checking information may be incorrect. [C:\Users\gattous\Vivado_Workspace\litefury_pcie_daq_2\ip_repo\axi_csr_3_0\hdl\axi_csr_v3_0.vhd:]
WARNING: [filemgmt 56-199] Attempt to get parsing info during refresh. "On-the-fly" syntax checking information may be incorrect. [C:\Users\gattous\Vivado_Workspace\litefury_pcie_daq_2\ip_repo\axi_csr_3_0\hdl\axi_csr_v3_0.vhd:]
WARNING: [filemgmt 56-199] Attempt to get parsing info during refresh. "On-the-fly" syntax checking information may be incorrect. [C:\Users\gattous\Vivado_Workspace\litefury_pcie_daq_2\ip_repo\axi_csr_3_0\src\CSR_V3_0_tb.vhd:]
WARNING: [filemgmt 56-199] Attempt to get parsing info during refresh. "On-the-fly" syntax checking information may be incorrect. [C:\Users\gattous\Vivado_Workspace\litefury_pcie_daq_2\ip_repo\axi_csr_3_0\hdl\axi_csr_v3_0.vhd:]
WARNING: [filemgmt 56-199] Attempt to get parsing info during refresh. "On-the-fly" syntax checking information may be incorrect. [C:\Users\gattous\Vivado_Workspace\litefury_pcie_daq_2\ip_repo\axi_csr_3_0\src\CSR_V3_0_tb.vhd:]
WARNING: [filemgmt 56-199] Attempt to get parsing info during refresh. "On-the-fly" syntax checking information may be incorrect. [C:\Users\gattous\Vivado_Workspace\litefury_pcie_daq_2\ip_repo\axi_csr_3_0\src\CSR_V3_0_tb.vhd:]
ERROR: [Common 17-180] Spawn failed: Der Vorgang wurde erfolgreich beendet.

WARNING: [filemgmt 56-199] Attempt to get parsing info during refresh. "On-the-fly" syntax checking information may be incorrect. [C:\Users\gattous\Vivado_Workspace\litefury_pcie_daq_2\ip_repo\axi_csr_3_0\src\CSR_V3_0_tb.vhd:]
WARNING: [filemgmt 56-199] Attempt to get parsing info during refresh. "On-the-fly" syntax checking information may be incorrect. [C:\Users\gattous\Vivado_Workspace\litefury_pcie_daq_2\ip_repo\axi_csr_3_0\hdl\axi_csr_v3_0.vhd:]
WARNING: [filemgmt 56-199] Attempt to get parsing info during refresh. "On-the-fly" syntax checking information may be incorrect. [C:\Users\gattous\Vivado_Workspace\litefury_pcie_daq_2\ip_repo\axi_csr_3_0\src\CSR_V3_0_tb.vhd:]
WARNING: [filemgmt 56-199] Attempt to get parsing info during refresh. "On-the-fly" syntax checking information may be incorrect. [C:\Users\gattous\Vivado_Workspace\litefury_pcie_daq_2\ip_repo\axi_csr_3_0\src\CSR_V3_0_tb.vhd:]
ERROR: [Common 17-180] Spawn failed: Der Vorgang wurde erfolgreich beendet.

WARNING: [filemgmt 56-199] Attempt to get parsing info during refresh. "On-the-fly" syntax checking information may be incorrect. [C:\Users\gattous\Vivado_Workspace\litefury_pcie_daq_2\ip_repo\axi_csr_3_0\src\CSR_V3_0_tb.vhd:]
WARNING: [filemgmt 56-199] Attempt to get parsing info during refresh. "On-the-fly" syntax checking information may be incorrect. [C:\Users\gattous\Vivado_Workspace\litefury_pcie_daq_2\ip_repo\axi_csr_3_0\hdl\axi_csr_v3_0.vhd:]
WARNING: [filemgmt 56-199] Attempt to get parsing info during refresh. "On-the-fly" syntax checking information may be incorrect. [C:\Users\gattous\Vivado_Workspace\litefury_pcie_daq_2\ip_repo\axi_csr_3_0\hdl\axi_csr_v3_0.vhd:]
WARNING: [filemgmt 56-199] Attempt to get parsing info during refresh. "On-the-fly" syntax checking information may be incorrect. [C:\Users\gattous\Vivado_Workspace\litefury_pcie_daq_2\ip_repo\axi_csr_3_0\hdl\axi_csr_v3_0.vhd:]
update_compile_order -fileset sim_1
WARNING: [filemgmt 56-199] Attempt to get parsing info during refresh. "On-the-fly" syntax checking information may be incorrect. [C:\Users\gattous\Vivado_Workspace\litefury_pcie_daq_2\ip_repo\axi_csr_3_0\src\CSR_V3_0_tb.vhd:]
WARNING: [filemgmt 56-199] Attempt to get parsing info during refresh. "On-the-fly" syntax checking information may be incorrect. [C:\Users\gattous\Vivado_Workspace\litefury_pcie_daq_2\ip_repo\axi_csr_3_0\hdl\axi_csr_v3_0.vhd:]
WARNING: [filemgmt 56-199] Attempt to get parsing info during refresh. "On-the-fly" syntax checking information may be incorrect. [C:\Users\gattous\Vivado_Workspace\litefury_pcie_daq_2\ip_repo\axi_csr_3_0\src\CSR_V3_0_tb.vhd:]
WARNING: [filemgmt 56-199] Attempt to get parsing info during refresh. "On-the-fly" syntax checking information may be incorrect. [C:\Users\gattous\Vivado_Workspace\litefury_pcie_daq_2\ip_repo\axi_csr_3_0\src\CSR_V3_0_tb.vhd:]
ERROR: [Common 17-180] Spawn failed: Der Vorgang wurde erfolgreich beendet.

WARNING: [filemgmt 56-199] Attempt to get parsing info during refresh. "On-the-fly" syntax checking information may be incorrect. [C:\Users\gattous\Vivado_Workspace\litefury_pcie_daq_2\ip_repo\axi_csr_3_0\src\CSR_V3_0_tb.vhd:]
WARNING: [filemgmt 56-199] Attempt to get parsing info during refresh. "On-the-fly" syntax checking information may be incorrect. [C:\Users\gattous\Vivado_Workspace\litefury_pcie_daq_2\ip_repo\axi_csr_3_0\hdl\axi_csr_v3_0.vhd:]
WARNING: [filemgmt 56-199] Attempt to get parsing info during refresh. "On-the-fly" syntax checking information may be incorrect. [C:\Users\gattous\Vivado_Workspace\litefury_pcie_daq_2\ip_repo\axi_csr_3_0\src\CSR_V3_0_tb.vhd:]
WARNING: [filemgmt 56-199] Attempt to get parsing info during refresh. "On-the-fly" syntax checking information may be incorrect. [C:\Users\gattous\Vivado_Workspace\litefury_pcie_daq_2\ip_repo\axi_csr_3_0\src\CSR_V3_0_tb.vhd:]
ERROR: [Common 17-180] Spawn failed: Der Vorgang wurde erfolgreich beendet.

WARNING: [filemgmt 56-199] Attempt to get parsing info during refresh. "On-the-fly" syntax checking information may be incorrect. [C:\Users\gattous\Vivado_Workspace\litefury_pcie_daq_2\ip_repo\axi_csr_3_0\src\CSR_V3_0_tb.vhd:]
WARNING: [filemgmt 56-199] Attempt to get parsing info during refresh. "On-the-fly" syntax checking information may be incorrect. [C:\Users\gattous\Vivado_Workspace\litefury_pcie_daq_2\ip_repo\axi_csr_3_0\hdl\axi_csr_v3_0.vhd:]
WARNING: [filemgmt 56-199] Attempt to get parsing info during refresh. "On-the-fly" syntax checking information may be incorrect. [C:\Users\gattous\Vivado_Workspace\litefury_pcie_daq_2\ip_repo\axi_csr_3_0\src\CSR_V3_0_tb.vhd:]
WARNING: [filemgmt 56-199] Attempt to get parsing info during refresh. "On-the-fly" syntax checking information may be incorrect. [C:\Users\gattous\Vivado_Workspace\litefury_pcie_daq_2\ip_repo\axi_csr_3_0\src\CSR_V3_0_tb.vhd:]
ERROR: [Common 17-180] Spawn failed: Der Vorgang wurde erfolgreich beendet.

WARNING: [filemgmt 56-199] Attempt to get parsing info during refresh. "On-the-fly" syntax checking information may be incorrect. [C:\Users\gattous\Vivado_Workspace\litefury_pcie_daq_2\ip_repo\axi_csr_3_0\src\CSR_V3_0_tb.vhd:]
WARNING: [filemgmt 56-199] Attempt to get parsing info during refresh. "On-the-fly" syntax checking information may be incorrect. [C:\Users\gattous\Vivado_Workspace\litefury_pcie_daq_2\ip_repo\axi_csr_3_0\hdl\axi_csr_v3_0.vhd:]
WARNING: [filemgmt 56-199] Attempt to get parsing info during refresh. "On-the-fly" syntax checking information may be incorrect. [C:\Users\gattous\Vivado_Workspace\litefury_pcie_daq_2\ip_repo\axi_csr_3_0\hdl\axi_csr_v3_0.vhd:]
WARNING: [filemgmt 56-199] Attempt to get parsing info during refresh. "On-the-fly" syntax checking information may be incorrect. [C:\Users\gattous\Vivado_Workspace\litefury_pcie_daq_2\ip_repo\axi_csr_3_0\hdl\axi_csr_v3_0.vhd:]
WARNING: [filemgmt 56-199] Attempt to get parsing info during refresh. "On-the-fly" syntax checking information may be incorrect. [C:\Users\gattous\Vivado_Workspace\litefury_pcie_daq_2\ip_repo\axi_csr_3_0\src\CSR_V3_0_tb.vhd:]
WARNING: [filemgmt 56-199] Attempt to get parsing info during refresh. "On-the-fly" syntax checking information may be incorrect. [C:\Users\gattous\Vivado_Workspace\litefury_pcie_daq_2\ip_repo\axi_csr_3_0\hdl\axi_csr_v3_0.vhd:]
WARNING: [filemgmt 56-199] Attempt to get parsing info during refresh. "On-the-fly" syntax checking information may be incorrect. [C:\Users\gattous\Vivado_Workspace\litefury_pcie_daq_2\ip_repo\axi_csr_3_0\src\CSR_V3_0_tb.vhd:]
WARNING: [filemgmt 56-199] Attempt to get parsing info during refresh. "On-the-fly" syntax checking information may be incorrect. [C:\Users\gattous\Vivado_Workspace\litefury_pcie_daq_2\ip_repo\axi_csr_3_0\src\CSR_V3_0_tb.vhd:]
ERROR: [Common 17-180] Spawn failed: Der Vorgang wurde erfolgreich beendet.

WARNING: [filemgmt 56-199] Attempt to get parsing info during refresh. "On-the-fly" syntax checking information may be incorrect. [C:\Users\gattous\Vivado_Workspace\litefury_pcie_daq_2\ip_repo\axi_csr_3_0\src\CSR_V3_0_tb.vhd:]
WARNING: [filemgmt 56-199] Attempt to get parsing info during refresh. "On-the-fly" syntax checking information may be incorrect. [C:\Users\gattous\Vivado_Workspace\litefury_pcie_daq_2\ip_repo\axi_csr_3_0\hdl\axi_csr_v3_0.vhd:]
WARNING: [filemgmt 56-199] Attempt to get parsing info during refresh. "On-the-fly" syntax checking information may be incorrect. [C:\Users\gattous\Vivado_Workspace\litefury_pcie_daq_2\ip_repo\axi_csr_3_0\hdl\axi_csr_v3_0.vhd:]
WARNING: [filemgmt 56-199] Attempt to get parsing info during refresh. "On-the-fly" syntax checking information may be incorrect. [C:\Users\gattous\Vivado_Workspace\litefury_pcie_daq_2\ip_repo\axi_csr_3_0\hdl\axi_csr_v3_0.vhd:]
WARNING: [filemgmt 56-199] Attempt to get parsing info during refresh. "On-the-fly" syntax checking information may be incorrect. [C:\Users\gattous\Vivado_Workspace\litefury_pcie_daq_2\ip_repo\axi_csr_3_0\src\CSR_V3_0_tb.vhd:]
WARNING: [filemgmt 56-199] Attempt to get parsing info during refresh. "On-the-fly" syntax checking information may be incorrect. [C:\Users\gattous\Vivado_Workspace\litefury_pcie_daq_2\ip_repo\axi_csr_3_0\hdl\axi_csr_v3_0.vhd:]
WARNING: [filemgmt 56-199] Attempt to get parsing info during refresh. "On-the-fly" syntax checking information may be incorrect. [C:\Users\gattous\Vivado_Workspace\litefury_pcie_daq_2\ip_repo\axi_csr_3_0\src\CSR_V3_0_tb.vhd:]
WARNING: [filemgmt 56-199] Attempt to get parsing info during refresh. "On-the-fly" syntax checking information may be incorrect. [C:\Users\gattous\Vivado_Workspace\litefury_pcie_daq_2\ip_repo\axi_csr_3_0\src\CSR_V3_0_tb.vhd:]
ERROR: [Common 17-180] Spawn failed: Der Vorgang wurde erfolgreich beendet.

WARNING: [filemgmt 56-199] Attempt to get parsing info during refresh. "On-the-fly" syntax checking information may be incorrect. [C:\Users\gattous\Vivado_Workspace\litefury_pcie_daq_2\ip_repo\axi_csr_3_0\src\CSR_V3_0_tb.vhd:]
WARNING: [filemgmt 56-199] Attempt to get parsing info during refresh. "On-the-fly" syntax checking information may be incorrect. [C:\Users\gattous\Vivado_Workspace\litefury_pcie_daq_2\ip_repo\axi_csr_3_0\hdl\axi_csr_v3_0.vhd:]
WARNING: [filemgmt 56-199] Attempt to get parsing info during refresh. "On-the-fly" syntax checking information may be incorrect. [C:\Users\gattous\Vivado_Workspace\litefury_pcie_daq_2\ip_repo\axi_csr_3_0\src\CSR_V3_0_tb.vhd:]
WARNING: [filemgmt 56-199] Attempt to get parsing info during refresh. "On-the-fly" syntax checking information may be incorrect. [C:\Users\gattous\Vivado_Workspace\litefury_pcie_daq_2\ip_repo\axi_csr_3_0\src\CSR_V3_0_tb.vhd:]
ERROR: [Common 17-180] Spawn failed: Der Vorgang wurde erfolgreich beendet.

WARNING: [filemgmt 56-199] Attempt to get parsing info during refresh. "On-the-fly" syntax checking information may be incorrect. [C:\Users\gattous\Vivado_Workspace\litefury_pcie_daq_2\ip_repo\axi_csr_3_0\src\CSR_V3_0_tb.vhd:]
WARNING: [filemgmt 56-199] Attempt to get parsing info during refresh. "On-the-fly" syntax checking information may be incorrect. [C:\Users\gattous\Vivado_Workspace\litefury_pcie_daq_2\ip_repo\axi_csr_3_0\hdl\axi_csr_v3_0.vhd:]
WARNING: [filemgmt 56-199] Attempt to get parsing info during refresh. "On-the-fly" syntax checking information may be incorrect. [C:\Users\gattous\Vivado_Workspace\litefury_pcie_daq_2\ip_repo\axi_csr_3_0\src\CSR_V3_0_tb.vhd:]
WARNING: [filemgmt 56-199] Attempt to get parsing info during refresh. "On-the-fly" syntax checking information may be incorrect. [C:\Users\gattous\Vivado_Workspace\litefury_pcie_daq_2\ip_repo\axi_csr_3_0\src\CSR_V3_0_tb.vhd:]
ERROR: [Common 17-180] Spawn failed: Der Vorgang wurde erfolgreich beendet.

WARNING: [filemgmt 56-199] Attempt to get parsing info during refresh. "On-the-fly" syntax checking information may be incorrect. [C:\Users\gattous\Vivado_Workspace\litefury_pcie_daq_2\ip_repo\axi_csr_3_0\src\CSR_V3_0_tb.vhd:]
WARNING: [filemgmt 56-199] Attempt to get parsing info during refresh. "On-the-fly" syntax checking information may be incorrect. [C:\Users\gattous\Vivado_Workspace\litefury_pcie_daq_2\ip_repo\axi_csr_3_0\hdl\axi_csr_v3_0.vhd:]
WARNING: [filemgmt 56-199] Attempt to get parsing info during refresh. "On-the-fly" syntax checking information may be incorrect. [C:\Users\gattous\Vivado_Workspace\litefury_pcie_daq_2\ip_repo\axi_csr_3_0\hdl\axi_csr_v3_0.vhd:]
WARNING: [filemgmt 56-199] Attempt to get parsing info during refresh. "On-the-fly" syntax checking information may be incorrect. [C:\Users\gattous\Vivado_Workspace\litefury_pcie_daq_2\ip_repo\axi_csr_3_0\hdl\axi_csr_v3_0.vhd:]
WARNING: [filemgmt 56-199] Attempt to get parsing info during refresh. "On-the-fly" syntax checking information may be incorrect. [C:\Users\gattous\Vivado_Workspace\litefury_pcie_daq_2\ip_repo\axi_csr_3_0\src\CSR_V3_0_tb.vhd:]
WARNING: [filemgmt 56-199] Attempt to get parsing info during refresh. "On-the-fly" syntax checking information may be incorrect. [C:\Users\gattous\Vivado_Workspace\litefury_pcie_daq_2\ip_repo\axi_csr_3_0\hdl\axi_csr_v3_0.vhd:]
WARNING: [filemgmt 56-199] Attempt to get parsing info during refresh. "On-the-fly" syntax checking information may be incorrect. [C:\Users\gattous\Vivado_Workspace\litefury_pcie_daq_2\ip_repo\axi_csr_3_0\hdl\axi_csr_v3_0.vhd:]
WARNING: [filemgmt 56-199] Attempt to get parsing info during refresh. "On-the-fly" syntax checking information may be incorrect. [C:\Users\gattous\Vivado_Workspace\litefury_pcie_daq_2\ip_repo\axi_csr_3_0\hdl\axi_csr_v3_0.vhd:]
ERROR: [Common 17-180] Spawn failed: Der Vorgang wurde erfolgreich beendet.

WARNING: [filemgmt 56-199] Attempt to get parsing info during refresh. "On-the-fly" syntax checking information may be incorrect. [C:\Users\gattous\Vivado_Workspace\litefury_pcie_daq_2\ip_repo\axi_csr_3_0\src\CSR_V3_0_tb.vhd:]
WARNING: [filemgmt 56-199] Attempt to get parsing info during refresh. "On-the-fly" syntax checking information may be incorrect. [C:\Users\gattous\Vivado_Workspace\litefury_pcie_daq_2\ip_repo\axi_csr_3_0\hdl\axi_csr_v3_0.vhd:]
WARNING: [filemgmt 56-199] Attempt to get parsing info during refresh. "On-the-fly" syntax checking information may be incorrect. [C:\Users\gattous\Vivado_Workspace\litefury_pcie_daq_2\ip_repo\axi_csr_3_0\hdl\axi_csr_v3_0.vhd:]
WARNING: [filemgmt 56-199] Attempt to get parsing info during refresh. "On-the-fly" syntax checking information may be incorrect. [C:\Users\gattous\Vivado_Workspace\litefury_pcie_daq_2\ip_repo\axi_csr_3_0\hdl\axi_csr_v3_0.vhd:]
WARNING: [filemgmt 56-199] Attempt to get parsing info during refresh. "On-the-fly" syntax checking information may be incorrect. [C:\Users\gattous\Vivado_Workspace\litefury_pcie_daq_2\ip_repo\axi_csr_3_0\src\CSR_V3_0_tb.vhd:]
WARNING: [filemgmt 56-199] Attempt to get parsing info during refresh. "On-the-fly" syntax checking information may be incorrect. [C:\Users\gattous\Vivado_Workspace\litefury_pcie_daq_2\ip_repo\axi_csr_3_0\hdl\axi_csr_v3_0.vhd:]
WARNING: [filemgmt 56-199] Attempt to get parsing info during refresh. "On-the-fly" syntax checking information may be incorrect. [C:\Users\gattous\Vivado_Workspace\litefury_pcie_daq_2\ip_repo\axi_csr_3_0\hdl\axi_csr_v3_0.vhd:]
WARNING: [filemgmt 56-199] Attempt to get parsing info during refresh. "On-the-fly" syntax checking information may be incorrect. [C:\Users\gattous\Vivado_Workspace\litefury_pcie_daq_2\ip_repo\axi_csr_3_0\hdl\axi_csr_v3_0.vhd:]
WARNING: [filemgmt 56-199] Attempt to get parsing info during refresh. "On-the-fly" syntax checking information may be incorrect. [C:\Users\gattous\Vivado_Workspace\litefury_pcie_daq_2\ip_repo\axi_csr_3_0\src\CSR_V3_0_tb.vhd:]
WARNING: [filemgmt 56-199] Attempt to get parsing info during refresh. "On-the-fly" syntax checking information may be incorrect. [C:\Users\gattous\Vivado_Workspace\litefury_pcie_daq_2\ip_repo\axi_csr_3_0\hdl\axi_csr_v3_0.vhd:]
WARNING: [filemgmt 56-199] Attempt to get parsing info during refresh. "On-the-fly" syntax checking information may be incorrect. [C:\Users\gattous\Vivado_Workspace\litefury_pcie_daq_2\ip_repo\axi_csr_3_0\hdl\axi_csr_v3_0.vhd:]
WARNING: [filemgmt 56-199] Attempt to get parsing info during refresh. "On-the-fly" syntax checking information may be incorrect. [C:\Users\gattous\Vivado_Workspace\litefury_pcie_daq_2\ip_repo\axi_csr_3_0\hdl\axi_csr_v3_0.vhd:]
WARNING: [filemgmt 56-199] Attempt to get parsing info during refresh. "On-the-fly" syntax checking information may be incorrect. [C:\Users\gattous\Vivado_Workspace\litefury_pcie_daq_2\ip_repo\axi_csr_3_0\src\CSR_V3_0_tb.vhd:]
WARNING: [filemgmt 56-199] Attempt to get parsing info during refresh. "On-the-fly" syntax checking information may be incorrect. [C:\Users\gattous\Vivado_Workspace\litefury_pcie_daq_2\ip_repo\axi_csr_3_0\hdl\axi_csr_v3_0.vhd:]
WARNING: [filemgmt 56-199] Attempt to get parsing info during refresh. "On-the-fly" syntax checking information may be incorrect. [C:\Users\gattous\Vivado_Workspace\litefury_pcie_daq_2\ip_repo\axi_csr_3_0\hdl\axi_csr_v3_0.vhd:]
WARNING: [filemgmt 56-199] Attempt to get parsing info during refresh. "On-the-fly" syntax checking information may be incorrect. [C:\Users\gattous\Vivado_Workspace\litefury_pcie_daq_2\ip_repo\axi_csr_3_0\hdl\axi_csr_v3_0.vhd:]
WARNING: [filemgmt 56-199] Attempt to get parsing info during refresh. "On-the-fly" syntax checking information may be incorrect. [C:\Users\gattous\Vivado_Workspace\litefury_pcie_daq_2\ip_repo\axi_csr_3_0\src\CSR_V3_0_tb.vhd:]
WARNING: [filemgmt 56-199] Attempt to get parsing info during refresh. "On-the-fly" syntax checking information may be incorrect. [C:\Users\gattous\Vivado_Workspace\litefury_pcie_daq_2\ip_repo\axi_csr_3_0\hdl\axi_csr_v3_0.vhd:]
WARNING: [filemgmt 56-199] Attempt to get parsing info during refresh. "On-the-fly" syntax checking information may be incorrect. [C:\Users\gattous\Vivado_Workspace\litefury_pcie_daq_2\ip_repo\axi_csr_3_0\hdl\axi_csr_v3_0.vhd:]
WARNING: [filemgmt 56-199] Attempt to get parsing info during refresh. "On-the-fly" syntax checking information may be incorrect. [C:\Users\gattous\Vivado_Workspace\litefury_pcie_daq_2\ip_repo\axi_csr_3_0\hdl\axi_csr_v3_0.vhd:]
WARNING: [filemgmt 56-199] Attempt to get parsing info during refresh. "On-the-fly" syntax checking information may be incorrect. [C:\Users\gattous\Vivado_Workspace\litefury_pcie_daq_2\ip_repo\axi_csr_3_0\src\CSR_V3_0_tb.vhd:]
WARNING: [filemgmt 56-199] Attempt to get parsing info during refresh. "On-the-fly" syntax checking information may be incorrect. [C:\Users\gattous\Vivado_Workspace\litefury_pcie_daq_2\ip_repo\axi_csr_3_0\hdl\axi_csr_v3_0.vhd:]
WARNING: [filemgmt 56-199] Attempt to get parsing info during refresh. "On-the-fly" syntax checking information may be incorrect. [C:\Users\gattous\Vivado_Workspace\litefury_pcie_daq_2\ip_repo\axi_csr_3_0\hdl\axi_csr_v3_0.vhd:]
WARNING: [filemgmt 56-199] Attempt to get parsing info during refresh. "On-the-fly" syntax checking information may be incorrect. [C:\Users\gattous\Vivado_Workspace\litefury_pcie_daq_2\ip_repo\axi_csr_3_0\hdl\axi_csr_v3_0.vhd:]
WARNING: [filemgmt 56-199] Attempt to get parsing info during refresh. "On-the-fly" syntax checking information may be incorrect. [C:\Users\gattous\Vivado_Workspace\litefury_pcie_daq_2\ip_repo\axi_csr_3_0\src\CSR_V3_0_tb.vhd:]
WARNING: [filemgmt 56-199] Attempt to get parsing info during refresh. "On-the-fly" syntax checking information may be incorrect. [C:\Users\gattous\Vivado_Workspace\litefury_pcie_daq_2\ip_repo\axi_csr_3_0\hdl\axi_csr_v3_0.vhd:]
WARNING: [filemgmt 56-199] Attempt to get parsing info during refresh. "On-the-fly" syntax checking information may be incorrect. [C:\Users\gattous\Vivado_Workspace\litefury_pcie_daq_2\ip_repo\axi_csr_3_0\hdl\axi_csr_v3_0.vhd:]
WARNING: [filemgmt 56-199] Attempt to get parsing info during refresh. "On-the-fly" syntax checking information may be incorrect. [C:\Users\gattous\Vivado_Workspace\litefury_pcie_daq_2\ip_repo\axi_csr_3_0\hdl\axi_csr_v3_0.vhd:]
WARNING: [filemgmt 56-199] Attempt to get parsing info during refresh. "On-the-fly" syntax checking information may be incorrect. [C:\Users\gattous\Vivado_Workspace\litefury_pcie_daq_2\ip_repo\axi_csr_3_0\src\CSR_V3_0_tb.vhd:]
WARNING: [filemgmt 56-199] Attempt to get parsing info during refresh. "On-the-fly" syntax checking information may be incorrect. [C:\Users\gattous\Vivado_Workspace\litefury_pcie_daq_2\ip_repo\axi_csr_3_0\hdl\axi_csr_v3_0.vhd:]
WARNING: [filemgmt 56-199] Attempt to get parsing info during refresh. "On-the-fly" syntax checking information may be incorrect. [C:\Users\gattous\Vivado_Workspace\litefury_pcie_daq_2\ip_repo\axi_csr_3_0\hdl\axi_csr_v3_0.vhd:]
WARNING: [filemgmt 56-199] Attempt to get parsing info during refresh. "On-the-fly" syntax checking information may be incorrect. [C:\Users\gattous\Vivado_Workspace\litefury_pcie_daq_2\ip_repo\axi_csr_3_0\hdl\axi_csr_v3_0.vhd:]
WARNING: [filemgmt 56-199] Attempt to get parsing info during refresh. "On-the-fly" syntax checking information may be incorrect. [C:\Users\gattous\Vivado_Workspace\litefury_pcie_daq_2\ip_repo\axi_csr_3_0\src\CSR_V3_0_tb.vhd:]
WARNING: [filemgmt 56-199] Attempt to get parsing info during refresh. "On-the-fly" syntax checking information may be incorrect. [C:\Users\gattous\Vivado_Workspace\litefury_pcie_daq_2\ip_repo\axi_csr_3_0\hdl\axi_csr_v3_0.vhd:]
WARNING: [filemgmt 56-199] Attempt to get parsing info during refresh. "On-the-fly" syntax checking information may be incorrect. [C:\Users\gattous\Vivado_Workspace\litefury_pcie_daq_2\ip_repo\axi_csr_3_0\src\CSR_V3_0_tb.vhd:]
WARNING: [filemgmt 56-199] Attempt to get parsing info during refresh. "On-the-fly" syntax checking information may be incorrect. [C:\Users\gattous\Vivado_Workspace\litefury_pcie_daq_2\ip_repo\axi_csr_3_0\src\CSR_V3_0_tb.vhd:]
ERROR: [Common 17-180] Spawn failed: Der Vorgang wurde erfolgreich beendet.

WARNING: [filemgmt 56-199] Attempt to get parsing info during refresh. "On-the-fly" syntax checking information may be incorrect. [C:\Users\gattous\Vivado_Workspace\litefury_pcie_daq_2\ip_repo\axi_csr_3_0\src\CSR_V3_0_tb.vhd:]
WARNING: [filemgmt 56-199] Attempt to get parsing info during refresh. "On-the-fly" syntax checking information may be incorrect. [C:\Users\gattous\Vivado_Workspace\litefury_pcie_daq_2\ip_repo\axi_csr_3_0\hdl\axi_csr_v3_0.vhd:]
WARNING: [filemgmt 56-199] Attempt to get parsing info during refresh. "On-the-fly" syntax checking information may be incorrect. [C:\Users\gattous\Vivado_Workspace\litefury_pcie_daq_2\ip_repo\axi_csr_3_0\hdl\axi_csr_v3_0.vhd:]
WARNING: [filemgmt 56-199] Attempt to get parsing info during refresh. "On-the-fly" syntax checking information may be incorrect. [C:\Users\gattous\Vivado_Workspace\litefury_pcie_daq_2\ip_repo\axi_csr_3_0\hdl\axi_csr_v3_0.vhd:]
WARNING: [filemgmt 56-199] Attempt to get parsing info during refresh. "On-the-fly" syntax checking information may be incorrect. [C:\Users\gattous\Vivado_Workspace\litefury_pcie_daq_2\ip_repo\axi_csr_3_0\src\CSR_V3_0_tb.vhd:]
WARNING: [filemgmt 56-199] Attempt to get parsing info during refresh. "On-the-fly" syntax checking information may be incorrect. [C:\Users\gattous\Vivado_Workspace\litefury_pcie_daq_2\ip_repo\axi_csr_3_0\hdl\axi_csr_v3_0.vhd:]
WARNING: [filemgmt 56-199] Attempt to get parsing info during refresh. "On-the-fly" syntax checking information may be incorrect. [C:\Users\gattous\Vivado_Workspace\litefury_pcie_daq_2\ip_repo\axi_csr_3_0\src\CSR_V3_0_tb.vhd:]
WARNING: [filemgmt 56-199] Attempt to get parsing info during refresh. "On-the-fly" syntax checking information may be incorrect. [C:\Users\gattous\Vivado_Workspace\litefury_pcie_daq_2\ip_repo\axi_csr_3_0\src\CSR_V3_0_tb.vhd:]
ERROR: [Common 17-180] Spawn failed: Der Vorgang wurde erfolgreich beendet.

WARNING: [filemgmt 56-199] Attempt to get parsing info during refresh. "On-the-fly" syntax checking information may be incorrect. [C:\Users\gattous\Vivado_Workspace\litefury_pcie_daq_2\ip_repo\axi_csr_3_0\src\CSR_V3_0_tb.vhd:]
WARNING: [filemgmt 56-199] Attempt to get parsing info during refresh. "On-the-fly" syntax checking information may be incorrect. [C:\Users\gattous\Vivado_Workspace\litefury_pcie_daq_2\ip_repo\axi_csr_3_0\hdl\axi_csr_v3_0.vhd:]
WARNING: [filemgmt 56-199] Attempt to get parsing info during refresh. "On-the-fly" syntax checking information may be incorrect. [C:\Users\gattous\Vivado_Workspace\litefury_pcie_daq_2\ip_repo\axi_csr_3_0\hdl\axi_csr_v3_0.vhd:]
WARNING: [filemgmt 56-199] Attempt to get parsing info during refresh. "On-the-fly" syntax checking information may be incorrect. [C:\Users\gattous\Vivado_Workspace\litefury_pcie_daq_2\ip_repo\axi_csr_3_0\hdl\axi_csr_v3_0.vhd:]
WARNING: [filemgmt 56-199] Attempt to get parsing info during refresh. "On-the-fly" syntax checking information may be incorrect. [C:\Users\gattous\Vivado_Workspace\litefury_pcie_daq_2\ip_repo\axi_csr_3_0\src\CSR_V3_0_tb.vhd:]
WARNING: [filemgmt 56-199] Attempt to get parsing info during refresh. "On-the-fly" syntax checking information may be incorrect. [C:\Users\gattous\Vivado_Workspace\litefury_pcie_daq_2\ip_repo\axi_csr_3_0\hdl\axi_csr_v3_0.vhd:]
WARNING: [filemgmt 56-199] Attempt to get parsing info during refresh. "On-the-fly" syntax checking information may be incorrect. [C:\Users\gattous\Vivado_Workspace\litefury_pcie_daq_2\ip_repo\axi_csr_3_0\hdl\axi_csr_v3_0.vhd:]
WARNING: [filemgmt 56-199] Attempt to get parsing info during refresh. "On-the-fly" syntax checking information may be incorrect. [C:\Users\gattous\Vivado_Workspace\litefury_pcie_daq_2\ip_repo\axi_csr_3_0\hdl\axi_csr_v3_0.vhd:]
WARNING: [filemgmt 56-199] Attempt to get parsing info during refresh. "On-the-fly" syntax checking information may be incorrect. [C:\Users\gattous\Vivado_Workspace\litefury_pcie_daq_2\ip_repo\axi_csr_3_0\src\CSR_V3_0_tb.vhd:]
WARNING: [filemgmt 56-199] Attempt to get parsing info during refresh. "On-the-fly" syntax checking information may be incorrect. [C:\Users\gattous\Vivado_Workspace\litefury_pcie_daq_2\ip_repo\axi_csr_3_0\hdl\axi_csr_v3_0.vhd:]
WARNING: [filemgmt 56-199] Attempt to get parsing info during refresh. "On-the-fly" syntax checking information may be incorrect. [C:\Users\gattous\Vivado_Workspace\litefury_pcie_daq_2\ip_repo\axi_csr_3_0\src\CSR_V3_0_tb.vhd:]
WARNING: [filemgmt 56-199] Attempt to get parsing info during refresh. "On-the-fly" syntax checking information may be incorrect. [C:\Users\gattous\Vivado_Workspace\litefury_pcie_daq_2\ip_repo\axi_csr_3_0\src\CSR_V3_0_tb.vhd:]
ERROR: [Common 17-180] Spawn failed: Der Vorgang wurde erfolgreich beendet.

WARNING: [filemgmt 56-199] Attempt to get parsing info during refresh. "On-the-fly" syntax checking information may be incorrect. [C:\Users\gattous\Vivado_Workspace\litefury_pcie_daq_2\ip_repo\axi_csr_3_0\src\CSR_V3_0_tb.vhd:]
WARNING: [filemgmt 56-199] Attempt to get parsing info during refresh. "On-the-fly" syntax checking information may be incorrect. [C:\Users\gattous\Vivado_Workspace\litefury_pcie_daq_2\ip_repo\axi_csr_3_0\hdl\axi_csr_v3_0.vhd:]
WARNING: [filemgmt 56-199] Attempt to get parsing info during refresh. "On-the-fly" syntax checking information may be incorrect. [C:\Users\gattous\Vivado_Workspace\litefury_pcie_daq_2\ip_repo\axi_csr_3_0\src\CSR_V3_0_tb.vhd:]
WARNING: [filemgmt 56-199] Attempt to get parsing info during refresh. "On-the-fly" syntax checking information may be incorrect. [C:\Users\gattous\Vivado_Workspace\litefury_pcie_daq_2\ip_repo\axi_csr_3_0\src\CSR_V3_0_tb.vhd:]
ERROR: [Common 17-180] Spawn failed: Der Vorgang wurde erfolgreich beendet.

WARNING: [filemgmt 56-199] Attempt to get parsing info during refresh. "On-the-fly" syntax checking information may be incorrect. [C:\Users\gattous\Vivado_Workspace\litefury_pcie_daq_2\ip_repo\axi_csr_3_0\src\CSR_V3_0_tb.vhd:]
WARNING: [filemgmt 56-199] Attempt to get parsing info during refresh. "On-the-fly" syntax checking information may be incorrect. [C:\Users\gattous\Vivado_Workspace\litefury_pcie_daq_2\ip_repo\axi_csr_3_0\hdl\axi_csr_v3_0.vhd:]
WARNING: [filemgmt 56-199] Attempt to get parsing info during refresh. "On-the-fly" syntax checking information may be incorrect. [C:\Users\gattous\Vivado_Workspace\litefury_pcie_daq_2\ip_repo\axi_csr_3_0\hdl\axi_csr_v3_0.vhd:]
WARNING: [filemgmt 56-199] Attempt to get parsing info during refresh. "On-the-fly" syntax checking information may be incorrect. [C:\Users\gattous\Vivado_Workspace\litefury_pcie_daq_2\ip_repo\axi_csr_3_0\hdl\axi_csr_v3_0.vhd:]
WARNING: [filemgmt 56-199] Attempt to get parsing info during refresh. "On-the-fly" syntax checking information may be incorrect. [C:\Users\gattous\Vivado_Workspace\litefury_pcie_daq_2\ip_repo\axi_csr_3_0\src\CSR_V3_0_tb.vhd:]
WARNING: [filemgmt 56-199] Attempt to get parsing info during refresh. "On-the-fly" syntax checking information may be incorrect. [C:\Users\gattous\Vivado_Workspace\litefury_pcie_daq_2\ip_repo\axi_csr_3_0\hdl\axi_csr_slave_lite_v3_0_axi_csr.vhd:]
WARNING: [filemgmt 56-199] Attempt to get parsing info during refresh. "On-the-fly" syntax checking information may be incorrect. [C:\Users\gattous\Vivado_Workspace\litefury_pcie_daq_2\ip_repo\axi_csr_3_0\hdl\axi_csr_v3_0.vhd:]
WARNING: [filemgmt 56-199] Attempt to get parsing info during refresh. "On-the-fly" syntax checking information may be incorrect. [C:\Users\gattous\Vivado_Workspace\litefury_pcie_daq_2\ip_repo\axi_csr_3_0\hdl\axi_csr_v3_0.vhd:]
WARNING: [filemgmt 56-199] Attempt to get parsing info during refresh. "On-the-fly" syntax checking information may be incorrect. [C:\Users\gattous\Vivado_Workspace\litefury_pcie_daq_2\ip_repo\axi_csr_3_0\hdl\axi_csr_v3_0.vhd:]
WARNING: [filemgmt 56-199] Attempt to get parsing info during refresh. "On-the-fly" syntax checking information may be incorrect. [C:\Users\gattous\Vivado_Workspace\litefury_pcie_daq_2\ip_repo\axi_csr_3_0\src\CSR_V3_0_tb.vhd:]
WARNING: [filemgmt 56-199] Attempt to get parsing info during refresh. "On-the-fly" syntax checking information may be incorrect. [C:\Users\gattous\Vivado_Workspace\litefury_pcie_daq_2\ip_repo\axi_csr_3_0\hdl\axi_csr_slave_lite_v3_0_axi_csr.vhd:]
WARNING: [filemgmt 56-199] Attempt to get parsing info during refresh. "On-the-fly" syntax checking information may be incorrect. [C:\Users\gattous\Vivado_Workspace\litefury_pcie_daq_2\ip_repo\axi_csr_3_0\hdl\axi_csr_v3_0.vhd:]
WARNING: [filemgmt 56-199] Attempt to get parsing info during refresh. "On-the-fly" syntax checking information may be incorrect. [C:\Users\gattous\Vivado_Workspace\litefury_pcie_daq_2\ip_repo\axi_csr_3_0\hdl\axi_csr_slave_lite_v3_0_axi_csr.vhd:]
WARNING: [filemgmt 56-199] Attempt to get parsing info during refresh. "On-the-fly" syntax checking information may be incorrect. [C:\Users\gattous\Vivado_Workspace\litefury_pcie_daq_2\ip_repo\axi_csr_3_0\hdl\axi_csr_slave_lite_v3_0_axi_csr.vhd:]
WARNING: [filemgmt 56-199] Attempt to get parsing info during refresh. "On-the-fly" syntax checking information may be incorrect. [C:\Users\gattous\Vivado_Workspace\litefury_pcie_daq_2\ip_repo\axi_csr_3_0\src\CSR_V3_0_tb.vhd:]
WARNING: [filemgmt 56-199] Attempt to get parsing info during refresh. "On-the-fly" syntax checking information may be incorrect. [C:\Users\gattous\Vivado_Workspace\litefury_pcie_daq_2\ip_repo\axi_csr_3_0\hdl\axi_csr_slave_lite_v3_0_axi_csr.vhd:]
WARNING: [filemgmt 56-199] Attempt to get parsing info during refresh. "On-the-fly" syntax checking information may be incorrect. [C:\Users\gattous\Vivado_Workspace\litefury_pcie_daq_2\ip_repo\axi_csr_3_0\hdl\axi_csr_v3_0.vhd:]
WARNING: [filemgmt 56-199] Attempt to get parsing info during refresh. "On-the-fly" syntax checking information may be incorrect. [C:\Users\gattous\Vivado_Workspace\litefury_pcie_daq_2\ip_repo\axi_csr_3_0\src\CSR_V3_0_tb.vhd:]
WARNING: [filemgmt 56-199] Attempt to get parsing info during refresh. "On-the-fly" syntax checking information may be incorrect. [C:\Users\gattous\Vivado_Workspace\litefury_pcie_daq_2\ip_repo\axi_csr_3_0\src\CSR_V3_0_tb.vhd:]
WARNING: [filemgmt 56-199] Attempt to get parsing info during refresh. "On-the-fly" syntax checking information may be incorrect. [C:\Users\gattous\Vivado_Workspace\litefury_pcie_daq_2\ip_repo\axi_csr_3_0\src\CSR_V3_0_tb.vhd:]
WARNING: [filemgmt 56-199] Attempt to get parsing info during refresh. "On-the-fly" syntax checking information may be incorrect. [C:\Users\gattous\Vivado_Workspace\litefury_pcie_daq_2\ip_repo\axi_csr_3_0\hdl\axi_csr_slave_lite_v3_0_axi_csr.vhd:]
WARNING: [filemgmt 56-199] Attempt to get parsing info during refresh. "On-the-fly" syntax checking information may be incorrect. [C:\Users\gattous\Vivado_Workspace\litefury_pcie_daq_2\ip_repo\axi_csr_3_0\hdl\axi_csr_v3_0.vhd:]
WARNING: [filemgmt 56-199] Attempt to get parsing info during refresh. "On-the-fly" syntax checking information may be incorrect. [C:\Users\gattous\Vivado_Workspace\litefury_pcie_daq_2\ip_repo\axi_csr_3_0\hdl\axi_csr_slave_lite_v3_0_axi_csr.vhd:]
WARNING: [filemgmt 56-199] Attempt to get parsing info during refresh. "On-the-fly" syntax checking information may be incorrect. [C:\Users\gattous\Vivado_Workspace\litefury_pcie_daq_2\ip_repo\axi_csr_3_0\hdl\axi_csr_slave_lite_v3_0_axi_csr.vhd:]
ERROR: [Common 17-180] Spawn failed: Der Vorgang wurde erfolgreich beendet.

launch_simulation
Command: launch_simulation 
INFO: [Vivado 12-25911] Executing simulation for 'XSim' simulator
INFO: [Vivado 12-28535] Process started - Thu Aug  6 14:21:29 2026

INFO: [Vivado 12-12493] Simulation top is 'CSR_V3_0_tb'
INFO: [Vivado 12-5682] Launching behavioral simulation in 'C:/Users/gattous/Vivado_Workspace/litefury_pcie_daq_2/ip_repo/edit_axi_csr_v3_0.sim/sim_1/behav/xsim'
INFO: [SIM-utils-51] Simulation object is 'sim_1'
INFO: [SIM-utils-72] Using boost library from 'C:/AMDDesignTools/2025.2/Vivado/tps/boost_1_72_0'
INFO: [SIM-utils-54] Inspecting design source files for 'CSR_V3_0_tb' in fileset 'sim_1'...
INFO: [USF-XSim-97] Finding global include files...
INFO: [USF-XSim-98] Fetching design files from 'sim_1'...
INFO: [USF-XSim-2] XSim::Compile design
INFO: [USF-XSim-61] Executing 'COMPILE and ANALYZE' step in 'C:/Users/gattous/Vivado_Workspace/litefury_pcie_daq_2/ip_repo/edit_axi_csr_v3_0.sim/sim_1/behav/xsim'
"xvhdl --incr --relax -prj CSR_V3_0_tb_vhdl.prj"
INFO: [VRFC 10-163] Analyzing VHDL file "C:/Users/gattous/Vivado_Workspace/litefury_pcie_daq_2/ip_repo/axi_csr_3_0/hdl/axi_csr_slave_lite_v3_0_axi_csr.vhd" into library xil_defaultlib
INFO: [VRFC 10-3107] analyzing entity 'axi_csr_slave_lite_v3_0_CONTROL_STATUS_REG'
INFO: [VRFC 10-163] Analyzing VHDL file "C:/Users/gattous/Vivado_Workspace/litefury_pcie_daq_2/ip_repo/axi_csr_3_0/hdl/axi_csr_v3_0.vhd" into library xil_defaultlib
INFO: [VRFC 10-3107] analyzing entity 'axi_csr_V3_0'
INFO: [VRFC 10-163] Analyzing VHDL file "C:/Users/gattous/Vivado_Workspace/litefury_pcie_daq_2/ip_repo/edit_axi_csr_v3_0.srcs/sim_1/new/CSR_V3_0_tb.vhd" into library xil_defaultlib
INFO: [VRFC 10-3107] analyzing entity 'CSR_V3_0_tb'
INFO: [USF-XSim-69] 'compile' step finished in '2' seconds
INFO: [USF-XSim-3] XSim::Elaborate design
INFO: [USF-XSim-61] Executing 'ELABORATE' step in 'C:/Users/gattous/Vivado_Workspace/litefury_pcie_daq_2/ip_repo/edit_axi_csr_v3_0.sim/sim_1/behav/xsim'
"xelab --incr --debug typical --relax --mt 2 -L xil_defaultlib -L secureip --snapshot CSR_V3_0_tb_behav xil_defaultlib.CSR_V3_0_tb -log elaborate.log"
Vivado Simulator v2025.2
Copyright 1986-2022 Xilinx, Inc. All Rights Reserved.
Copyright 2022-2025 Advanced Micro Devices, Inc. All Rights Reserved.
Running: C:/AMDDesignTools/2025.2/Vivado/bin/unwrapped/win64.o/xelab.exe --incr --debug typical --relax --mt 2 -L xil_defaultlib -L secureip --snapshot CSR_V3_0_tb_behav xil_defaultlib.CSR_V3_0_tb -log elaborate.log 
Using 2 slave threads.
Starting static elaboration
Completed static elaboration
Starting simulation data flow analysis
Completed simulation data flow analysis
Time Resolution for simulation is 1ps
Compiling package std.standard
Compiling package std.textio
Compiling package ieee.std_logic_1164
Compiling architecture behavioral of entity xil_defaultlib.csr_v3_0_tb
Built simulation snapshot CSR_V3_0_tb_behav
INFO: [USF-XSim-69] 'elaborate' step finished in '4' seconds
INFO: [USF-XSim-4] XSim::Simulate design
INFO: [USF-XSim-61] Executing 'SIMULATE' step in 'C:/Users/gattous/Vivado_Workspace/litefury_pcie_daq_2/ip_repo/edit_axi_csr_v3_0.sim/sim_1/behav/xsim'
INFO: [USF-XSim-98] *** Running xsim
   with args "CSR_V3_0_tb_behav -key {Behavioral:sim_1:Functional:CSR_V3_0_tb} -tclbatch {CSR_V3_0_tb.tcl} -log {simulate.log}"
INFO: [USF-XSim-8] Loading simulator feature
Time resolution is 1 ps
source CSR_V3_0_tb.tcl
# set curr_wave [current_wave_config]
# if { [string length $curr_wave] == 0 } {
#   if { [llength [get_objects]] > 0} {
#     add_wave /
#     set_property needs_save false [current_wave_config]
#   } else {
#      send_msg_id Add_Wave-1 WARNING "No top level signals found. Simulator will start without a wave window. If you want to open a wave window go to 'File->New Waveform Configuration' or type 'create_wave_config' in the TCL console."
#   }
# }
WARNING: [Simtcl 6-168] No object found for the given pattern.
WARNING: [Add_Wave-1] No top level signals found. Simulator will start without a wave window. If you want to open a wave window go to 'File->New Waveform Configuration' or type 'create_wave_config' in the TCL console.
# run 1000ns
INFO: [USF-XSim-96] XSim completed. Design snapshot 'CSR_V3_0_tb_behav' loaded.
INFO: [USF-XSim-97] XSim simulation ran for 1000ns
launch_simulation: Time (s): cpu = 00:00:04 ; elapsed = 00:00:10 . Memory (MB): peak = 1723.016 ; gain = 20.742
run 80955 ns
add_wave {{/CSR_V3_0_tb}} 
INFO: [Wavedata 42-43] There are no traceable objects to add.
update_compile_order -fileset sim_1
WARNING: [filemgmt 56-199] Attempt to get parsing info during refresh. "On-the-fly" syntax checking information may be incorrect. [C:\Users\gattous\Vivado_Workspace\litefury_pcie_daq_2\ip_repo\edit_axi_csr_v3_0.srcs\sim_1\new\CSR_V3_0_tb.vhd:]
WARNING: [filemgmt 56-199] Attempt to get parsing info during refresh. "On-the-fly" syntax checking information may be incorrect. [C:\Users\gattous\Vivado_Workspace\litefury_pcie_daq_2\ip_repo\axi_csr_3_0\src\CSR_V3_0_tb.vhd:]
WARNING: [filemgmt 56-199] Attempt to get parsing info during refresh. "On-the-fly" syntax checking information may be incorrect. [C:\Users\gattous\Vivado_Workspace\litefury_pcie_daq_2\ip_repo\axi_csr_3_0\hdl\axi_csr_slave_lite_v3_0_axi_csr.vhd:]
WARNING: [filemgmt 56-199] Attempt to get parsing info during refresh. "On-the-fly" syntax checking information may be incorrect. [C:\Users\gattous\Vivado_Workspace\litefury_pcie_daq_2\ip_repo\axi_csr_3_0\hdl\axi_csr_v3_0.vhd:]
WARNING: [filemgmt 56-199] Attempt to get parsing info during refresh. "On-the-fly" syntax checking information may be incorrect. [C:\Users\gattous\Vivado_Workspace\litefury_pcie_daq_2\ip_repo\axi_csr_3_0\hdl\axi_csr_slave_lite_v3_0_axi_csr.vhd:]
WARNING: [filemgmt 56-199] Attempt to get parsing info during refresh. "On-the-fly" syntax checking information may be incorrect. [C:\Users\gattous\Vivado_Workspace\litefury_pcie_daq_2\ip_repo\axi_csr_3_0\hdl\axi_csr_slave_lite_v3_0_axi_csr.vhd:]
WARNING: [filemgmt 56-199] Attempt to get parsing info during refresh. "On-the-fly" syntax checking information may be incorrect. [C:\Users\gattous\Vivado_Workspace\litefury_pcie_daq_2\ip_repo\edit_axi_csr_v3_0.srcs\sim_1\new\CSR_V3_0_tb.vhd:]
WARNING: [filemgmt 56-199] Attempt to get parsing info during refresh. "On-the-fly" syntax checking information may be incorrect. [C:\Users\gattous\Vivado_Workspace\litefury_pcie_daq_2\ip_repo\axi_csr_3_0\src\CSR_V3_0_tb.vhd:]
WARNING: [filemgmt 56-199] Attempt to get parsing info during refresh. "On-the-fly" syntax checking information may be incorrect. [C:\Users\gattous\Vivado_Workspace\litefury_pcie_daq_2\ip_repo\axi_csr_3_0\hdl\axi_csr_slave_lite_v3_0_axi_csr.vhd:]
WARNING: [filemgmt 56-199] Attempt to get parsing info during refresh. "On-the-fly" syntax checking information may be incorrect. [C:\Users\gattous\Vivado_Workspace\litefury_pcie_daq_2\ip_repo\axi_csr_3_0\hdl\axi_csr_v3_0.vhd:]
WARNING: [filemgmt 56-199] Attempt to get parsing info during refresh. "On-the-fly" syntax checking information may be incorrect. [C:\Users\gattous\Vivado_Workspace\litefury_pcie_daq_2\ip_repo\edit_axi_csr_v3_0.srcs\sim_1\new\CSR_V3_0_tb.vhd:]
WARNING: [filemgmt 56-199] Attempt to get parsing info during refresh. "On-the-fly" syntax checking information may be incorrect. [C:\Users\gattous\Vivado_Workspace\litefury_pcie_daq_2\ip_repo\edit_axi_csr_v3_0.srcs\sim_1\new\CSR_V3_0_tb.vhd:]
ERROR: [Common 17-180] Spawn failed: Der Vorgang wurde erfolgreich beendet.

close_sim
INFO: [Simtcl 6-16] Simulation closed
launch_simulation
Command: launch_simulation 
INFO: [Vivado 12-25911] Executing simulation for 'XSim' simulator
INFO: [Vivado 12-28535] Process started - Thu Aug  6 14:23:58 2026

INFO: [Vivado 12-12493] Simulation top is 'CSR_V3_0_tb'
INFO: [Vivado 12-5682] Launching behavioral simulation in 'C:/Users/gattous/Vivado_Workspace/litefury_pcie_daq_2/ip_repo/edit_axi_csr_v3_0.sim/sim_1/behav/xsim'
INFO: [SIM-utils-51] Simulation object is 'sim_1'
INFO: [SIM-utils-72] Using boost library from 'C:/AMDDesignTools/2025.2/Vivado/tps/boost_1_72_0'
INFO: [SIM-utils-54] Inspecting design source files for 'CSR_V3_0_tb' in fileset 'sim_1'...
INFO: [USF-XSim-97] Finding global include files...
INFO: [USF-XSim-98] Fetching design files from 'sim_1'...
INFO: [USF-XSim-2] XSim::Compile design
INFO: [USF-XSim-61] Executing 'COMPILE and ANALYZE' step in 'C:/Users/gattous/Vivado_Workspace/litefury_pcie_daq_2/ip_repo/edit_axi_csr_v3_0.sim/sim_1/behav/xsim'
"xvhdl --incr --relax -prj CSR_V3_0_tb_vhdl.prj"
INFO: [VRFC 10-163] Analyzing VHDL file "C:/Users/gattous/Vivado_Workspace/litefury_pcie_daq_2/ip_repo/axi_csr_3_0/src/CSR_V3_0_tb.vhd" into library xil_defaultlib
INFO: [VRFC 10-3107] analyzing entity 'CSR_V3_0_tb'
ERROR: [VRFC 10-3801] use <= to assign to signal 'last_test_finished' [C:/Users/gattous/Vivado_Workspace/litefury_pcie_daq_2/ip_repo/axi_csr_3_0/src/CSR_V3_0_tb.vhd:254]
ERROR: [VRFC 10-3801] use <= to assign to signal 'last_test_finished' [C:/Users/gattous/Vivado_Workspace/litefury_pcie_daq_2/ip_repo/axi_csr_3_0/src/CSR_V3_0_tb.vhd:290]
ERROR: [VRFC 10-9458] unit 'behavioral' is ignored due to previous errors [C:/Users/gattous/Vivado_Workspace/litefury_pcie_daq_2/ip_repo/axi_csr_3_0/src/CSR_V3_0_tb.vhd:36]
INFO: [VRFC 10-8704] VHDL file 'C:/Users/gattous/Vivado_Workspace/litefury_pcie_daq_2/ip_repo/axi_csr_3_0/src/CSR_V3_0_tb.vhd' is ignored due to errors
INFO: [USF-XSim-69] 'compile' step finished in '2' seconds
INFO: [USF-XSim-99] Step results log file:'C:/Users/gattous/Vivado_Workspace/litefury_pcie_daq_2/ip_repo/edit_axi_csr_v3_0.sim/sim_1/behav/xsim/xvhdl.log'
ERROR: [USF-XSim-62] 'compile' step failed with error(s). Please check the Tcl console output or 'C:/Users/gattous/Vivado_Workspace/litefury_pcie_daq_2/ip_repo/edit_axi_csr_v3_0.sim/sim_1/behav/xsim/xvhdl.log' file for more information.
ERROR: [Vivado 12-4473] Detected error while running simulation. Please correct the issue and retry this operation.
ERROR: [Common 17-39] 'launch_simulation' failed due to earlier errors.
WARNING: [filemgmt 56-199] Attempt to get parsing info during refresh. "On-the-fly" syntax checking information may be incorrect. [C:\Users\gattous\Vivado_Workspace\litefury_pcie_daq_2\ip_repo\edit_axi_csr_v3_0.srcs\sim_1\new\CSR_V3_0_tb.vhd:]
WARNING: [filemgmt 56-199] Attempt to get parsing info during refresh. "On-the-fly" syntax checking information may be incorrect. [C:\Users\gattous\Vivado_Workspace\litefury_pcie_daq_2\ip_repo\axi_csr_3_0\src\CSR_V3_0_tb.vhd:]
WARNING: [filemgmt 56-199] Attempt to get parsing info during refresh. "On-the-fly" syntax checking information may be incorrect. [C:\Users\gattous\Vivado_Workspace\litefury_pcie_daq_2\ip_repo\axi_csr_3_0\hdl\axi_csr_slave_lite_v3_0_axi_csr.vhd:]
WARNING: [filemgmt 56-199] Attempt to get parsing info during refresh. "On-the-fly" syntax checking information may be incorrect. [C:\Users\gattous\Vivado_Workspace\litefury_pcie_daq_2\ip_repo\axi_csr_3_0\hdl\axi_csr_v3_0.vhd:]
WARNING: [filemgmt 56-199] Attempt to get parsing info during refresh. "On-the-fly" syntax checking information may be incorrect. [C:\Users\gattous\Vivado_Workspace\litefury_pcie_daq_2\ip_repo\axi_csr_3_0\hdl\axi_csr_v3_0.vhd:]
WARNING: [filemgmt 56-199] Attempt to get parsing info during refresh. "On-the-fly" syntax checking information may be incorrect. [C:\Users\gattous\Vivado_Workspace\litefury_pcie_daq_2\ip_repo\axi_csr_3_0\hdl\axi_csr_v3_0.vhd:]
WARNING: [filemgmt 56-199] Attempt to get parsing info during refresh. "On-the-fly" syntax checking information may be incorrect. [C:\Users\gattous\Vivado_Workspace\litefury_pcie_daq_2\ip_repo\edit_axi_csr_v3_0.srcs\sim_1\new\CSR_V3_0_tb.vhd:]
WARNING: [filemgmt 56-199] Attempt to get parsing info during refresh. "On-the-fly" syntax checking information may be incorrect. [C:\Users\gattous\Vivado_Workspace\litefury_pcie_daq_2\ip_repo\axi_csr_3_0\src\CSR_V3_0_tb.vhd:]
WARNING: [filemgmt 56-199] Attempt to get parsing info during refresh. "On-the-fly" syntax checking information may be incorrect. [C:\Users\gattous\Vivado_Workspace\litefury_pcie_daq_2\ip_repo\axi_csr_3_0\hdl\axi_csr_slave_lite_v3_0_axi_csr.vhd:]
WARNING: [filemgmt 56-199] Attempt to get parsing info during refresh. "On-the-fly" syntax checking information may be incorrect. [C:\Users\gattous\Vivado_Workspace\litefury_pcie_daq_2\ip_repo\axi_csr_3_0\hdl\axi_csr_v3_0.vhd:]
WARNING: [filemgmt 56-199] Attempt to get parsing info during refresh. "On-the-fly" syntax checking information may be incorrect. [C:\Users\gattous\Vivado_Workspace\litefury_pcie_daq_2\ip_repo\edit_axi_csr_v3_0.srcs\sim_1\new\CSR_V3_0_tb.vhd:]
WARNING: [filemgmt 56-199] Attempt to get parsing info during refresh. "On-the-fly" syntax checking information may be incorrect. [C:\Users\gattous\Vivado_Workspace\litefury_pcie_daq_2\ip_repo\edit_axi_csr_v3_0.srcs\sim_1\new\CSR_V3_0_tb.vhd:]
ERROR: [Common 17-180] Spawn failed: Der Vorgang wurde erfolgreich beendet.

launch_simulation
Command: launch_simulation 
INFO: [Vivado 12-25911] Executing simulation for 'XSim' simulator
INFO: [Vivado 12-28535] Process started - Thu Aug  6 14:25:13 2026

INFO: [Vivado 12-12493] Simulation top is 'CSR_V3_0_tb'
INFO: [Vivado 12-5682] Launching behavioral simulation in 'C:/Users/gattous/Vivado_Workspace/litefury_pcie_daq_2/ip_repo/edit_axi_csr_v3_0.sim/sim_1/behav/xsim'
INFO: [SIM-utils-51] Simulation object is 'sim_1'
INFO: [SIM-utils-72] Using boost library from 'C:/AMDDesignTools/2025.2/Vivado/tps/boost_1_72_0'
INFO: [SIM-utils-54] Inspecting design source files for 'CSR_V3_0_tb' in fileset 'sim_1'...
INFO: [USF-XSim-97] Finding global include files...
INFO: [USF-XSim-98] Fetching design files from 'sim_1'...
INFO: [USF-XSim-2] XSim::Compile design
INFO: [USF-XSim-61] Executing 'COMPILE and ANALYZE' step in 'C:/Users/gattous/Vivado_Workspace/litefury_pcie_daq_2/ip_repo/edit_axi_csr_v3_0.sim/sim_1/behav/xsim'
"xvhdl --incr --relax -prj CSR_V3_0_tb_vhdl.prj"
INFO: [VRFC 10-163] Analyzing VHDL file "C:/Users/gattous/Vivado_Workspace/litefury_pcie_daq_2/ip_repo/axi_csr_3_0/src/CSR_V3_0_tb.vhd" into library xil_defaultlib
INFO: [VRFC 10-3107] analyzing entity 'CSR_V3_0_tb'
ERROR: [VRFC 10-3801] use <= to assign to signal 'last_test_finished' [C:/Users/gattous/Vivado_Workspace/litefury_pcie_daq_2/ip_repo/axi_csr_3_0/src/CSR_V3_0_tb.vhd:254]
ERROR: [VRFC 10-3801] use <= to assign to signal 'last_test_finished' [C:/Users/gattous/Vivado_Workspace/litefury_pcie_daq_2/ip_repo/axi_csr_3_0/src/CSR_V3_0_tb.vhd:290]
ERROR: [VRFC 10-9458] unit 'behavioral' is ignored due to previous errors [C:/Users/gattous/Vivado_Workspace/litefury_pcie_daq_2/ip_repo/axi_csr_3_0/src/CSR_V3_0_tb.vhd:36]
INFO: [VRFC 10-8704] VHDL file 'C:/Users/gattous/Vivado_Workspace/litefury_pcie_daq_2/ip_repo/axi_csr_3_0/src/CSR_V3_0_tb.vhd' is ignored due to errors
INFO: [USF-XSim-69] 'compile' step finished in '1' seconds
INFO: [USF-XSim-99] Step results log file:'C:/Users/gattous/Vivado_Workspace/litefury_pcie_daq_2/ip_repo/edit_axi_csr_v3_0.sim/sim_1/behav/xsim/xvhdl.log'
ERROR: [USF-XSim-62] 'compile' step failed with error(s). Please check the Tcl console output or 'C:/Users/gattous/Vivado_Workspace/litefury_pcie_daq_2/ip_repo/edit_axi_csr_v3_0.sim/sim_1/behav/xsim/xvhdl.log' file for more information.
ERROR: [Vivado 12-4473] Detected error while running simulation. Please correct the issue and retry this operation.
ERROR: [Common 17-39] 'launch_simulation' failed due to earlier errors.
WARNING: [filemgmt 56-199] Attempt to get parsing info during refresh. "On-the-fly" syntax checking information may be incorrect. [C:\Users\gattous\Vivado_Workspace\litefury_pcie_daq_2\ip_repo\edit_axi_csr_v3_0.srcs\sim_1\new\CSR_V3_0_tb.vhd:]
WARNING: [filemgmt 56-199] Attempt to get parsing info during refresh. "On-the-fly" syntax checking information may be incorrect. [C:\Users\gattous\Vivado_Workspace\litefury_pcie_daq_2\ip_repo\axi_csr_3_0\hdl\axi_csr_slave_lite_v3_0_axi_csr.vhd:]
WARNING: [filemgmt 56-199] Attempt to get parsing info during refresh. "On-the-fly" syntax checking information may be incorrect. [C:\Users\gattous\Vivado_Workspace\litefury_pcie_daq_2\ip_repo\axi_csr_3_0\hdl\axi_csr_v3_0.vhd:]
WARNING: [filemgmt 56-199] Attempt to get parsing info during refresh. "On-the-fly" syntax checking information may be incorrect. [C:\Users\gattous\Vivado_Workspace\litefury_pcie_daq_2\ip_repo\edit_axi_csr_v3_0.srcs\sim_1\new\CSR_V3_0_tb.vhd:]
WARNING: [filemgmt 56-199] Attempt to get parsing info during refresh. "On-the-fly" syntax checking information may be incorrect. [C:\Users\gattous\Vivado_Workspace\litefury_pcie_daq_2\ip_repo\edit_axi_csr_v3_0.srcs\sim_1\new\CSR_V3_0_tb.vhd:]
launch_simulation
Command: launch_simulation 
INFO: [Vivado 12-25911] Executing simulation for 'XSim' simulator
INFO: [Vivado 12-28535] Process started - Thu Aug  6 14:26:18 2026

INFO: [Vivado 12-12493] Simulation top is 'CSR_V3_0_tb'
INFO: [Vivado 12-5682] Launching behavioral simulation in 'C:/Users/gattous/Vivado_Workspace/litefury_pcie_daq_2/ip_repo/edit_axi_csr_v3_0.sim/sim_1/behav/xsim'
INFO: [SIM-utils-51] Simulation object is 'sim_1'
INFO: [SIM-utils-72] Using boost library from 'C:/AMDDesignTools/2025.2/Vivado/tps/boost_1_72_0'
INFO: [SIM-utils-54] Inspecting design source files for 'CSR_V3_0_tb' in fileset 'sim_1'...
INFO: [USF-XSim-97] Finding global include files...
INFO: [USF-XSim-98] Fetching design files from 'sim_1'...
INFO: [USF-XSim-2] XSim::Compile design
INFO: [USF-XSim-61] Executing 'COMPILE and ANALYZE' step in 'C:/Users/gattous/Vivado_Workspace/litefury_pcie_daq_2/ip_repo/edit_axi_csr_v3_0.sim/sim_1/behav/xsim'
"xvhdl --incr --relax -prj CSR_V3_0_tb_vhdl.prj"
INFO: [VRFC 10-163] Analyzing VHDL file "C:/Users/gattous/Vivado_Workspace/litefury_pcie_daq_2/ip_repo/axi_csr_3_0/src/CSR_V3_0_tb.vhd" into library xil_defaultlib
INFO: [VRFC 10-3107] analyzing entity 'CSR_V3_0_tb'
ERROR: [VRFC 10-3801] use <= to assign to signal 'last_test_finished' [C:/Users/gattous/Vivado_Workspace/litefury_pcie_daq_2/ip_repo/axi_csr_3_0/src/CSR_V3_0_tb.vhd:219]
ERROR: [VRFC 10-3801] use <= to assign to signal 'last_test_finished' [C:/Users/gattous/Vivado_Workspace/litefury_pcie_daq_2/ip_repo/axi_csr_3_0/src/CSR_V3_0_tb.vhd:254]
ERROR: [VRFC 10-3801] use <= to assign to signal 'last_test_finished' [C:/Users/gattous/Vivado_Workspace/litefury_pcie_daq_2/ip_repo/axi_csr_3_0/src/CSR_V3_0_tb.vhd:290]
ERROR: [VRFC 10-3801] use <= to assign to signal 'last_test_finished' [C:/Users/gattous/Vivado_Workspace/litefury_pcie_daq_2/ip_repo/axi_csr_3_0/src/CSR_V3_0_tb.vhd:305]
ERROR: [VRFC 10-9458] unit 'behavioral' is ignored due to previous errors [C:/Users/gattous/Vivado_Workspace/litefury_pcie_daq_2/ip_repo/axi_csr_3_0/src/CSR_V3_0_tb.vhd:36]
INFO: [VRFC 10-8704] VHDL file 'C:/Users/gattous/Vivado_Workspace/litefury_pcie_daq_2/ip_repo/axi_csr_3_0/src/CSR_V3_0_tb.vhd' is ignored due to errors
INFO: [USF-XSim-69] 'compile' step finished in '1' seconds
INFO: [USF-XSim-99] Step results log file:'C:/Users/gattous/Vivado_Workspace/litefury_pcie_daq_2/ip_repo/edit_axi_csr_v3_0.sim/sim_1/behav/xsim/xvhdl.log'
ERROR: [USF-XSim-62] 'compile' step failed with error(s). Please check the Tcl console output or 'C:/Users/gattous/Vivado_Workspace/litefury_pcie_daq_2/ip_repo/edit_axi_csr_v3_0.sim/sim_1/behav/xsim/xvhdl.log' file for more information.
ERROR: [Vivado 12-4473] Detected error while running simulation. Please correct the issue and retry this operation.
ERROR: [Common 17-39] 'launch_simulation' failed due to earlier errors.
WARNING: [filemgmt 56-199] Attempt to get parsing info during refresh. "On-the-fly" syntax checking information may be incorrect. [C:\Users\gattous\Vivado_Workspace\litefury_pcie_daq_2\ip_repo\edit_axi_csr_v3_0.srcs\sim_1\new\CSR_V3_0_tb.vhd:]
WARNING: [filemgmt 56-199] Attempt to get parsing info during refresh. "On-the-fly" syntax checking information may be incorrect. [C:\Users\gattous\Vivado_Workspace\litefury_pcie_daq_2\ip_repo\axi_csr_3_0\hdl\axi_csr_slave_lite_v3_0_axi_csr.vhd:]
WARNING: [filemgmt 56-199] Attempt to get parsing info during refresh. "On-the-fly" syntax checking information may be incorrect. [C:\Users\gattous\Vivado_Workspace\litefury_pcie_daq_2\ip_repo\axi_csr_3_0\src\CSR_V3_0_tb.vhd:]
WARNING: [filemgmt 56-199] Attempt to get parsing info during refresh. "On-the-fly" syntax checking information may be incorrect. [C:\Users\gattous\Vivado_Workspace\litefury_pcie_daq_2\ip_repo\axi_csr_3_0\hdl\axi_csr_v3_0.vhd:]
WARNING: [filemgmt 56-199] Attempt to get parsing info during refresh. "On-the-fly" syntax checking information may be incorrect. [C:\Users\gattous\Vivado_Workspace\litefury_pcie_daq_2\ip_repo\axi_csr_3_0\hdl\axi_csr_slave_lite_v3_0_axi_csr.vhd:]
WARNING: [filemgmt 56-199] Attempt to get parsing info during refresh. "On-the-fly" syntax checking information may be incorrect. [C:\Users\gattous\Vivado_Workspace\litefury_pcie_daq_2\ip_repo\axi_csr_3_0\hdl\axi_csr_slave_lite_v3_0_axi_csr.vhd:]
WARNING: [filemgmt 56-199] Attempt to get parsing info during refresh. "On-the-fly" syntax checking information may be incorrect. [C:\Users\gattous\Vivado_Workspace\litefury_pcie_daq_2\ip_repo\edit_axi_csr_v3_0.srcs\sim_1\new\CSR_V3_0_tb.vhd:]
WARNING: [filemgmt 56-199] Attempt to get parsing info during refresh. "On-the-fly" syntax checking information may be incorrect. [C:\Users\gattous\Vivado_Workspace\litefury_pcie_daq_2\ip_repo\axi_csr_3_0\hdl\axi_csr_slave_lite_v3_0_axi_csr.vhd:]
WARNING: [filemgmt 56-199] Attempt to get parsing info during refresh. "On-the-fly" syntax checking information may be incorrect. [C:\Users\gattous\Vivado_Workspace\litefury_pcie_daq_2\ip_repo\axi_csr_3_0\src\CSR_V3_0_tb.vhd:]
WARNING: [filemgmt 56-199] Attempt to get parsing info during refresh. "On-the-fly" syntax checking information may be incorrect. [C:\Users\gattous\Vivado_Workspace\litefury_pcie_daq_2\ip_repo\axi_csr_3_0\hdl\axi_csr_v3_0.vhd:]
WARNING: [filemgmt 56-199] Attempt to get parsing info during refresh. "On-the-fly" syntax checking information may be incorrect. [C:\Users\gattous\Vivado_Workspace\litefury_pcie_daq_2\ip_repo\edit_axi_csr_v3_0.srcs\sim_1\new\CSR_V3_0_tb.vhd:]
WARNING: [filemgmt 56-199] Attempt to get parsing info during refresh. "On-the-fly" syntax checking information may be incorrect. [C:\Users\gattous\Vivado_Workspace\litefury_pcie_daq_2\ip_repo\edit_axi_csr_v3_0.srcs\sim_1\new\CSR_V3_0_tb.vhd:]
WARNING: [filemgmt 56-199] Attempt to get parsing info during refresh. "On-the-fly" syntax checking information may be incorrect. [C:\Users\gattous\Vivado_Workspace\litefury_pcie_daq_2\ip_repo\edit_axi_csr_v3_0.srcs\sim_1\new\CSR_V3_0_tb.vhd:]
WARNING: [filemgmt 56-199] Attempt to get parsing info during refresh. "On-the-fly" syntax checking information may be incorrect. [C:\Users\gattous\Vivado_Workspace\litefury_pcie_daq_2\ip_repo\axi_csr_3_0\hdl\axi_csr_slave_lite_v3_0_axi_csr.vhd:]
WARNING: [filemgmt 56-199] Attempt to get parsing info during refresh. "On-the-fly" syntax checking information may be incorrect. [C:\Users\gattous\Vivado_Workspace\litefury_pcie_daq_2\ip_repo\axi_csr_3_0\src\CSR_V3_0_tb.vhd:]
WARNING: [filemgmt 56-199] Attempt to get parsing info during refresh. "On-the-fly" syntax checking information may be incorrect. [C:\Users\gattous\Vivado_Workspace\litefury_pcie_daq_2\ip_repo\axi_csr_3_0\hdl\axi_csr_v3_0.vhd:]
WARNING: [filemgmt 56-199] Attempt to get parsing info during refresh. "On-the-fly" syntax checking information may be incorrect. [C:\Users\gattous\Vivado_Workspace\litefury_pcie_daq_2\ip_repo\axi_csr_3_0\src\CSR_V3_0_tb.vhd:]
WARNING: [filemgmt 56-199] Attempt to get parsing info during refresh. "On-the-fly" syntax checking information may be incorrect. [C:\Users\gattous\Vivado_Workspace\litefury_pcie_daq_2\ip_repo\axi_csr_3_0\src\CSR_V3_0_tb.vhd:]
ERROR: [Common 17-180] Spawn failed: Der Vorgang wurde erfolgreich beendet.

launch_simulation
Command: launch_simulation 
INFO: [Vivado 12-25911] Executing simulation for 'XSim' simulator
INFO: [Vivado 12-28535] Process started - Thu Aug  6 14:27:08 2026

INFO: [Vivado 12-12493] Simulation top is 'CSR_V3_0_tb'
INFO: [Vivado 12-5682] Launching behavioral simulation in 'C:/Users/gattous/Vivado_Workspace/litefury_pcie_daq_2/ip_repo/edit_axi_csr_v3_0.sim/sim_1/behav/xsim'
INFO: [SIM-utils-51] Simulation object is 'sim_1'
INFO: [SIM-utils-72] Using boost library from 'C:/AMDDesignTools/2025.2/Vivado/tps/boost_1_72_0'
INFO: [SIM-utils-54] Inspecting design source files for 'CSR_V3_0_tb' in fileset 'sim_1'...
INFO: [USF-XSim-97] Finding global include files...
INFO: [USF-XSim-98] Fetching design files from 'sim_1'...
INFO: [USF-XSim-2] XSim::Compile design
INFO: [USF-XSim-61] Executing 'COMPILE and ANALYZE' step in 'C:/Users/gattous/Vivado_Workspace/litefury_pcie_daq_2/ip_repo/edit_axi_csr_v3_0.sim/sim_1/behav/xsim'
"xvhdl --incr --relax -prj CSR_V3_0_tb_vhdl.prj"
INFO: [VRFC 10-163] Analyzing VHDL file "C:/Users/gattous/Vivado_Workspace/litefury_pcie_daq_2/ip_repo/axi_csr_3_0/src/CSR_V3_0_tb.vhd" into library xil_defaultlib
INFO: [VRFC 10-3107] analyzing entity 'CSR_V3_0_tb'
ERROR: [VRFC 10-3801] use <= to assign to signal 'last_test_finished' [C:/Users/gattous/Vivado_Workspace/litefury_pcie_daq_2/ip_repo/axi_csr_3_0/src/CSR_V3_0_tb.vhd:219]
ERROR: [VRFC 10-3215] character ''1'' is not in type 'integer' [C:/Users/gattous/Vivado_Workspace/litefury_pcie_daq_2/ip_repo/axi_csr_3_0/src/CSR_V3_0_tb.vhd:219]
ERROR: [VRFC 10-3801] use <= to assign to signal 'last_test_finished' [C:/Users/gattous/Vivado_Workspace/litefury_pcie_daq_2/ip_repo/axi_csr_3_0/src/CSR_V3_0_tb.vhd:254]
ERROR: [VRFC 10-3801] use <= to assign to signal 'last_test_finished' [C:/Users/gattous/Vivado_Workspace/litefury_pcie_daq_2/ip_repo/axi_csr_3_0/src/CSR_V3_0_tb.vhd:290]
ERROR: [VRFC 10-3801] use <= to assign to signal 'last_test_finished' [C:/Users/gattous/Vivado_Workspace/litefury_pcie_daq_2/ip_repo/axi_csr_3_0/src/CSR_V3_0_tb.vhd:305]
ERROR: [VRFC 10-9458] unit 'behavioral' is ignored due to previous errors [C:/Users/gattous/Vivado_Workspace/litefury_pcie_daq_2/ip_repo/axi_csr_3_0/src/CSR_V3_0_tb.vhd:36]
INFO: [VRFC 10-8704] VHDL file 'C:/Users/gattous/Vivado_Workspace/litefury_pcie_daq_2/ip_repo/axi_csr_3_0/src/CSR_V3_0_tb.vhd' is ignored due to errors
INFO: [USF-XSim-69] 'compile' step finished in '1' seconds
INFO: [USF-XSim-99] Step results log file:'C:/Users/gattous/Vivado_Workspace/litefury_pcie_daq_2/ip_repo/edit_axi_csr_v3_0.sim/sim_1/behav/xsim/xvhdl.log'
ERROR: [USF-XSim-62] 'compile' step failed with error(s). Please check the Tcl console output or 'C:/Users/gattous/Vivado_Workspace/litefury_pcie_daq_2/ip_repo/edit_axi_csr_v3_0.sim/sim_1/behav/xsim/xvhdl.log' file for more information.
ERROR: [Vivado 12-4473] Detected error while running simulation. Please correct the issue and retry this operation.
ERROR: [Common 17-39] 'launch_simulation' failed due to earlier errors.
launch_simulation
Command: launch_simulation 
INFO: [Vivado 12-25911] Executing simulation for 'XSim' simulator
INFO: [Vivado 12-28535] Process started - Thu Aug  6 14:27:38 2026

INFO: [Vivado 12-12493] Simulation top is 'CSR_V3_0_tb'
INFO: [Vivado 12-5682] Launching behavioral simulation in 'C:/Users/gattous/Vivado_Workspace/litefury_pcie_daq_2/ip_repo/edit_axi_csr_v3_0.sim/sim_1/behav/xsim'
INFO: [SIM-utils-51] Simulation object is 'sim_1'
INFO: [SIM-utils-72] Using boost library from 'C:/AMDDesignTools/2025.2/Vivado/tps/boost_1_72_0'
INFO: [SIM-utils-54] Inspecting design source files for 'CSR_V3_0_tb' in fileset 'sim_1'...
INFO: [USF-XSim-97] Finding global include files...
INFO: [USF-XSim-98] Fetching design files from 'sim_1'...
INFO: [USF-XSim-2] XSim::Compile design
INFO: [USF-XSim-61] Executing 'COMPILE and ANALYZE' step in 'C:/Users/gattous/Vivado_Workspace/litefury_pcie_daq_2/ip_repo/edit_axi_csr_v3_0.sim/sim_1/behav/xsim'
"xvhdl --incr --relax -prj CSR_V3_0_tb_vhdl.prj"
INFO: [VRFC 10-163] Analyzing VHDL file "C:/Users/gattous/Vivado_Workspace/litefury_pcie_daq_2/ip_repo/axi_csr_3_0/src/CSR_V3_0_tb.vhd" into library xil_defaultlib
INFO: [VRFC 10-3107] analyzing entity 'CSR_V3_0_tb'
ERROR: [VRFC 10-3801] use <= to assign to signal 'last_test_finished' [C:/Users/gattous/Vivado_Workspace/litefury_pcie_daq_2/ip_repo/axi_csr_3_0/src/CSR_V3_0_tb.vhd:219]
ERROR: [VRFC 10-3215] character ''1'' is not in type 'integer' [C:/Users/gattous/Vivado_Workspace/litefury_pcie_daq_2/ip_repo/axi_csr_3_0/src/CSR_V3_0_tb.vhd:219]
ERROR: [VRFC 10-3801] use <= to assign to signal 'last_test_finished' [C:/Users/gattous/Vivado_Workspace/litefury_pcie_daq_2/ip_repo/axi_csr_3_0/src/CSR_V3_0_tb.vhd:254]
ERROR: [VRFC 10-3801] use <= to assign to signal 'last_test_finished' [C:/Users/gattous/Vivado_Workspace/litefury_pcie_daq_2/ip_repo/axi_csr_3_0/src/CSR_V3_0_tb.vhd:290]
ERROR: [VRFC 10-3801] use <= to assign to signal 'last_test_finished' [C:/Users/gattous/Vivado_Workspace/litefury_pcie_daq_2/ip_repo/axi_csr_3_0/src/CSR_V3_0_tb.vhd:305]
ERROR: [VRFC 10-9458] unit 'behavioral' is ignored due to previous errors [C:/Users/gattous/Vivado_Workspace/litefury_pcie_daq_2/ip_repo/axi_csr_3_0/src/CSR_V3_0_tb.vhd:36]
INFO: [VRFC 10-8704] VHDL file 'C:/Users/gattous/Vivado_Workspace/litefury_pcie_daq_2/ip_repo/axi_csr_3_0/src/CSR_V3_0_tb.vhd' is ignored due to errors
INFO: [USF-XSim-69] 'compile' step finished in '2' seconds
INFO: [USF-XSim-99] Step results log file:'C:/Users/gattous/Vivado_Workspace/litefury_pcie_daq_2/ip_repo/edit_axi_csr_v3_0.sim/sim_1/behav/xsim/xvhdl.log'
ERROR: [USF-XSim-62] 'compile' step failed with error(s). Please check the Tcl console output or 'C:/Users/gattous/Vivado_Workspace/litefury_pcie_daq_2/ip_repo/edit_axi_csr_v3_0.sim/sim_1/behav/xsim/xvhdl.log' file for more information.
ERROR: [Vivado 12-4473] Detected error while running simulation. Please correct the issue and retry this operation.
ERROR: [Common 17-39] 'launch_simulation' failed due to earlier errors.
launch_simulation
Command: launch_simulation 
INFO: [Vivado 12-25911] Executing simulation for 'XSim' simulator
INFO: [Vivado 12-28535] Process started - Thu Aug  6 14:28:42 2026

INFO: [Vivado 12-12493] Simulation top is 'CSR_V3_0_tb'
INFO: [Vivado 12-5682] Launching behavioral simulation in 'C:/Users/gattous/Vivado_Workspace/litefury_pcie_daq_2/ip_repo/edit_axi_csr_v3_0.sim/sim_1/behav/xsim'
INFO: [SIM-utils-51] Simulation object is 'sim_1'
INFO: [SIM-utils-72] Using boost library from 'C:/AMDDesignTools/2025.2/Vivado/tps/boost_1_72_0'
INFO: [SIM-utils-54] Inspecting design source files for 'CSR_V3_0_tb' in fileset 'sim_1'...
INFO: [USF-XSim-97] Finding global include files...
INFO: [USF-XSim-98] Fetching design files from 'sim_1'...
INFO: [USF-XSim-2] XSim::Compile design
INFO: [USF-XSim-61] Executing 'COMPILE and ANALYZE' step in 'C:/Users/gattous/Vivado_Workspace/litefury_pcie_daq_2/ip_repo/edit_axi_csr_v3_0.sim/sim_1/behav/xsim'
"xvhdl --incr --relax -prj CSR_V3_0_tb_vhdl.prj"
INFO: [VRFC 10-163] Analyzing VHDL file "C:/Users/gattous/Vivado_Workspace/litefury_pcie_daq_2/ip_repo/axi_csr_3_0/src/CSR_V3_0_tb.vhd" into library xil_defaultlib
INFO: [VRFC 10-3107] analyzing entity 'CSR_V3_0_tb'
ERROR: [VRFC 10-3215] character ''1'' is not in type 'integer' [C:/Users/gattous/Vivado_Workspace/litefury_pcie_daq_2/ip_repo/axi_csr_3_0/src/CSR_V3_0_tb.vhd:219]
ERROR: [VRFC 10-9458] unit 'behavioral' is ignored due to previous errors [C:/Users/gattous/Vivado_Workspace/litefury_pcie_daq_2/ip_repo/axi_csr_3_0/src/CSR_V3_0_tb.vhd:36]
INFO: [VRFC 10-8704] VHDL file 'C:/Users/gattous/Vivado_Workspace/litefury_pcie_daq_2/ip_repo/axi_csr_3_0/src/CSR_V3_0_tb.vhd' is ignored due to errors
INFO: [USF-XSim-69] 'compile' step finished in '1' seconds
INFO: [USF-XSim-99] Step results log file:'C:/Users/gattous/Vivado_Workspace/litefury_pcie_daq_2/ip_repo/edit_axi_csr_v3_0.sim/sim_1/behav/xsim/xvhdl.log'
ERROR: [USF-XSim-62] 'compile' step failed with error(s). Please check the Tcl console output or 'C:/Users/gattous/Vivado_Workspace/litefury_pcie_daq_2/ip_repo/edit_axi_csr_v3_0.sim/sim_1/behav/xsim/xvhdl.log' file for more information.
ERROR: [Vivado 12-4473] Detected error while running simulation. Please correct the issue and retry this operation.
ERROR: [Common 17-39] 'launch_simulation' failed due to earlier errors.
WARNING: [filemgmt 56-199] Attempt to get parsing info during refresh. "On-the-fly" syntax checking information may be incorrect. [C:\Users\gattous\Vivado_Workspace\litefury_pcie_daq_2\ip_repo\edit_axi_csr_v3_0.srcs\sim_1\new\CSR_V3_0_tb.vhd:]
WARNING: [filemgmt 56-199] Attempt to get parsing info during refresh. "On-the-fly" syntax checking information may be incorrect. [C:\Users\gattous\Vivado_Workspace\litefury_pcie_daq_2\ip_repo\axi_csr_3_0\hdl\axi_csr_slave_lite_v3_0_axi_csr.vhd:]
WARNING: [filemgmt 56-199] Attempt to get parsing info during refresh. "On-the-fly" syntax checking information may be incorrect. [C:\Users\gattous\Vivado_Workspace\litefury_pcie_daq_2\ip_repo\axi_csr_3_0\src\CSR_V3_0_tb.vhd:]
WARNING: [filemgmt 56-199] Attempt to get parsing info during refresh. "On-the-fly" syntax checking information may be incorrect. [C:\Users\gattous\Vivado_Workspace\litefury_pcie_daq_2\ip_repo\axi_csr_3_0\hdl\axi_csr_v3_0.vhd:]
WARNING: [filemgmt 56-199] Attempt to get parsing info during refresh. "On-the-fly" syntax checking information may be incorrect. [C:\Users\gattous\Vivado_Workspace\litefury_pcie_daq_2\ip_repo\axi_csr_3_0\hdl\axi_csr_v3_0.vhd:]
WARNING: [filemgmt 56-199] Attempt to get parsing info during refresh. "On-the-fly" syntax checking information may be incorrect. [C:\Users\gattous\Vivado_Workspace\litefury_pcie_daq_2\ip_repo\axi_csr_3_0\hdl\axi_csr_v3_0.vhd:]
WARNING: [filemgmt 56-199] Attempt to get parsing info during refresh. "On-the-fly" syntax checking information may be incorrect. [C:\Users\gattous\Vivado_Workspace\litefury_pcie_daq_2\ip_repo\edit_axi_csr_v3_0.srcs\sim_1\new\CSR_V3_0_tb.vhd:]
WARNING: [filemgmt 56-199] Attempt to get parsing info during refresh. "On-the-fly" syntax checking information may be incorrect. [C:\Users\gattous\Vivado_Workspace\litefury_pcie_daq_2\ip_repo\axi_csr_3_0\hdl\axi_csr_slave_lite_v3_0_axi_csr.vhd:]
WARNING: [filemgmt 56-199] Attempt to get parsing info during refresh. "On-the-fly" syntax checking information may be incorrect. [C:\Users\gattous\Vivado_Workspace\litefury_pcie_daq_2\ip_repo\axi_csr_3_0\src\CSR_V3_0_tb.vhd:]
WARNING: [filemgmt 56-199] Attempt to get parsing info during refresh. "On-the-fly" syntax checking information may be incorrect. [C:\Users\gattous\Vivado_Workspace\litefury_pcie_daq_2\ip_repo\axi_csr_3_0\hdl\axi_csr_v3_0.vhd:]
WARNING: [filemgmt 56-199] Attempt to get parsing info during refresh. "On-the-fly" syntax checking information may be incorrect. [C:\Users\gattous\Vivado_Workspace\litefury_pcie_daq_2\ip_repo\edit_axi_csr_v3_0.srcs\sim_1\new\CSR_V3_0_tb.vhd:]
WARNING: [filemgmt 56-199] Attempt to get parsing info during refresh. "On-the-fly" syntax checking information may be incorrect. [C:\Users\gattous\Vivado_Workspace\litefury_pcie_daq_2\ip_repo\edit_axi_csr_v3_0.srcs\sim_1\new\CSR_V3_0_tb.vhd:]
ERROR: [Common 17-180] Spawn failed: Der Vorgang wurde erfolgreich beendet.

WARNING: [filemgmt 56-199] Attempt to get parsing info during refresh. "On-the-fly" syntax checking information may be incorrect. [C:\Users\gattous\Vivado_Workspace\litefury_pcie_daq_2\ip_repo\edit_axi_csr_v3_0.srcs\sim_1\new\CSR_V3_0_tb.vhd:]
WARNING: [filemgmt 56-199] Attempt to get parsing info during refresh. "On-the-fly" syntax checking information may be incorrect. [C:\Users\gattous\Vivado_Workspace\litefury_pcie_daq_2\ip_repo\axi_csr_3_0\hdl\axi_csr_slave_lite_v3_0_axi_csr.vhd:]
WARNING: [filemgmt 56-199] Attempt to get parsing info during refresh. "On-the-fly" syntax checking information may be incorrect. [C:\Users\gattous\Vivado_Workspace\litefury_pcie_daq_2\ip_repo\axi_csr_3_0\src\CSR_V3_0_tb.vhd:]
WARNING: [filemgmt 56-199] Attempt to get parsing info during refresh. "On-the-fly" syntax checking information may be incorrect. [C:\Users\gattous\Vivado_Workspace\litefury_pcie_daq_2\ip_repo\axi_csr_3_0\hdl\axi_csr_v3_0.vhd:]
WARNING: [filemgmt 56-199] Attempt to get parsing info during refresh. "On-the-fly" syntax checking information may be incorrect. [C:\Users\gattous\Vivado_Workspace\litefury_pcie_daq_2\ip_repo\axi_csr_3_0\hdl\axi_csr_slave_lite_v3_0_axi_csr.vhd:]
WARNING: [filemgmt 56-199] Attempt to get parsing info during refresh. "On-the-fly" syntax checking information may be incorrect. [C:\Users\gattous\Vivado_Workspace\litefury_pcie_daq_2\ip_repo\axi_csr_3_0\hdl\axi_csr_slave_lite_v3_0_axi_csr.vhd:]
launch_simulation
Command: launch_simulation 
INFO: [Vivado 12-25911] Executing simulation for 'XSim' simulator
INFO: [Vivado 12-28535] Process started - Thu Aug  6 14:29:28 2026

INFO: [Vivado 12-12493] Simulation top is 'CSR_V3_0_tb'
INFO: [Vivado 12-5682] Launching behavioral simulation in 'C:/Users/gattous/Vivado_Workspace/litefury_pcie_daq_2/ip_repo/edit_axi_csr_v3_0.sim/sim_1/behav/xsim'
INFO: [SIM-utils-51] Simulation object is 'sim_1'
INFO: [SIM-utils-72] Using boost library from 'C:/AMDDesignTools/2025.2/Vivado/tps/boost_1_72_0'
INFO: [SIM-utils-54] Inspecting design source files for 'CSR_V3_0_tb' in fileset 'sim_1'...
INFO: [USF-XSim-97] Finding global include files...
INFO: [USF-XSim-98] Fetching design files from 'sim_1'...
INFO: [USF-XSim-2] XSim::Compile design
INFO: [USF-XSim-61] Executing 'COMPILE and ANALYZE' step in 'C:/Users/gattous/Vivado_Workspace/litefury_pcie_daq_2/ip_repo/edit_axi_csr_v3_0.sim/sim_1/behav/xsim'
"xvhdl --incr --relax -prj CSR_V3_0_tb_vhdl.prj"
INFO: [VRFC 10-163] Analyzing VHDL file "C:/Users/gattous/Vivado_Workspace/litefury_pcie_daq_2/ip_repo/axi_csr_3_0/src/CSR_V3_0_tb.vhd" into library xil_defaultlib
INFO: [VRFC 10-3107] analyzing entity 'CSR_V3_0_tb'
INFO: [USF-XSim-69] 'compile' step finished in '1' seconds
INFO: [USF-XSim-3] XSim::Elaborate design
INFO: [USF-XSim-61] Executing 'ELABORATE' step in 'C:/Users/gattous/Vivado_Workspace/litefury_pcie_daq_2/ip_repo/edit_axi_csr_v3_0.sim/sim_1/behav/xsim'
"xelab --incr --debug typical --relax --mt 2 -L xil_defaultlib -L secureip --snapshot CSR_V3_0_tb_behav xil_defaultlib.CSR_V3_0_tb -log elaborate.log"
Vivado Simulator v2025.2
Copyright 1986-2022 Xilinx, Inc. All Rights Reserved.
Copyright 2022-2025 Advanced Micro Devices, Inc. All Rights Reserved.
Running: C:/AMDDesignTools/2025.2/Vivado/bin/unwrapped/win64.o/xelab.exe --incr --debug typical --relax --mt 2 -L xil_defaultlib -L secureip --snapshot CSR_V3_0_tb_behav xil_defaultlib.CSR_V3_0_tb -log elaborate.log 
Using 2 slave threads.
Starting static elaboration
Completed static elaboration
Starting simulation data flow analysis
Completed simulation data flow analysis
ERROR: [XSIM 43-3249] File C:/Users/gattous/Vivado_Workspace/litefury_pcie_daq_2/ip_repo/axi_csr_3_0/src/CSR_V3_0_tb.vhd, line 64. Unresolved signal "ready_a_sig" is multiply driven.
INFO: [USF-XSim-69] 'elaborate' step finished in '1' seconds
INFO: [USF-XSim-99] Step results log file:'C:/Users/gattous/Vivado_Workspace/litefury_pcie_daq_2/ip_repo/edit_axi_csr_v3_0.sim/sim_1/behav/xsim/elaborate.log'
ERROR: [USF-XSim-62] 'elaborate' step failed with error(s). Please check the Tcl console output or 'C:/Users/gattous/Vivado_Workspace/litefury_pcie_daq_2/ip_repo/edit_axi_csr_v3_0.sim/sim_1/behav/xsim/elaborate.log' file for more information.
ERROR: [Vivado 12-4473] Detected error while running simulation. Please correct the issue and retry this operation.
ERROR: [Common 17-39] 'launch_simulation' failed due to earlier errors.
WARNING: [filemgmt 56-199] Attempt to get parsing info during refresh. "On-the-fly" syntax checking information may be incorrect. [C:\Users\gattous\Vivado_Workspace\litefury_pcie_daq_2\ip_repo\edit_axi_csr_v3_0.srcs\sim_1\new\CSR_V3_0_tb.vhd:]
WARNING: [filemgmt 56-199] Attempt to get parsing info during refresh. "On-the-fly" syntax checking information may be incorrect. [C:\Users\gattous\Vivado_Workspace\litefury_pcie_daq_2\ip_repo\axi_csr_3_0\hdl\axi_csr_slave_lite_v3_0_axi_csr.vhd:]
WARNING: [filemgmt 56-199] Attempt to get parsing info during refresh. "On-the-fly" syntax checking information may be incorrect. [C:\Users\gattous\Vivado_Workspace\litefury_pcie_daq_2\ip_repo\axi_csr_3_0\src\CSR_V3_0_tb.vhd:]
WARNING: [filemgmt 56-199] Attempt to get parsing info during refresh. "On-the-fly" syntax checking information may be incorrect. [C:\Users\gattous\Vivado_Workspace\litefury_pcie_daq_2\ip_repo\axi_csr_3_0\hdl\axi_csr_v3_0.vhd:]
WARNING: [filemgmt 56-199] Attempt to get parsing info during refresh. "On-the-fly" syntax checking information may be incorrect. [C:\Users\gattous\Vivado_Workspace\litefury_pcie_daq_2\ip_repo\axi_csr_3_0\hdl\axi_csr_v3_0.vhd:]
WARNING: [filemgmt 56-199] Attempt to get parsing info during refresh. "On-the-fly" syntax checking information may be incorrect. [C:\Users\gattous\Vivado_Workspace\litefury_pcie_daq_2\ip_repo\axi_csr_3_0\hdl\axi_csr_v3_0.vhd:]
WARNING: [filemgmt 56-199] Attempt to get parsing info during refresh. "On-the-fly" syntax checking information may be incorrect. [C:\Users\gattous\Vivado_Workspace\litefury_pcie_daq_2\ip_repo\edit_axi_csr_v3_0.srcs\sim_1\new\CSR_V3_0_tb.vhd:]
WARNING: [filemgmt 56-199] Attempt to get parsing info during refresh. "On-the-fly" syntax checking information may be incorrect. [C:\Users\gattous\Vivado_Workspace\litefury_pcie_daq_2\ip_repo\axi_csr_3_0\hdl\axi_csr_slave_lite_v3_0_axi_csr.vhd:]
WARNING: [filemgmt 56-199] Attempt to get parsing info during refresh. "On-the-fly" syntax checking information may be incorrect. [C:\Users\gattous\Vivado_Workspace\litefury_pcie_daq_2\ip_repo\axi_csr_3_0\src\CSR_V3_0_tb.vhd:]
WARNING: [filemgmt 56-199] Attempt to get parsing info during refresh. "On-the-fly" syntax checking information may be incorrect. [C:\Users\gattous\Vivado_Workspace\litefury_pcie_daq_2\ip_repo\axi_csr_3_0\hdl\axi_csr_v3_0.vhd:]
WARNING: [filemgmt 56-199] Attempt to get parsing info during refresh. "On-the-fly" syntax checking information may be incorrect. [C:\Users\gattous\Vivado_Workspace\litefury_pcie_daq_2\ip_repo\axi_csr_3_0\hdl\axi_csr_slave_lite_v3_0_axi_csr.vhd:]
WARNING: [filemgmt 56-199] Attempt to get parsing info during refresh. "On-the-fly" syntax checking information may be incorrect. [C:\Users\gattous\Vivado_Workspace\litefury_pcie_daq_2\ip_repo\axi_csr_3_0\hdl\axi_csr_slave_lite_v3_0_axi_csr.vhd:]
WARNING: [filemgmt 56-199] Attempt to get parsing info during refresh. "On-the-fly" syntax checking information may be incorrect. [C:\Users\gattous\Vivado_Workspace\litefury_pcie_daq_2\ip_repo\edit_axi_csr_v3_0.srcs\sim_1\new\CSR_V3_0_tb.vhd:]
WARNING: [filemgmt 56-199] Attempt to get parsing info during refresh. "On-the-fly" syntax checking information may be incorrect. [C:\Users\gattous\Vivado_Workspace\litefury_pcie_daq_2\ip_repo\axi_csr_3_0\hdl\axi_csr_slave_lite_v3_0_axi_csr.vhd:]
WARNING: [filemgmt 56-199] Attempt to get parsing info during refresh. "On-the-fly" syntax checking information may be incorrect. [C:\Users\gattous\Vivado_Workspace\litefury_pcie_daq_2\ip_repo\axi_csr_3_0\src\CSR_V3_0_tb.vhd:]
WARNING: [filemgmt 56-199] Attempt to get parsing info during refresh. "On-the-fly" syntax checking information may be incorrect. [C:\Users\gattous\Vivado_Workspace\litefury_pcie_daq_2\ip_repo\axi_csr_3_0\hdl\axi_csr_v3_0.vhd:]
WARNING: [filemgmt 56-199] Attempt to get parsing info during refresh. "On-the-fly" syntax checking information may be incorrect. [C:\Users\gattous\Vivado_Workspace\litefury_pcie_daq_2\ip_repo\axi_csr_3_0\src\CSR_V3_0_tb.vhd:]
WARNING: [filemgmt 56-199] Attempt to get parsing info during refresh. "On-the-fly" syntax checking information may be incorrect. [C:\Users\gattous\Vivado_Workspace\litefury_pcie_daq_2\ip_repo\axi_csr_3_0\src\CSR_V3_0_tb.vhd:]
ERROR: [Common 17-180] Spawn failed: Der Vorgang wurde erfolgreich beendet.

launch_simulation
Command: launch_simulation 
INFO: [Vivado 12-25911] Executing simulation for 'XSim' simulator
INFO: [Vivado 12-28535] Process started - Thu Aug  6 14:32:35 2026

INFO: [Vivado 12-12493] Simulation top is 'CSR_V3_0_tb'
INFO: [Vivado 12-5682] Launching behavioral simulation in 'C:/Users/gattous/Vivado_Workspace/litefury_pcie_daq_2/ip_repo/edit_axi_csr_v3_0.sim/sim_1/behav/xsim'
INFO: [SIM-utils-51] Simulation object is 'sim_1'
INFO: [SIM-utils-72] Using boost library from 'C:/AMDDesignTools/2025.2/Vivado/tps/boost_1_72_0'
INFO: [SIM-utils-54] Inspecting design source files for 'CSR_V3_0_tb' in fileset 'sim_1'...
INFO: [USF-XSim-97] Finding global include files...
INFO: [USF-XSim-98] Fetching design files from 'sim_1'...
INFO: [USF-XSim-2] XSim::Compile design
INFO: [USF-XSim-61] Executing 'COMPILE and ANALYZE' step in 'C:/Users/gattous/Vivado_Workspace/litefury_pcie_daq_2/ip_repo/edit_axi_csr_v3_0.sim/sim_1/behav/xsim'
"xvhdl --incr --relax -prj CSR_V3_0_tb_vhdl.prj"
INFO: [VRFC 10-163] Analyzing VHDL file "C:/Users/gattous/Vivado_Workspace/litefury_pcie_daq_2/ip_repo/axi_csr_3_0/src/CSR_V3_0_tb.vhd" into library xil_defaultlib
INFO: [VRFC 10-3107] analyzing entity 'CSR_V3_0_tb'
INFO: [USF-XSim-69] 'compile' step finished in '1' seconds
INFO: [USF-XSim-3] XSim::Elaborate design
INFO: [USF-XSim-61] Executing 'ELABORATE' step in 'C:/Users/gattous/Vivado_Workspace/litefury_pcie_daq_2/ip_repo/edit_axi_csr_v3_0.sim/sim_1/behav/xsim'
"xelab --incr --debug typical --relax --mt 2 -L xil_defaultlib -L secureip --snapshot CSR_V3_0_tb_behav xil_defaultlib.CSR_V3_0_tb -log elaborate.log"
Vivado Simulator v2025.2
Copyright 1986-2022 Xilinx, Inc. All Rights Reserved.
Copyright 2022-2025 Advanced Micro Devices, Inc. All Rights Reserved.
Running: C:/AMDDesignTools/2025.2/Vivado/bin/unwrapped/win64.o/xelab.exe --incr --debug typical --relax --mt 2 -L xil_defaultlib -L secureip --snapshot CSR_V3_0_tb_behav xil_defaultlib.CSR_V3_0_tb -log elaborate.log 
Using 2 slave threads.
Starting static elaboration
Completed static elaboration
Starting simulation data flow analysis
Completed simulation data flow analysis
ERROR: [XSIM 43-3249] File C:/Users/gattous/Vivado_Workspace/litefury_pcie_daq_2/ip_repo/axi_csr_3_0/src/CSR_V3_0_tb.vhd, line 66. Unresolved signal "last_test_finished" is multiply driven.
INFO: [USF-XSim-69] 'elaborate' step finished in '2' seconds
INFO: [USF-XSim-99] Step results log file:'C:/Users/gattous/Vivado_Workspace/litefury_pcie_daq_2/ip_repo/edit_axi_csr_v3_0.sim/sim_1/behav/xsim/elaborate.log'
ERROR: [USF-XSim-62] 'elaborate' step failed with error(s). Please check the Tcl console output or 'C:/Users/gattous/Vivado_Workspace/litefury_pcie_daq_2/ip_repo/edit_axi_csr_v3_0.sim/sim_1/behav/xsim/elaborate.log' file for more information.
ERROR: [Vivado 12-4473] Detected error while running simulation. Please correct the issue and retry this operation.
ERROR: [Common 17-39] 'launch_simulation' failed due to earlier errors.
WARNING: [filemgmt 56-199] Attempt to get parsing info during refresh. "On-the-fly" syntax checking information may be incorrect. [C:\Users\gattous\Vivado_Workspace\litefury_pcie_daq_2\ip_repo\edit_axi_csr_v3_0.srcs\sim_1\new\CSR_V3_0_tb.vhd:]
WARNING: [filemgmt 56-199] Attempt to get parsing info during refresh. "On-the-fly" syntax checking information may be incorrect. [C:\Users\gattous\Vivado_Workspace\litefury_pcie_daq_2\ip_repo\axi_csr_3_0\hdl\axi_csr_slave_lite_v3_0_axi_csr.vhd:]
WARNING: [filemgmt 56-199] Attempt to get parsing info during refresh. "On-the-fly" syntax checking information may be incorrect. [C:\Users\gattous\Vivado_Workspace\litefury_pcie_daq_2\ip_repo\axi_csr_3_0\src\CSR_V3_0_tb.vhd:]
WARNING: [filemgmt 56-199] Attempt to get parsing info during refresh. "On-the-fly" syntax checking information may be incorrect. [C:\Users\gattous\Vivado_Workspace\litefury_pcie_daq_2\ip_repo\axi_csr_3_0\hdl\axi_csr_v3_0.vhd:]
WARNING: [filemgmt 56-199] Attempt to get parsing info during refresh. "On-the-fly" syntax checking information may be incorrect. [C:\Users\gattous\Vivado_Workspace\litefury_pcie_daq_2\ip_repo\axi_csr_3_0\hdl\axi_csr_v3_0.vhd:]
WARNING: [filemgmt 56-199] Attempt to get parsing info during refresh. "On-the-fly" syntax checking information may be incorrect. [C:\Users\gattous\Vivado_Workspace\litefury_pcie_daq_2\ip_repo\axi_csr_3_0\hdl\axi_csr_v3_0.vhd:]
WARNING: [filemgmt 56-199] Attempt to get parsing info during refresh. "On-the-fly" syntax checking information may be incorrect. [C:\Users\gattous\Vivado_Workspace\litefury_pcie_daq_2\ip_repo\edit_axi_csr_v3_0.srcs\sim_1\new\CSR_V3_0_tb.vhd:]
WARNING: [filemgmt 56-199] Attempt to get parsing info during refresh. "On-the-fly" syntax checking information may be incorrect. [C:\Users\gattous\Vivado_Workspace\litefury_pcie_daq_2\ip_repo\axi_csr_3_0\hdl\axi_csr_slave_lite_v3_0_axi_csr.vhd:]
WARNING: [filemgmt 56-199] Attempt to get parsing info during refresh. "On-the-fly" syntax checking information may be incorrect. [C:\Users\gattous\Vivado_Workspace\litefury_pcie_daq_2\ip_repo\axi_csr_3_0\src\CSR_V3_0_tb.vhd:]
WARNING: [filemgmt 56-199] Attempt to get parsing info during refresh. "On-the-fly" syntax checking information may be incorrect. [C:\Users\gattous\Vivado_Workspace\litefury_pcie_daq_2\ip_repo\axi_csr_3_0\hdl\axi_csr_v3_0.vhd:]
WARNING: [filemgmt 56-199] Attempt to get parsing info during refresh. "On-the-fly" syntax checking information may be incorrect. [C:\Users\gattous\Vivado_Workspace\litefury_pcie_daq_2\ip_repo\axi_csr_3_0\hdl\axi_csr_slave_lite_v3_0_axi_csr.vhd:]
WARNING: [filemgmt 56-199] Attempt to get parsing info during refresh. "On-the-fly" syntax checking information may be incorrect. [C:\Users\gattous\Vivado_Workspace\litefury_pcie_daq_2\ip_repo\axi_csr_3_0\hdl\axi_csr_slave_lite_v3_0_axi_csr.vhd:]
WARNING: [filemgmt 56-199] Attempt to get parsing info during refresh. "On-the-fly" syntax checking information may be incorrect. [C:\Users\gattous\Vivado_Workspace\litefury_pcie_daq_2\ip_repo\edit_axi_csr_v3_0.srcs\sim_1\new\CSR_V3_0_tb.vhd:]
WARNING: [filemgmt 56-199] Attempt to get parsing info during refresh. "On-the-fly" syntax checking information may be incorrect. [C:\Users\gattous\Vivado_Workspace\litefury_pcie_daq_2\ip_repo\axi_csr_3_0\hdl\axi_csr_slave_lite_v3_0_axi_csr.vhd:]
WARNING: [filemgmt 56-199] Attempt to get parsing info during refresh. "On-the-fly" syntax checking information may be incorrect. [C:\Users\gattous\Vivado_Workspace\litefury_pcie_daq_2\ip_repo\axi_csr_3_0\src\CSR_V3_0_tb.vhd:]
WARNING: [filemgmt 56-199] Attempt to get parsing info during refresh. "On-the-fly" syntax checking information may be incorrect. [C:\Users\gattous\Vivado_Workspace\litefury_pcie_daq_2\ip_repo\axi_csr_3_0\hdl\axi_csr_v3_0.vhd:]
WARNING: [filemgmt 56-199] Attempt to get parsing info during refresh. "On-the-fly" syntax checking information may be incorrect. [C:\Users\gattous\Vivado_Workspace\litefury_pcie_daq_2\ip_repo\axi_csr_3_0\src\CSR_V3_0_tb.vhd:]
WARNING: [filemgmt 56-199] Attempt to get parsing info during refresh. "On-the-fly" syntax checking information may be incorrect. [C:\Users\gattous\Vivado_Workspace\litefury_pcie_daq_2\ip_repo\axi_csr_3_0\src\CSR_V3_0_tb.vhd:]
ERROR: [Common 17-180] Spawn failed: Der Vorgang wurde erfolgreich beendet.

launch_simulation
Command: launch_simulation 
INFO: [Vivado 12-25911] Executing simulation for 'XSim' simulator
INFO: [Vivado 12-28535] Process started - Thu Aug  6 14:36:20 2026

INFO: [Vivado 12-12493] Simulation top is 'CSR_V3_0_tb'
INFO: [Vivado 12-5682] Launching behavioral simulation in 'C:/Users/gattous/Vivado_Workspace/litefury_pcie_daq_2/ip_repo/edit_axi_csr_v3_0.sim/sim_1/behav/xsim'
INFO: [SIM-utils-51] Simulation object is 'sim_1'
INFO: [SIM-utils-72] Using boost library from 'C:/AMDDesignTools/2025.2/Vivado/tps/boost_1_72_0'
INFO: [SIM-utils-54] Inspecting design source files for 'CSR_V3_0_tb' in fileset 'sim_1'...
INFO: [USF-XSim-97] Finding global include files...
INFO: [USF-XSim-98] Fetching design files from 'sim_1'...
INFO: [USF-XSim-2] XSim::Compile design
INFO: [USF-XSim-61] Executing 'COMPILE and ANALYZE' step in 'C:/Users/gattous/Vivado_Workspace/litefury_pcie_daq_2/ip_repo/edit_axi_csr_v3_0.sim/sim_1/behav/xsim'
"xvhdl --incr --relax -prj CSR_V3_0_tb_vhdl.prj"
INFO: [VRFC 10-163] Analyzing VHDL file "C:/Users/gattous/Vivado_Workspace/litefury_pcie_daq_2/ip_repo/axi_csr_3_0/src/CSR_V3_0_tb.vhd" into library xil_defaultlib
INFO: [VRFC 10-3107] analyzing entity 'CSR_V3_0_tb'
ERROR: [VRFC 10-2989] 'last_test_finished' is not declared [C:/Users/gattous/Vivado_Workspace/litefury_pcie_daq_2/ip_repo/axi_csr_3_0/src/CSR_V3_0_tb.vhd:220]
ERROR: [VRFC 10-9458] unit 'behavioral' is ignored due to previous errors [C:/Users/gattous/Vivado_Workspace/litefury_pcie_daq_2/ip_repo/axi_csr_3_0/src/CSR_V3_0_tb.vhd:36]
INFO: [VRFC 10-8704] VHDL file 'C:/Users/gattous/Vivado_Workspace/litefury_pcie_daq_2/ip_repo/axi_csr_3_0/src/CSR_V3_0_tb.vhd' is ignored due to errors
INFO: [USF-XSim-69] 'compile' step finished in '2' seconds
INFO: [USF-XSim-99] Step results log file:'C:/Users/gattous/Vivado_Workspace/litefury_pcie_daq_2/ip_repo/edit_axi_csr_v3_0.sim/sim_1/behav/xsim/xvhdl.log'
ERROR: [USF-XSim-62] 'compile' step failed with error(s). Please check the Tcl console output or 'C:/Users/gattous/Vivado_Workspace/litefury_pcie_daq_2/ip_repo/edit_axi_csr_v3_0.sim/sim_1/behav/xsim/xvhdl.log' file for more information.
ERROR: [Vivado 12-4473] Detected error while running simulation. Please correct the issue and retry this operation.
ERROR: [Common 17-39] 'launch_simulation' failed due to earlier errors.
WARNING: [filemgmt 56-199] Attempt to get parsing info during refresh. "On-the-fly" syntax checking information may be incorrect. [C:\Users\gattous\Vivado_Workspace\litefury_pcie_daq_2\ip_repo\edit_axi_csr_v3_0.srcs\sim_1\new\CSR_V3_0_tb.vhd:]
WARNING: [filemgmt 56-199] Attempt to get parsing info during refresh. "On-the-fly" syntax checking information may be incorrect. [C:\Users\gattous\Vivado_Workspace\litefury_pcie_daq_2\ip_repo\axi_csr_3_0\hdl\axi_csr_slave_lite_v3_0_axi_csr.vhd:]
WARNING: [filemgmt 56-199] Attempt to get parsing info during refresh. "On-the-fly" syntax checking information may be incorrect. [C:\Users\gattous\Vivado_Workspace\litefury_pcie_daq_2\ip_repo\axi_csr_3_0\src\CSR_V3_0_tb.vhd:]
WARNING: [filemgmt 56-199] Attempt to get parsing info during refresh. "On-the-fly" syntax checking information may be incorrect. [C:\Users\gattous\Vivado_Workspace\litefury_pcie_daq_2\ip_repo\axi_csr_3_0\hdl\axi_csr_v3_0.vhd:]
WARNING: [filemgmt 56-199] Attempt to get parsing info during refresh. "On-the-fly" syntax checking information may be incorrect. [C:\Users\gattous\Vivado_Workspace\litefury_pcie_daq_2\ip_repo\axi_csr_3_0\hdl\axi_csr_slave_lite_v3_0_axi_csr.vhd:]
WARNING: [filemgmt 56-199] Attempt to get parsing info during refresh. "On-the-fly" syntax checking information may be incorrect. [C:\Users\gattous\Vivado_Workspace\litefury_pcie_daq_2\ip_repo\axi_csr_3_0\hdl\axi_csr_slave_lite_v3_0_axi_csr.vhd:]
WARNING: [filemgmt 56-199] Attempt to get parsing info during refresh. "On-the-fly" syntax checking information may be incorrect. [C:\Users\gattous\Vivado_Workspace\litefury_pcie_daq_2\ip_repo\edit_axi_csr_v3_0.srcs\sim_1\new\CSR_V3_0_tb.vhd:]
WARNING: [filemgmt 56-199] Attempt to get parsing info during refresh. "On-the-fly" syntax checking information may be incorrect. [C:\Users\gattous\Vivado_Workspace\litefury_pcie_daq_2\ip_repo\axi_csr_3_0\hdl\axi_csr_slave_lite_v3_0_axi_csr.vhd:]
WARNING: [filemgmt 56-199] Attempt to get parsing info during refresh. "On-the-fly" syntax checking information may be incorrect. [C:\Users\gattous\Vivado_Workspace\litefury_pcie_daq_2\ip_repo\axi_csr_3_0\src\CSR_V3_0_tb.vhd:]
WARNING: [filemgmt 56-199] Attempt to get parsing info during refresh. "On-the-fly" syntax checking information may be incorrect. [C:\Users\gattous\Vivado_Workspace\litefury_pcie_daq_2\ip_repo\axi_csr_3_0\hdl\axi_csr_v3_0.vhd:]
WARNING: [filemgmt 56-199] Attempt to get parsing info during refresh. "On-the-fly" syntax checking information may be incorrect. [C:\Users\gattous\Vivado_Workspace\litefury_pcie_daq_2\ip_repo\axi_csr_3_0\hdl\axi_csr_v3_0.vhd:]
WARNING: [filemgmt 56-199] Attempt to get parsing info during refresh. "On-the-fly" syntax checking information may be incorrect. [C:\Users\gattous\Vivado_Workspace\litefury_pcie_daq_2\ip_repo\axi_csr_3_0\hdl\axi_csr_v3_0.vhd:]
WARNING: [filemgmt 56-199] Attempt to get parsing info during refresh. "On-the-fly" syntax checking information may be incorrect. [C:\Users\gattous\Vivado_Workspace\litefury_pcie_daq_2\ip_repo\edit_axi_csr_v3_0.srcs\sim_1\new\CSR_V3_0_tb.vhd:]
WARNING: [filemgmt 56-199] Attempt to get parsing info during refresh. "On-the-fly" syntax checking information may be incorrect. [C:\Users\gattous\Vivado_Workspace\litefury_pcie_daq_2\ip_repo\axi_csr_3_0\hdl\axi_csr_slave_lite_v3_0_axi_csr.vhd:]
WARNING: [filemgmt 56-199] Attempt to get parsing info during refresh. "On-the-fly" syntax checking information may be incorrect. [C:\Users\gattous\Vivado_Workspace\litefury_pcie_daq_2\ip_repo\axi_csr_3_0\src\CSR_V3_0_tb.vhd:]
WARNING: [filemgmt 56-199] Attempt to get parsing info during refresh. "On-the-fly" syntax checking information may be incorrect. [C:\Users\gattous\Vivado_Workspace\litefury_pcie_daq_2\ip_repo\axi_csr_3_0\hdl\axi_csr_v3_0.vhd:]
WARNING: [filemgmt 56-199] Attempt to get parsing info during refresh. "On-the-fly" syntax checking information may be incorrect. [C:\Users\gattous\Vivado_Workspace\litefury_pcie_daq_2\ip_repo\axi_csr_3_0\src\CSR_V3_0_tb.vhd:]
WARNING: [filemgmt 56-199] Attempt to get parsing info during refresh. "On-the-fly" syntax checking information may be incorrect. [C:\Users\gattous\Vivado_Workspace\litefury_pcie_daq_2\ip_repo\axi_csr_3_0\src\CSR_V3_0_tb.vhd:]
ERROR: [Common 17-180] Spawn failed: Der Vorgang wurde erfolgreich beendet.

launch_simulation
Command: launch_simulation 
INFO: [Vivado 12-25911] Executing simulation for 'XSim' simulator
INFO: [Vivado 12-28535] Process started - Thu Aug  6 14:36:54 2026

INFO: [Vivado 12-12493] Simulation top is 'CSR_V3_0_tb'
INFO: [Vivado 12-5682] Launching behavioral simulation in 'C:/Users/gattous/Vivado_Workspace/litefury_pcie_daq_2/ip_repo/edit_axi_csr_v3_0.sim/sim_1/behav/xsim'
INFO: [SIM-utils-51] Simulation object is 'sim_1'
INFO: [SIM-utils-72] Using boost library from 'C:/AMDDesignTools/2025.2/Vivado/tps/boost_1_72_0'
INFO: [SIM-utils-54] Inspecting design source files for 'CSR_V3_0_tb' in fileset 'sim_1'...
INFO: [USF-XSim-97] Finding global include files...
INFO: [USF-XSim-98] Fetching design files from 'sim_1'...
INFO: [USF-XSim-2] XSim::Compile design
INFO: [USF-XSim-61] Executing 'COMPILE and ANALYZE' step in 'C:/Users/gattous/Vivado_Workspace/litefury_pcie_daq_2/ip_repo/edit_axi_csr_v3_0.sim/sim_1/behav/xsim'
"xvhdl --incr --relax -prj CSR_V3_0_tb_vhdl.prj"
INFO: [VRFC 10-163] Analyzing VHDL file "C:/Users/gattous/Vivado_Workspace/litefury_pcie_daq_2/ip_repo/axi_csr_3_0/src/CSR_V3_0_tb.vhd" into library xil_defaultlib
INFO: [VRFC 10-3107] analyzing entity 'CSR_V3_0_tb'
INFO: [USF-XSim-69] 'compile' step finished in '1' seconds
INFO: [USF-XSim-3] XSim::Elaborate design
INFO: [USF-XSim-61] Executing 'ELABORATE' step in 'C:/Users/gattous/Vivado_Workspace/litefury_pcie_daq_2/ip_repo/edit_axi_csr_v3_0.sim/sim_1/behav/xsim'
"xelab --incr --debug typical --relax --mt 2 -L xil_defaultlib -L secureip --snapshot CSR_V3_0_tb_behav xil_defaultlib.CSR_V3_0_tb -log elaborate.log"
Vivado Simulator v2025.2
Copyright 1986-2022 Xilinx, Inc. All Rights Reserved.
Copyright 2022-2025 Advanced Micro Devices, Inc. All Rights Reserved.
Running: C:/AMDDesignTools/2025.2/Vivado/bin/unwrapped/win64.o/xelab.exe --incr --debug typical --relax --mt 2 -L xil_defaultlib -L secureip --snapshot CSR_V3_0_tb_behav xil_defaultlib.CSR_V3_0_tb -log elaborate.log 
Using 2 slave threads.
Starting static elaboration
Completed static elaboration
Starting simulation data flow analysis
Completed simulation data flow analysis
Time Resolution for simulation is 1ps
Compiling package std.standard
Compiling package std.textio
Compiling package ieee.std_logic_1164
Compiling package ieee.numeric_std
Compiling architecture arch_imp of entity xil_defaultlib.axi_csr_slave_lite_v3_0_CONTROL_STATUS_REG [axi_csr_slave_lite_v3_0_control_...]
Compiling architecture arch_imp of entity xil_defaultlib.axi_csr_V3_0 [axi_csr_v3_0_default]
Compiling architecture behavioral of entity xil_defaultlib.csr_v3_0_tb
Built simulation snapshot CSR_V3_0_tb_behav
INFO: [USF-XSim-69] 'elaborate' step finished in '4' seconds
INFO: [USF-XSim-4] XSim::Simulate design
INFO: [USF-XSim-61] Executing 'SIMULATE' step in 'C:/Users/gattous/Vivado_Workspace/litefury_pcie_daq_2/ip_repo/edit_axi_csr_v3_0.sim/sim_1/behav/xsim'
INFO: [USF-XSim-98] *** Running xsim
   with args "CSR_V3_0_tb_behav -key {Behavioral:sim_1:Functional:CSR_V3_0_tb} -tclbatch {CSR_V3_0_tb.tcl} -log {simulate.log}"
INFO: [USF-XSim-8] Loading simulator feature
Time resolution is 1 ps
source CSR_V3_0_tb.tcl
# set curr_wave [current_wave_config]
# if { [string length $curr_wave] == 0 } {
#   if { [llength [get_objects]] > 0} {
#     add_wave /
#     set_property needs_save false [current_wave_config]
#   } else {
#      send_msg_id Add_Wave-1 WARNING "No top level signals found. Simulator will start without a wave window. If you want to open a wave window go to 'File->New Waveform Configuration' or type 'create_wave_config' in the TCL console."
#   }
# }
# run 1000ns
Error: is_running_sig must be '0' after reset
Time: 6 ns  Iteration: 0  Process: /CSR_V3_0_tb/reset_process  File: C:/Users/gattous/Vivado_Workspace/litefury_pcie_daq_2/ip_repo/axi_csr_3_0/src/CSR_V3_0_tb.vhd
Error: Error ready_A_sig is set, but irq_pending_A_sig not set!
Time: 7 ns  Iteration: 0  Process: /CSR_V3_0_tb/test_irq_pending_A_w1c  File: C:/Users/gattous/Vivado_Workspace/litefury_pcie_daq_2/ip_repo/axi_csr_3_0/src/CSR_V3_0_tb.vhd
Error: Error ready_B_sig is set, but irq_pending_B_sig not set!
Time: 7 ns  Iteration: 0  Process: /CSR_V3_0_tb/test_irq_pending_B_w1c  File: C:/Users/gattous/Vivado_Workspace/litefury_pcie_daq_2/ip_repo/axi_csr_3_0/src/CSR_V3_0_tb.vhd
Error: Error ready_A_sig set to 0, irq_pending_A_sig should be 1 until W1C!
Time: 14 ns  Iteration: 1  Process: /CSR_V3_0_tb/test_irq_pending_A_w1c  File: C:/Users/gattous/Vivado_Workspace/litefury_pcie_daq_2/ip_repo/axi_csr_3_0/src/CSR_V3_0_tb.vhd
Error: Error ready_B_sig set to 0, irq_pending_B_sig should be 1 until W1C!
Time: 14 ns  Iteration: 1  Process: /CSR_V3_0_tb/test_irq_pending_B_w1c  File: C:/Users/gattous/Vivado_Workspace/litefury_pcie_daq_2/ip_repo/axi_csr_3_0/src/CSR_V3_0_tb.vhd
Error: Toggeling ready_A_sig 1->0 and then 0->1 should have no afffect on irq_pending_A_sig
Time: 19 ns  Iteration: 0  Process: /CSR_V3_0_tb/test_irq_pending_A_w1c  File: C:/Users/gattous/Vivado_Workspace/litefury_pcie_daq_2/ip_repo/axi_csr_3_0/src/CSR_V3_0_tb.vhd
Error: Toggeling ready_B_sig 1->0 and then 0->1 should have no afffect on irq_pending_B_sig
Time: 19 ns  Iteration: 0  Process: /CSR_V3_0_tb/test_irq_pending_B_w1c  File: C:/Users/gattous/Vivado_Workspace/litefury_pcie_daq_2/ip_repo/axi_csr_3_0/src/CSR_V3_0_tb.vhd
Error: irq_pending_A_sig should be only cleared by reset or by host through W1C
Time: 23 ns  Iteration: 0  Process: /CSR_V3_0_tb/test_irq_pending_A_w1c  File: C:/Users/gattous/Vivado_Workspace/litefury_pcie_daq_2/ip_repo/axi_csr_3_0/src/CSR_V3_0_tb.vhd
Error: irq_pending_B_sig should be only cleared by reset or by host through W1C
Time: 23 ns  Iteration: 0  Process: /CSR_V3_0_tb/test_irq_pending_B_w1c  File: C:/Users/gattous/Vivado_Workspace/litefury_pcie_daq_2/ip_repo/axi_csr_3_0/src/CSR_V3_0_tb.vhd
INFO: [USF-XSim-96] XSim completed. Design snapshot 'CSR_V3_0_tb_behav' loaded.
INFO: [USF-XSim-97] XSim simulation ran for 1000ns
launch_simulation: Time (s): cpu = 00:00:02 ; elapsed = 00:00:07 . Memory (MB): peak = 1723.016 ; gain = 0.000
run 80955 ns
run 80955 ns
run 80955 ns
run 80955 ns
run 80955 ns
run 80955 ns
run 80955 ns
run 80955 ns
run 80955 ns
run 80955 ns
run 80955 ns
run 80955 ns
run 80955 ns
run 80955 ns
run 80955 ns
run 80955 ns
run 80955 ns
run 80955 ns
close_sim
INFO: [Simtcl 6-16] Simulation closed
launch_simulation
Command: launch_simulation 
INFO: [Vivado 12-25911] Executing simulation for 'XSim' simulator
INFO: [Vivado 12-28535] Process started - Thu Aug  6 14:40:21 2026

INFO: [Vivado 12-12493] Simulation top is 'CSR_V3_0_tb'
INFO: [Vivado 12-5682] Launching behavioral simulation in 'C:/Users/gattous/Vivado_Workspace/litefury_pcie_daq_2/ip_repo/edit_axi_csr_v3_0.sim/sim_1/behav/xsim'
INFO: [SIM-utils-51] Simulation object is 'sim_1'
INFO: [SIM-utils-72] Using boost library from 'C:/AMDDesignTools/2025.2/Vivado/tps/boost_1_72_0'
INFO: [SIM-utils-54] Inspecting design source files for 'CSR_V3_0_tb' in fileset 'sim_1'...
INFO: [USF-XSim-97] Finding global include files...
INFO: [USF-XSim-98] Fetching design files from 'sim_1'...
INFO: [USF-XSim-2] XSim::Compile design
INFO: [USF-XSim-61] Executing 'COMPILE and ANALYZE' step in 'C:/Users/gattous/Vivado_Workspace/litefury_pcie_daq_2/ip_repo/edit_axi_csr_v3_0.sim/sim_1/behav/xsim'
"xvhdl --incr --relax -prj CSR_V3_0_tb_vhdl.prj"
INFO: [USF-XSim-69] 'compile' step finished in '1' seconds
INFO: [USF-XSim-3] XSim::Elaborate design
INFO: [USF-XSim-61] Executing 'ELABORATE' step in 'C:/Users/gattous/Vivado_Workspace/litefury_pcie_daq_2/ip_repo/edit_axi_csr_v3_0.sim/sim_1/behav/xsim'
"xelab --incr --debug typical --relax --mt 2 -L xil_defaultlib -L secureip --snapshot CSR_V3_0_tb_behav xil_defaultlib.CSR_V3_0_tb -log elaborate.log"
Vivado Simulator v2025.2
Copyright 1986-2022 Xilinx, Inc. All Rights Reserved.
Copyright 2022-2025 Advanced Micro Devices, Inc. All Rights Reserved.
Running: C:/AMDDesignTools/2025.2/Vivado/bin/unwrapped/win64.o/xelab.exe --incr --debug typical --relax --mt 2 -L xil_defaultlib -L secureip --snapshot CSR_V3_0_tb_behav xil_defaultlib.CSR_V3_0_tb -log elaborate.log 
Using 2 slave threads.
Starting static elaboration
Completed static elaboration
INFO: [XSIM 43-4323] No Change in HDL. Linking previously generated obj files to create kernel
INFO: [USF-XSim-69] 'elaborate' step finished in '2' seconds
INFO: [USF-XSim-4] XSim::Simulate design
INFO: [USF-XSim-61] Executing 'SIMULATE' step in 'C:/Users/gattous/Vivado_Workspace/litefury_pcie_daq_2/ip_repo/edit_axi_csr_v3_0.sim/sim_1/behav/xsim'
INFO: [USF-XSim-98] *** Running xsim
   with args "CSR_V3_0_tb_behav -key {Behavioral:sim_1:Functional:CSR_V3_0_tb} -tclbatch {CSR_V3_0_tb.tcl} -log {simulate.log}"
INFO: [USF-XSim-8] Loading simulator feature
Time resolution is 1 ps
source CSR_V3_0_tb.tcl
# set curr_wave [current_wave_config]
# if { [string length $curr_wave] == 0 } {
#   if { [llength [get_objects]] > 0} {
#     add_wave /
#     set_property needs_save false [current_wave_config]
#   } else {
#      send_msg_id Add_Wave-1 WARNING "No top level signals found. Simulator will start without a wave window. If you want to open a wave window go to 'File->New Waveform Configuration' or type 'create_wave_config' in the TCL console."
#   }
# }
# run 1000ns
Error: is_running_sig must be '0' after reset
Time: 6 ns  Iteration: 0  Process: /CSR_V3_0_tb/reset_process  File: C:/Users/gattous/Vivado_Workspace/litefury_pcie_daq_2/ip_repo/axi_csr_3_0/src/CSR_V3_0_tb.vhd
Error: Error ready_A_sig is set, but irq_pending_A_sig not set!
Time: 7 ns  Iteration: 0  Process: /CSR_V3_0_tb/test_irq_pending_A_w1c  File: C:/Users/gattous/Vivado_Workspace/litefury_pcie_daq_2/ip_repo/axi_csr_3_0/src/CSR_V3_0_tb.vhd
Error: Error ready_B_sig is set, but irq_pending_B_sig not set!
Time: 7 ns  Iteration: 0  Process: /CSR_V3_0_tb/test_irq_pending_B_w1c  File: C:/Users/gattous/Vivado_Workspace/litefury_pcie_daq_2/ip_repo/axi_csr_3_0/src/CSR_V3_0_tb.vhd
Error: Error ready_A_sig set to 0, irq_pending_A_sig should be 1 until W1C!
Time: 14 ns  Iteration: 1  Process: /CSR_V3_0_tb/test_irq_pending_A_w1c  File: C:/Users/gattous/Vivado_Workspace/litefury_pcie_daq_2/ip_repo/axi_csr_3_0/src/CSR_V3_0_tb.vhd
Error: Error ready_B_sig set to 0, irq_pending_B_sig should be 1 until W1C!
Time: 14 ns  Iteration: 1  Process: /CSR_V3_0_tb/test_irq_pending_B_w1c  File: C:/Users/gattous/Vivado_Workspace/litefury_pcie_daq_2/ip_repo/axi_csr_3_0/src/CSR_V3_0_tb.vhd
Error: Toggeling ready_A_sig 1->0 and then 0->1 should have no afffect on irq_pending_A_sig
Time: 19 ns  Iteration: 0  Process: /CSR_V3_0_tb/test_irq_pending_A_w1c  File: C:/Users/gattous/Vivado_Workspace/litefury_pcie_daq_2/ip_repo/axi_csr_3_0/src/CSR_V3_0_tb.vhd
Error: Toggeling ready_B_sig 1->0 and then 0->1 should have no afffect on irq_pending_B_sig
Time: 19 ns  Iteration: 0  Process: /CSR_V3_0_tb/test_irq_pending_B_w1c  File: C:/Users/gattous/Vivado_Workspace/litefury_pcie_daq_2/ip_repo/axi_csr_3_0/src/CSR_V3_0_tb.vhd
Error: irq_pending_A_sig should be only cleared by reset or by host through W1C
Time: 23 ns  Iteration: 0  Process: /CSR_V3_0_tb/test_irq_pending_A_w1c  File: C:/Users/gattous/Vivado_Workspace/litefury_pcie_daq_2/ip_repo/axi_csr_3_0/src/CSR_V3_0_tb.vhd
Error: irq_pending_B_sig should be only cleared by reset or by host through W1C
Time: 23 ns  Iteration: 0  Process: /CSR_V3_0_tb/test_irq_pending_B_w1c  File: C:/Users/gattous/Vivado_Workspace/litefury_pcie_daq_2/ip_repo/axi_csr_3_0/src/CSR_V3_0_tb.vhd
INFO: [USF-XSim-96] XSim completed. Design snapshot 'CSR_V3_0_tb_behav' loaded.
INFO: [USF-XSim-97] XSim simulation ran for 1000ns
WARNING: [filemgmt 56-199] Attempt to get parsing info during refresh. "On-the-fly" syntax checking information may be incorrect. [C:\Users\gattous\Vivado_Workspace\litefury_pcie_daq_2\ip_repo\edit_axi_csr_v3_0.srcs\sim_1\new\CSR_V3_0_tb.vhd:]
WARNING: [filemgmt 56-199] Attempt to get parsing info during refresh. "On-the-fly" syntax checking information may be incorrect. [C:\Users\gattous\Vivado_Workspace\litefury_pcie_daq_2\ip_repo\axi_csr_3_0\hdl\axi_csr_slave_lite_v3_0_axi_csr.vhd:]
WARNING: [filemgmt 56-199] Attempt to get parsing info during refresh. "On-the-fly" syntax checking information may be incorrect. [C:\Users\gattous\Vivado_Workspace\litefury_pcie_daq_2\ip_repo\axi_csr_3_0\src\CSR_V3_0_tb.vhd:]
WARNING: [filemgmt 56-199] Attempt to get parsing info during refresh. "On-the-fly" syntax checking information may be incorrect. [C:\Users\gattous\Vivado_Workspace\litefury_pcie_daq_2\ip_repo\axi_csr_3_0\hdl\axi_csr_v3_0.vhd:]
WARNING: [filemgmt 56-199] Attempt to get parsing info during refresh. "On-the-fly" syntax checking information may be incorrect. [C:\Users\gattous\Vivado_Workspace\litefury_pcie_daq_2\ip_repo\axi_csr_3_0\hdl\axi_csr_slave_lite_v3_0_axi_csr.vhd:]
WARNING: [filemgmt 56-199] Attempt to get parsing info during refresh. "On-the-fly" syntax checking information may be incorrect. [C:\Users\gattous\Vivado_Workspace\litefury_pcie_daq_2\ip_repo\axi_csr_3_0\hdl\axi_csr_slave_lite_v3_0_axi_csr.vhd:]
WARNING: [filemgmt 56-199] Attempt to get parsing info during refresh. "On-the-fly" syntax checking information may be incorrect. [C:\Users\gattous\Vivado_Workspace\litefury_pcie_daq_2\ip_repo\edit_axi_csr_v3_0.srcs\sim_1\new\CSR_V3_0_tb.vhd:]
WARNING: [filemgmt 56-199] Attempt to get parsing info during refresh. "On-the-fly" syntax checking information may be incorrect. [C:\Users\gattous\Vivado_Workspace\litefury_pcie_daq_2\ip_repo\axi_csr_3_0\hdl\axi_csr_slave_lite_v3_0_axi_csr.vhd:]
WARNING: [filemgmt 56-199] Attempt to get parsing info during refresh. "On-the-fly" syntax checking information may be incorrect. [C:\Users\gattous\Vivado_Workspace\litefury_pcie_daq_2\ip_repo\axi_csr_3_0\src\CSR_V3_0_tb.vhd:]
WARNING: [filemgmt 56-199] Attempt to get parsing info during refresh. "On-the-fly" syntax checking information may be incorrect. [C:\Users\gattous\Vivado_Workspace\litefury_pcie_daq_2\ip_repo\axi_csr_3_0\hdl\axi_csr_v3_0.vhd:]
WARNING: [filemgmt 56-199] Attempt to get parsing info during refresh. "On-the-fly" syntax checking information may be incorrect. [C:\Users\gattous\Vivado_Workspace\litefury_pcie_daq_2\ip_repo\axi_csr_3_0\src\CSR_V3_0_tb.vhd:]
WARNING: [filemgmt 56-199] Attempt to get parsing info during refresh. "On-the-fly" syntax checking information may be incorrect. [C:\Users\gattous\Vivado_Workspace\litefury_pcie_daq_2\ip_repo\axi_csr_3_0\src\CSR_V3_0_tb.vhd:]
close_sim
INFO: [Simtcl 6-16] Simulation closed
launch_simulation
Command: launch_simulation 
INFO: [Vivado 12-25911] Executing simulation for 'XSim' simulator
INFO: [Vivado 12-28535] Process started - Thu Aug  6 14:42:05 2026

INFO: [Vivado 12-12493] Simulation top is 'CSR_V3_0_tb'
INFO: [Vivado 12-5682] Launching behavioral simulation in 'C:/Users/gattous/Vivado_Workspace/litefury_pcie_daq_2/ip_repo/edit_axi_csr_v3_0.sim/sim_1/behav/xsim'
INFO: [SIM-utils-51] Simulation object is 'sim_1'
INFO: [SIM-utils-72] Using boost library from 'C:/AMDDesignTools/2025.2/Vivado/tps/boost_1_72_0'
INFO: [SIM-utils-54] Inspecting design source files for 'CSR_V3_0_tb' in fileset 'sim_1'...
INFO: [USF-XSim-97] Finding global include files...
INFO: [USF-XSim-98] Fetching design files from 'sim_1'...
INFO: [USF-XSim-2] XSim::Compile design
INFO: [USF-XSim-61] Executing 'COMPILE and ANALYZE' step in 'C:/Users/gattous/Vivado_Workspace/litefury_pcie_daq_2/ip_repo/edit_axi_csr_v3_0.sim/sim_1/behav/xsim'
"xvhdl --incr --relax -prj CSR_V3_0_tb_vhdl.prj"
INFO: [VRFC 10-163] Analyzing VHDL file "C:/Users/gattous/Vivado_Workspace/litefury_pcie_daq_2/ip_repo/axi_csr_3_0/src/CSR_V3_0_tb.vhd" into library xil_defaultlib
INFO: [VRFC 10-3107] analyzing entity 'CSR_V3_0_tb'
INFO: [USF-XSim-69] 'compile' step finished in '1' seconds
INFO: [USF-XSim-3] XSim::Elaborate design
INFO: [USF-XSim-61] Executing 'ELABORATE' step in 'C:/Users/gattous/Vivado_Workspace/litefury_pcie_daq_2/ip_repo/edit_axi_csr_v3_0.sim/sim_1/behav/xsim'
"xelab --incr --debug typical --relax --mt 2 -L xil_defaultlib -L secureip --snapshot CSR_V3_0_tb_behav xil_defaultlib.CSR_V3_0_tb -log elaborate.log"
Vivado Simulator v2025.2
Copyright 1986-2022 Xilinx, Inc. All Rights Reserved.
Copyright 2022-2025 Advanced Micro Devices, Inc. All Rights Reserved.
Running: C:/AMDDesignTools/2025.2/Vivado/bin/unwrapped/win64.o/xelab.exe --incr --debug typical --relax --mt 2 -L xil_defaultlib -L secureip --snapshot CSR_V3_0_tb_behav xil_defaultlib.CSR_V3_0_tb -log elaborate.log 
Using 2 slave threads.
Starting static elaboration
Completed static elaboration
Starting simulation data flow analysis
Completed simulation data flow analysis
Time Resolution for simulation is 1ps
Compiling package std.standard
Compiling package std.textio
Compiling package ieee.std_logic_1164
Compiling package ieee.numeric_std
Compiling architecture arch_imp of entity xil_defaultlib.axi_csr_slave_lite_v3_0_CONTROL_STATUS_REG [axi_csr_slave_lite_v3_0_control_...]
Compiling architecture arch_imp of entity xil_defaultlib.axi_csr_V3_0 [axi_csr_v3_0_default]
Compiling architecture behavioral of entity xil_defaultlib.csr_v3_0_tb
Built simulation snapshot CSR_V3_0_tb_behav
INFO: [USF-XSim-69] 'elaborate' step finished in '2' seconds
INFO: [USF-XSim-4] XSim::Simulate design
INFO: [USF-XSim-61] Executing 'SIMULATE' step in 'C:/Users/gattous/Vivado_Workspace/litefury_pcie_daq_2/ip_repo/edit_axi_csr_v3_0.sim/sim_1/behav/xsim'
INFO: [USF-XSim-98] *** Running xsim
   with args "CSR_V3_0_tb_behav -key {Behavioral:sim_1:Functional:CSR_V3_0_tb} -tclbatch {CSR_V3_0_tb.tcl} -log {simulate.log}"
INFO: [USF-XSim-8] Loading simulator feature
Time resolution is 1 ps
source CSR_V3_0_tb.tcl
# set curr_wave [current_wave_config]
# if { [string length $curr_wave] == 0 } {
#   if { [llength [get_objects]] > 0} {
#     add_wave /
#     set_property needs_save false [current_wave_config]
#   } else {
#      send_msg_id Add_Wave-1 WARNING "No top level signals found. Simulator will start without a wave window. If you want to open a wave window go to 'File->New Waveform Configuration' or type 'create_wave_config' in the TCL console."
#   }
# }
# run 1000ns
Error: is_running_sig must be '0' after reset
Time: 6 ns  Iteration: 0  Process: /CSR_V3_0_tb/reset_process  File: C:/Users/gattous/Vivado_Workspace/litefury_pcie_daq_2/ip_repo/axi_csr_3_0/src/CSR_V3_0_tb.vhd
INFO: [USF-XSim-96] XSim completed. Design snapshot 'CSR_V3_0_tb_behav' loaded.
INFO: [USF-XSim-97] XSim simulation ran for 1000ns
launch_simulation: Time (s): cpu = 00:00:02 ; elapsed = 00:00:06 . Memory (MB): peak = 3362.148 ; gain = 0.000
run 80955 ns
run 80955 ns
run 80955 ns
run 80955 ns
run 80955 ns
run 80955 ns
run 80955 ns
run 80955 ns
run 80955 ns
run 80955 ns
run 80955 ns
run 80955 ns
run 80955 ns
run 80955 ns
run 80955 ns
run 80955 ns
run 80955 ns
run 80955 ns
close_sim
INFO: [Simtcl 6-16] Simulation closed
launch_simulation
Command: launch_simulation 
INFO: [Vivado 12-25911] Executing simulation for 'XSim' simulator
INFO: [Vivado 12-28535] Process started - Thu Aug  6 14:44:07 2026

INFO: [Vivado 12-12493] Simulation top is 'CSR_V3_0_tb'
INFO: [Vivado 12-5682] Launching behavioral simulation in 'C:/Users/gattous/Vivado_Workspace/litefury_pcie_daq_2/ip_repo/edit_axi_csr_v3_0.sim/sim_1/behav/xsim'
INFO: [SIM-utils-51] Simulation object is 'sim_1'
INFO: [SIM-utils-72] Using boost library from 'C:/AMDDesignTools/2025.2/Vivado/tps/boost_1_72_0'
INFO: [SIM-utils-54] Inspecting design source files for 'CSR_V3_0_tb' in fileset 'sim_1'...
INFO: [USF-XSim-97] Finding global include files...
INFO: [USF-XSim-98] Fetching design files from 'sim_1'...
INFO: [USF-XSim-2] XSim::Compile design
INFO: [USF-XSim-61] Executing 'COMPILE and ANALYZE' step in 'C:/Users/gattous/Vivado_Workspace/litefury_pcie_daq_2/ip_repo/edit_axi_csr_v3_0.sim/sim_1/behav/xsim'
"xvhdl --incr --relax -prj CSR_V3_0_tb_vhdl.prj"
INFO: [VRFC 10-163] Analyzing VHDL file "C:/Users/gattous/Vivado_Workspace/litefury_pcie_daq_2/ip_repo/axi_csr_3_0/src/CSR_V3_0_tb.vhd" into library xil_defaultlib
INFO: [VRFC 10-3107] analyzing entity 'CSR_V3_0_tb'
INFO: [USF-XSim-69] 'compile' step finished in '1' seconds
INFO: [USF-XSim-3] XSim::Elaborate design
INFO: [USF-XSim-61] Executing 'ELABORATE' step in 'C:/Users/gattous/Vivado_Workspace/litefury_pcie_daq_2/ip_repo/edit_axi_csr_v3_0.sim/sim_1/behav/xsim'
"xelab --incr --debug typical --relax --mt 2 -L xil_defaultlib -L secureip --snapshot CSR_V3_0_tb_behav xil_defaultlib.CSR_V3_0_tb -log elaborate.log"
Vivado Simulator v2025.2
Copyright 1986-2022 Xilinx, Inc. All Rights Reserved.
Copyright 2022-2025 Advanced Micro Devices, Inc. All Rights Reserved.
Running: C:/AMDDesignTools/2025.2/Vivado/bin/unwrapped/win64.o/xelab.exe --incr --debug typical --relax --mt 2 -L xil_defaultlib -L secureip --snapshot CSR_V3_0_tb_behav xil_defaultlib.CSR_V3_0_tb -log elaborate.log 
Using 2 slave threads.
Starting static elaboration
Completed static elaboration
Starting simulation data flow analysis
Completed simulation data flow analysis
Time Resolution for simulation is 1ps
Compiling package std.standard
Compiling package std.textio
Compiling package ieee.std_logic_1164
Compiling package ieee.numeric_std
Compiling architecture arch_imp of entity xil_defaultlib.axi_csr_slave_lite_v3_0_CONTROL_STATUS_REG [axi_csr_slave_lite_v3_0_control_...]
Compiling architecture arch_imp of entity xil_defaultlib.axi_csr_V3_0 [axi_csr_v3_0_default]
Compiling architecture behavioral of entity xil_defaultlib.csr_v3_0_tb
Built simulation snapshot CSR_V3_0_tb_behav
INFO: [USF-XSim-69] 'elaborate' step finished in '2' seconds
INFO: [USF-XSim-4] XSim::Simulate design
INFO: [USF-XSim-61] Executing 'SIMULATE' step in 'C:/Users/gattous/Vivado_Workspace/litefury_pcie_daq_2/ip_repo/edit_axi_csr_v3_0.sim/sim_1/behav/xsim'
INFO: [USF-XSim-98] *** Running xsim
   with args "CSR_V3_0_tb_behav -key {Behavioral:sim_1:Functional:CSR_V3_0_tb} -tclbatch {CSR_V3_0_tb.tcl} -log {simulate.log}"
INFO: [USF-XSim-8] Loading simulator feature
Time resolution is 1 ps
source CSR_V3_0_tb.tcl
# set curr_wave [current_wave_config]
# if { [string length $curr_wave] == 0 } {
#   if { [llength [get_objects]] > 0} {
#     add_wave /
#     set_property needs_save false [current_wave_config]
#   } else {
#      send_msg_id Add_Wave-1 WARNING "No top level signals found. Simulator will start without a wave window. If you want to open a wave window go to 'File->New Waveform Configuration' or type 'create_wave_config' in the TCL console."
#   }
# }
# run 1000ns
Error: is_running_sig must be '0' after reset
Time: 6 ns  Iteration: 0  Process: /CSR_V3_0_tb/reset_process  File: C:/Users/gattous/Vivado_Workspace/litefury_pcie_daq_2/ip_repo/axi_csr_3_0/src/CSR_V3_0_tb.vhd
INFO: [USF-XSim-96] XSim completed. Design snapshot 'CSR_V3_0_tb_behav' loaded.
INFO: [USF-XSim-97] XSim simulation ran for 1000ns
launch_simulation: Time (s): cpu = 00:00:02 ; elapsed = 00:00:05 . Memory (MB): peak = 3362.148 ; gain = 0.000
run 80955 ns
run 80955 ns
run 80955 ns
WARNING: [filemgmt 56-199] Attempt to get parsing info during refresh. "On-the-fly" syntax checking information may be incorrect. [C:\Users\gattous\Vivado_Workspace\litefury_pcie_daq_2\ip_repo\edit_axi_csr_v3_0.srcs\sim_1\new\CSR_V3_0_tb.vhd:]
WARNING: [filemgmt 56-199] Attempt to get parsing info during refresh. "On-the-fly" syntax checking information may be incorrect. [C:\Users\gattous\Vivado_Workspace\litefury_pcie_daq_2\ip_repo\axi_csr_3_0\hdl\axi_csr_slave_lite_v3_0_axi_csr.vhd:]
WARNING: [filemgmt 56-199] Attempt to get parsing info during refresh. "On-the-fly" syntax checking information may be incorrect. [C:\Users\gattous\Vivado_Workspace\litefury_pcie_daq_2\ip_repo\axi_csr_3_0\src\CSR_V3_0_tb.vhd:]
WARNING: [filemgmt 56-199] Attempt to get parsing info during refresh. "On-the-fly" syntax checking information may be incorrect. [C:\Users\gattous\Vivado_Workspace\litefury_pcie_daq_2\ip_repo\axi_csr_3_0\hdl\axi_csr_v3_0.vhd:]
WARNING: [filemgmt 56-199] Attempt to get parsing info during refresh. "On-the-fly" syntax checking information may be incorrect. [C:\Users\gattous\Vivado_Workspace\litefury_pcie_daq_2\ip_repo\axi_csr_3_0\hdl\axi_csr_v3_0.vhd:]
WARNING: [filemgmt 56-199] Attempt to get parsing info during refresh. "On-the-fly" syntax checking information may be incorrect. [C:\Users\gattous\Vivado_Workspace\litefury_pcie_daq_2\ip_repo\axi_csr_3_0\hdl\axi_csr_v3_0.vhd:]
WARNING: [filemgmt 56-199] Attempt to get parsing info during refresh. "On-the-fly" syntax checking information may be incorrect. [C:\Users\gattous\Vivado_Workspace\litefury_pcie_daq_2\ip_repo\edit_axi_csr_v3_0.srcs\sim_1\new\CSR_V3_0_tb.vhd:]
WARNING: [filemgmt 56-199] Attempt to get parsing info during refresh. "On-the-fly" syntax checking information may be incorrect. [C:\Users\gattous\Vivado_Workspace\litefury_pcie_daq_2\ip_repo\axi_csr_3_0\hdl\axi_csr_slave_lite_v3_0_axi_csr.vhd:]
WARNING: [filemgmt 56-199] Attempt to get parsing info during refresh. "On-the-fly" syntax checking information may be incorrect. [C:\Users\gattous\Vivado_Workspace\litefury_pcie_daq_2\ip_repo\axi_csr_3_0\src\CSR_V3_0_tb.vhd:]
WARNING: [filemgmt 56-199] Attempt to get parsing info during refresh. "On-the-fly" syntax checking information may be incorrect. [C:\Users\gattous\Vivado_Workspace\litefury_pcie_daq_2\ip_repo\axi_csr_3_0\hdl\axi_csr_v3_0.vhd:]
WARNING: [filemgmt 56-199] Attempt to get parsing info during refresh. "On-the-fly" syntax checking information may be incorrect. [C:\Users\gattous\Vivado_Workspace\litefury_pcie_daq_2\ip_repo\axi_csr_3_0\hdl\axi_csr_slave_lite_v3_0_axi_csr.vhd:]
WARNING: [filemgmt 56-199] Attempt to get parsing info during refresh. "On-the-fly" syntax checking information may be incorrect. [C:\Users\gattous\Vivado_Workspace\litefury_pcie_daq_2\ip_repo\axi_csr_3_0\hdl\axi_csr_slave_lite_v3_0_axi_csr.vhd:]
WARNING: [filemgmt 56-199] Attempt to get parsing info during refresh. "On-the-fly" syntax checking information may be incorrect. [C:\Users\gattous\Vivado_Workspace\litefury_pcie_daq_2\ip_repo\edit_axi_csr_v3_0.srcs\sim_1\new\CSR_V3_0_tb.vhd:]
WARNING: [filemgmt 56-199] Attempt to get parsing info during refresh. "On-the-fly" syntax checking information may be incorrect. [C:\Users\gattous\Vivado_Workspace\litefury_pcie_daq_2\ip_repo\axi_csr_3_0\hdl\axi_csr_slave_lite_v3_0_axi_csr.vhd:]
WARNING: [filemgmt 56-199] Attempt to get parsing info during refresh. "On-the-fly" syntax checking information may be incorrect. [C:\Users\gattous\Vivado_Workspace\litefury_pcie_daq_2\ip_repo\axi_csr_3_0\src\CSR_V3_0_tb.vhd:]
WARNING: [filemgmt 56-199] Attempt to get parsing info during refresh. "On-the-fly" syntax checking information may be incorrect. [C:\Users\gattous\Vivado_Workspace\litefury_pcie_daq_2\ip_repo\axi_csr_3_0\hdl\axi_csr_v3_0.vhd:]
WARNING: [filemgmt 56-199] Attempt to get parsing info during refresh. "On-the-fly" syntax checking information may be incorrect. [C:\Users\gattous\Vivado_Workspace\litefury_pcie_daq_2\ip_repo\axi_csr_3_0\src\CSR_V3_0_tb.vhd:]
WARNING: [filemgmt 56-199] Attempt to get parsing info during refresh. "On-the-fly" syntax checking information may be incorrect. [C:\Users\gattous\Vivado_Workspace\litefury_pcie_daq_2\ip_repo\axi_csr_3_0\src\CSR_V3_0_tb.vhd:]
close_sim
INFO: [Simtcl 6-16] Simulation closed
launch_simulation
Command: launch_simulation 
INFO: [Vivado 12-25911] Executing simulation for 'XSim' simulator
INFO: [Vivado 12-28535] Process started - Thu Aug  6 14:46:18 2026

INFO: [Vivado 12-12493] Simulation top is 'CSR_V3_0_tb'
INFO: [Vivado 12-5682] Launching behavioral simulation in 'C:/Users/gattous/Vivado_Workspace/litefury_pcie_daq_2/ip_repo/edit_axi_csr_v3_0.sim/sim_1/behav/xsim'
INFO: [SIM-utils-51] Simulation object is 'sim_1'
INFO: [SIM-utils-72] Using boost library from 'C:/AMDDesignTools/2025.2/Vivado/tps/boost_1_72_0'
INFO: [SIM-utils-54] Inspecting design source files for 'CSR_V3_0_tb' in fileset 'sim_1'...
INFO: [USF-XSim-97] Finding global include files...
INFO: [USF-XSim-98] Fetching design files from 'sim_1'...
INFO: [USF-XSim-2] XSim::Compile design
INFO: [USF-XSim-61] Executing 'COMPILE and ANALYZE' step in 'C:/Users/gattous/Vivado_Workspace/litefury_pcie_daq_2/ip_repo/edit_axi_csr_v3_0.sim/sim_1/behav/xsim'
"xvhdl --incr --relax -prj CSR_V3_0_tb_vhdl.prj"
INFO: [VRFC 10-163] Analyzing VHDL file "C:/Users/gattous/Vivado_Workspace/litefury_pcie_daq_2/ip_repo/axi_csr_3_0/src/CSR_V3_0_tb.vhd" into library xil_defaultlib
INFO: [VRFC 10-3107] analyzing entity 'CSR_V3_0_tb'
INFO: [USF-XSim-69] 'compile' step finished in '1' seconds
INFO: [USF-XSim-3] XSim::Elaborate design
INFO: [USF-XSim-61] Executing 'ELABORATE' step in 'C:/Users/gattous/Vivado_Workspace/litefury_pcie_daq_2/ip_repo/edit_axi_csr_v3_0.sim/sim_1/behav/xsim'
"xelab --incr --debug typical --relax --mt 2 -L xil_defaultlib -L secureip --snapshot CSR_V3_0_tb_behav xil_defaultlib.CSR_V3_0_tb -log elaborate.log"
Vivado Simulator v2025.2
Copyright 1986-2022 Xilinx, Inc. All Rights Reserved.
Copyright 2022-2025 Advanced Micro Devices, Inc. All Rights Reserved.
Running: C:/AMDDesignTools/2025.2/Vivado/bin/unwrapped/win64.o/xelab.exe --incr --debug typical --relax --mt 2 -L xil_defaultlib -L secureip --snapshot CSR_V3_0_tb_behav xil_defaultlib.CSR_V3_0_tb -log elaborate.log 
Using 2 slave threads.
Starting static elaboration
Completed static elaboration
Starting simulation data flow analysis
Completed simulation data flow analysis
Time Resolution for simulation is 1ps
Compiling package std.standard
Compiling package std.textio
Compiling package ieee.std_logic_1164
Compiling package ieee.numeric_std
Compiling architecture arch_imp of entity xil_defaultlib.axi_csr_slave_lite_v3_0_CONTROL_STATUS_REG [axi_csr_slave_lite_v3_0_control_...]
Compiling architecture arch_imp of entity xil_defaultlib.axi_csr_V3_0 [axi_csr_v3_0_default]
Compiling architecture behavioral of entity xil_defaultlib.csr_v3_0_tb
Built simulation snapshot CSR_V3_0_tb_behav
INFO: [USF-XSim-69] 'elaborate' step finished in '2' seconds
INFO: [USF-XSim-4] XSim::Simulate design
INFO: [USF-XSim-61] Executing 'SIMULATE' step in 'C:/Users/gattous/Vivado_Workspace/litefury_pcie_daq_2/ip_repo/edit_axi_csr_v3_0.sim/sim_1/behav/xsim'
INFO: [USF-XSim-98] *** Running xsim
   with args "CSR_V3_0_tb_behav -key {Behavioral:sim_1:Functional:CSR_V3_0_tb} -tclbatch {CSR_V3_0_tb.tcl} -log {simulate.log}"
INFO: [USF-XSim-8] Loading simulator feature
Time resolution is 1 ps
source CSR_V3_0_tb.tcl
# set curr_wave [current_wave_config]
# if { [string length $curr_wave] == 0 } {
#   if { [llength [get_objects]] > 0} {
#     add_wave /
#     set_property needs_save false [current_wave_config]
#   } else {
#      send_msg_id Add_Wave-1 WARNING "No top level signals found. Simulator will start without a wave window. If you want to open a wave window go to 'File->New Waveform Configuration' or type 'create_wave_config' in the TCL console."
#   }
# }
# run 1000ns
Error: is_running_sig must be '0' after reset
Time: 6 ns  Iteration: 0  Process: /CSR_V3_0_tb/reset_process  File: C:/Users/gattous/Vivado_Workspace/litefury_pcie_daq_2/ip_repo/axi_csr_3_0/src/CSR_V3_0_tb.vhd
INFO: [USF-XSim-96] XSim completed. Design snapshot 'CSR_V3_0_tb_behav' loaded.
INFO: [USF-XSim-97] XSim simulation ran for 1000ns
launch_simulation: Time (s): cpu = 00:00:02 ; elapsed = 00:00:05 . Memory (MB): peak = 3362.148 ; gain = 0.000
run 80955 ns
WARNING: [filemgmt 56-199] Attempt to get parsing info during refresh. "On-the-fly" syntax checking information may be incorrect. [C:\Users\gattous\Vivado_Workspace\litefury_pcie_daq_2\ip_repo\edit_axi_csr_v3_0.srcs\sim_1\new\CSR_V3_0_tb.vhd:]
WARNING: [filemgmt 56-199] Attempt to get parsing info during refresh. "On-the-fly" syntax checking information may be incorrect. [C:\Users\gattous\Vivado_Workspace\litefury_pcie_daq_2\ip_repo\axi_csr_3_0\hdl\axi_csr_slave_lite_v3_0_axi_csr.vhd:]
WARNING: [filemgmt 56-199] Attempt to get parsing info during refresh. "On-the-fly" syntax checking information may be incorrect. [C:\Users\gattous\Vivado_Workspace\litefury_pcie_daq_2\ip_repo\axi_csr_3_0\src\CSR_V3_0_tb.vhd:]
WARNING: [filemgmt 56-199] Attempt to get parsing info during refresh. "On-the-fly" syntax checking information may be incorrect. [C:\Users\gattous\Vivado_Workspace\litefury_pcie_daq_2\ip_repo\axi_csr_3_0\hdl\axi_csr_v3_0.vhd:]
WARNING: [filemgmt 56-199] Attempt to get parsing info during refresh. "On-the-fly" syntax checking information may be incorrect. [C:\Users\gattous\Vivado_Workspace\litefury_pcie_daq_2\ip_repo\axi_csr_3_0\hdl\axi_csr_v3_0.vhd:]
WARNING: [filemgmt 56-199] Attempt to get parsing info during refresh. "On-the-fly" syntax checking information may be incorrect. [C:\Users\gattous\Vivado_Workspace\litefury_pcie_daq_2\ip_repo\axi_csr_3_0\hdl\axi_csr_v3_0.vhd:]
WARNING: [filemgmt 56-199] Attempt to get parsing info during refresh. "On-the-fly" syntax checking information may be incorrect. [C:\Users\gattous\Vivado_Workspace\litefury_pcie_daq_2\ip_repo\edit_axi_csr_v3_0.srcs\sim_1\new\CSR_V3_0_tb.vhd:]
WARNING: [filemgmt 56-199] Attempt to get parsing info during refresh. "On-the-fly" syntax checking information may be incorrect. [C:\Users\gattous\Vivado_Workspace\litefury_pcie_daq_2\ip_repo\axi_csr_3_0\hdl\axi_csr_slave_lite_v3_0_axi_csr.vhd:]
WARNING: [filemgmt 56-199] Attempt to get parsing info during refresh. "On-the-fly" syntax checking information may be incorrect. [C:\Users\gattous\Vivado_Workspace\litefury_pcie_daq_2\ip_repo\axi_csr_3_0\src\CSR_V3_0_tb.vhd:]
WARNING: [filemgmt 56-199] Attempt to get parsing info during refresh. "On-the-fly" syntax checking information may be incorrect. [C:\Users\gattous\Vivado_Workspace\litefury_pcie_daq_2\ip_repo\axi_csr_3_0\hdl\axi_csr_v3_0.vhd:]
WARNING: [filemgmt 56-199] Attempt to get parsing info during refresh. "On-the-fly" syntax checking information may be incorrect. [C:\Users\gattous\Vivado_Workspace\litefury_pcie_daq_2\ip_repo\axi_csr_3_0\src\CSR_V3_0_tb.vhd:]
WARNING: [filemgmt 56-199] Attempt to get parsing info during refresh. "On-the-fly" syntax checking information may be incorrect. [C:\Users\gattous\Vivado_Workspace\litefury_pcie_daq_2\ip_repo\axi_csr_3_0\src\CSR_V3_0_tb.vhd:]
WARNING: [filemgmt 56-199] Attempt to get parsing info during refresh. "On-the-fly" syntax checking information may be incorrect. [C:\Users\gattous\Vivado_Workspace\litefury_pcie_daq_2\ip_repo\edit_axi_csr_v3_0.srcs\sim_1\new\CSR_V3_0_tb.vhd:]
WARNING: [filemgmt 56-199] Attempt to get parsing info during refresh. "On-the-fly" syntax checking information may be incorrect. [C:\Users\gattous\Vivado_Workspace\litefury_pcie_daq_2\ip_repo\axi_csr_3_0\hdl\axi_csr_slave_lite_v3_0_axi_csr.vhd:]
WARNING: [filemgmt 56-199] Attempt to get parsing info during refresh. "On-the-fly" syntax checking information may be incorrect. [C:\Users\gattous\Vivado_Workspace\litefury_pcie_daq_2\ip_repo\axi_csr_3_0\src\CSR_V3_0_tb.vhd:]
WARNING: [filemgmt 56-199] Attempt to get parsing info during refresh. "On-the-fly" syntax checking information may be incorrect. [C:\Users\gattous\Vivado_Workspace\litefury_pcie_daq_2\ip_repo\axi_csr_3_0\hdl\axi_csr_v3_0.vhd:]
WARNING: [filemgmt 56-199] Attempt to get parsing info during refresh. "On-the-fly" syntax checking information may be incorrect. [C:\Users\gattous\Vivado_Workspace\litefury_pcie_daq_2\ip_repo\edit_axi_csr_v3_0.srcs\sim_1\new\CSR_V3_0_tb.vhd:]
WARNING: [filemgmt 56-199] Attempt to get parsing info during refresh. "On-the-fly" syntax checking information may be incorrect. [C:\Users\gattous\Vivado_Workspace\litefury_pcie_daq_2\ip_repo\edit_axi_csr_v3_0.srcs\sim_1\new\CSR_V3_0_tb.vhd:]
ERROR: [Common 17-180] Spawn failed: Der Vorgang wurde erfolgreich beendet.

close_sim
INFO: [Simtcl 6-16] Simulation closed
launch_simulation
Command: launch_simulation 
INFO: [Vivado 12-25911] Executing simulation for 'XSim' simulator
INFO: [Vivado 12-28535] Process started - Thu Aug  6 14:48:33 2026

INFO: [Vivado 12-12493] Simulation top is 'CSR_V3_0_tb'
INFO: [Vivado 12-5682] Launching behavioral simulation in 'C:/Users/gattous/Vivado_Workspace/litefury_pcie_daq_2/ip_repo/edit_axi_csr_v3_0.sim/sim_1/behav/xsim'
INFO: [SIM-utils-51] Simulation object is 'sim_1'
INFO: [SIM-utils-72] Using boost library from 'C:/AMDDesignTools/2025.2/Vivado/tps/boost_1_72_0'
INFO: [SIM-utils-54] Inspecting design source files for 'CSR_V3_0_tb' in fileset 'sim_1'...
INFO: [USF-XSim-97] Finding global include files...
INFO: [USF-XSim-98] Fetching design files from 'sim_1'...
INFO: [USF-XSim-2] XSim::Compile design
INFO: [USF-XSim-61] Executing 'COMPILE and ANALYZE' step in 'C:/Users/gattous/Vivado_Workspace/litefury_pcie_daq_2/ip_repo/edit_axi_csr_v3_0.sim/sim_1/behav/xsim'
"xvhdl --incr --relax -prj CSR_V3_0_tb_vhdl.prj"
INFO: [VRFC 10-163] Analyzing VHDL file "C:/Users/gattous/Vivado_Workspace/litefury_pcie_daq_2/ip_repo/axi_csr_3_0/src/CSR_V3_0_tb.vhd" into library xil_defaultlib
INFO: [VRFC 10-3107] analyzing entity 'CSR_V3_0_tb'
INFO: [USF-XSim-69] 'compile' step finished in '1' seconds
INFO: [USF-XSim-3] XSim::Elaborate design
INFO: [USF-XSim-61] Executing 'ELABORATE' step in 'C:/Users/gattous/Vivado_Workspace/litefury_pcie_daq_2/ip_repo/edit_axi_csr_v3_0.sim/sim_1/behav/xsim'
"xelab --incr --debug typical --relax --mt 2 -L xil_defaultlib -L secureip --snapshot CSR_V3_0_tb_behav xil_defaultlib.CSR_V3_0_tb -log elaborate.log"
Vivado Simulator v2025.2
Copyright 1986-2022 Xilinx, Inc. All Rights Reserved.
Copyright 2022-2025 Advanced Micro Devices, Inc. All Rights Reserved.
Running: C:/AMDDesignTools/2025.2/Vivado/bin/unwrapped/win64.o/xelab.exe --incr --debug typical --relax --mt 2 -L xil_defaultlib -L secureip --snapshot CSR_V3_0_tb_behav xil_defaultlib.CSR_V3_0_tb -log elaborate.log 
Using 2 slave threads.
Starting static elaboration
Completed static elaboration
Starting simulation data flow analysis
Completed simulation data flow analysis
Time Resolution for simulation is 1ps
Compiling package std.standard
Compiling package std.textio
Compiling package ieee.std_logic_1164
Compiling package ieee.numeric_std
Compiling architecture arch_imp of entity xil_defaultlib.axi_csr_slave_lite_v3_0_CONTROL_STATUS_REG [axi_csr_slave_lite_v3_0_control_...]
Compiling architecture arch_imp of entity xil_defaultlib.axi_csr_V3_0 [axi_csr_v3_0_default]
Compiling architecture behavioral of entity xil_defaultlib.csr_v3_0_tb
Built simulation snapshot CSR_V3_0_tb_behav
INFO: [USF-XSim-69] 'elaborate' step finished in '2' seconds
INFO: [USF-XSim-4] XSim::Simulate design
INFO: [USF-XSim-61] Executing 'SIMULATE' step in 'C:/Users/gattous/Vivado_Workspace/litefury_pcie_daq_2/ip_repo/edit_axi_csr_v3_0.sim/sim_1/behav/xsim'
INFO: [USF-XSim-98] *** Running xsim
   with args "CSR_V3_0_tb_behav -key {Behavioral:sim_1:Functional:CSR_V3_0_tb} -tclbatch {CSR_V3_0_tb.tcl} -log {simulate.log}"
INFO: [USF-XSim-8] Loading simulator feature
Time resolution is 1 ps
source CSR_V3_0_tb.tcl
# set curr_wave [current_wave_config]
# if { [string length $curr_wave] == 0 } {
#   if { [llength [get_objects]] > 0} {
#     add_wave /
#     set_property needs_save false [current_wave_config]
#   } else {
#      send_msg_id Add_Wave-1 WARNING "No top level signals found. Simulator will start without a wave window. If you want to open a wave window go to 'File->New Waveform Configuration' or type 'create_wave_config' in the TCL console."
#   }
# }
# run 1000ns
Error: is_running_sig must be '0' after reset
Time: 6 ns  Iteration: 0  Process: /CSR_V3_0_tb/reset_process  File: C:/Users/gattous/Vivado_Workspace/litefury_pcie_daq_2/ip_repo/axi_csr_3_0/src/CSR_V3_0_tb.vhd
INFO: [USF-XSim-96] XSim completed. Design snapshot 'CSR_V3_0_tb_behav' loaded.
INFO: [USF-XSim-97] XSim simulation ran for 1000ns
launch_simulation: Time (s): cpu = 00:00:03 ; elapsed = 00:00:06 . Memory (MB): peak = 3362.148 ; gain = 0.000
WARNING: [filemgmt 56-199] Attempt to get parsing info during refresh. "On-the-fly" syntax checking information may be incorrect. [C:\Users\gattous\Vivado_Workspace\litefury_pcie_daq_2\ip_repo\edit_axi_csr_v3_0.srcs\sim_1\new\CSR_V3_0_tb.vhd:]
WARNING: [filemgmt 56-199] Attempt to get parsing info during refresh. "On-the-fly" syntax checking information may be incorrect. [C:\Users\gattous\Vivado_Workspace\litefury_pcie_daq_2\ip_repo\axi_csr_3_0\hdl\axi_csr_slave_lite_v3_0_axi_csr.vhd:]
WARNING: [filemgmt 56-199] Attempt to get parsing info during refresh. "On-the-fly" syntax checking information may be incorrect. [C:\Users\gattous\Vivado_Workspace\litefury_pcie_daq_2\ip_repo\axi_csr_3_0\src\CSR_V3_0_tb.vhd:]
WARNING: [filemgmt 56-199] Attempt to get parsing info during refresh. "On-the-fly" syntax checking information may be incorrect. [C:\Users\gattous\Vivado_Workspace\litefury_pcie_daq_2\ip_repo\axi_csr_3_0\hdl\axi_csr_v3_0.vhd:]
WARNING: [filemgmt 56-199] Attempt to get parsing info during refresh. "On-the-fly" syntax checking information may be incorrect. [C:\Users\gattous\Vivado_Workspace\litefury_pcie_daq_2\ip_repo\edit_axi_csr_v3_0.srcs\sim_1\new\CSR_V3_0_tb.vhd:]
WARNING: [filemgmt 56-199] Attempt to get parsing info during refresh. "On-the-fly" syntax checking information may be incorrect. [C:\Users\gattous\Vivado_Workspace\litefury_pcie_daq_2\ip_repo\edit_axi_csr_v3_0.srcs\sim_1\new\CSR_V3_0_tb.vhd:]
WARNING: [filemgmt 56-199] Attempt to get parsing info during refresh. "On-the-fly" syntax checking information may be incorrect. [C:\Users\gattous\Vivado_Workspace\litefury_pcie_daq_2\ip_repo\edit_axi_csr_v3_0.srcs\sim_1\new\CSR_V3_0_tb.vhd:]
WARNING: [filemgmt 56-199] Attempt to get parsing info during refresh. "On-the-fly" syntax checking information may be incorrect. [C:\Users\gattous\Vivado_Workspace\litefury_pcie_daq_2\ip_repo\axi_csr_3_0\hdl\axi_csr_slave_lite_v3_0_axi_csr.vhd:]
WARNING: [filemgmt 56-199] Attempt to get parsing info during refresh. "On-the-fly" syntax checking information may be incorrect. [C:\Users\gattous\Vivado_Workspace\litefury_pcie_daq_2\ip_repo\axi_csr_3_0\src\CSR_V3_0_tb.vhd:]
WARNING: [filemgmt 56-199] Attempt to get parsing info during refresh. "On-the-fly" syntax checking information may be incorrect. [C:\Users\gattous\Vivado_Workspace\litefury_pcie_daq_2\ip_repo\axi_csr_3_0\hdl\axi_csr_v3_0.vhd:]
WARNING: [filemgmt 56-199] Attempt to get parsing info during refresh. "On-the-fly" syntax checking information may be incorrect. [C:\Users\gattous\Vivado_Workspace\litefury_pcie_daq_2\ip_repo\axi_csr_3_0\hdl\axi_csr_v3_0.vhd:]
WARNING: [filemgmt 56-199] Attempt to get parsing info during refresh. "On-the-fly" syntax checking information may be incorrect. [C:\Users\gattous\Vivado_Workspace\litefury_pcie_daq_2\ip_repo\axi_csr_3_0\hdl\axi_csr_v3_0.vhd:]
WARNING: [filemgmt 56-199] Attempt to get parsing info during refresh. "On-the-fly" syntax checking information may be incorrect. [C:\Users\gattous\Vivado_Workspace\litefury_pcie_daq_2\ip_repo\edit_axi_csr_v3_0.srcs\sim_1\new\CSR_V3_0_tb.vhd:]
WARNING: [filemgmt 56-199] Attempt to get parsing info during refresh. "On-the-fly" syntax checking information may be incorrect. [C:\Users\gattous\Vivado_Workspace\litefury_pcie_daq_2\ip_repo\axi_csr_3_0\hdl\axi_csr_slave_lite_v3_0_axi_csr.vhd:]
WARNING: [filemgmt 56-199] Attempt to get parsing info during refresh. "On-the-fly" syntax checking information may be incorrect. [C:\Users\gattous\Vivado_Workspace\litefury_pcie_daq_2\ip_repo\axi_csr_3_0\src\CSR_V3_0_tb.vhd:]
WARNING: [filemgmt 56-199] Attempt to get parsing info during refresh. "On-the-fly" syntax checking information may be incorrect. [C:\Users\gattous\Vivado_Workspace\litefury_pcie_daq_2\ip_repo\axi_csr_3_0\hdl\axi_csr_v3_0.vhd:]
WARNING: [filemgmt 56-199] Attempt to get parsing info during refresh. "On-the-fly" syntax checking information may be incorrect. [C:\Users\gattous\Vivado_Workspace\litefury_pcie_daq_2\ip_repo\axi_csr_3_0\hdl\axi_csr_slave_lite_v3_0_axi_csr.vhd:]
WARNING: [filemgmt 56-199] Attempt to get parsing info during refresh. "On-the-fly" syntax checking information may be incorrect. [C:\Users\gattous\Vivado_Workspace\litefury_pcie_daq_2\ip_repo\axi_csr_3_0\hdl\axi_csr_slave_lite_v3_0_axi_csr.vhd:]
WARNING: [filemgmt 56-199] Attempt to get parsing info during refresh. "On-the-fly" syntax checking information may be incorrect. [C:\Users\gattous\Vivado_Workspace\litefury_pcie_daq_2\ip_repo\edit_axi_csr_v3_0.srcs\sim_1\new\CSR_V3_0_tb.vhd:]
WARNING: [filemgmt 56-199] Attempt to get parsing info during refresh. "On-the-fly" syntax checking information may be incorrect. [C:\Users\gattous\Vivado_Workspace\litefury_pcie_daq_2\ip_repo\axi_csr_3_0\hdl\axi_csr_slave_lite_v3_0_axi_csr.vhd:]
WARNING: [filemgmt 56-199] Attempt to get parsing info during refresh. "On-the-fly" syntax checking information may be incorrect. [C:\Users\gattous\Vivado_Workspace\litefury_pcie_daq_2\ip_repo\axi_csr_3_0\src\CSR_V3_0_tb.vhd:]
WARNING: [filemgmt 56-199] Attempt to get parsing info during refresh. "On-the-fly" syntax checking information may be incorrect. [C:\Users\gattous\Vivado_Workspace\litefury_pcie_daq_2\ip_repo\axi_csr_3_0\hdl\axi_csr_v3_0.vhd:]
WARNING: [filemgmt 56-199] Attempt to get parsing info during refresh. "On-the-fly" syntax checking information may be incorrect. [C:\Users\gattous\Vivado_Workspace\litefury_pcie_daq_2\ip_repo\axi_csr_3_0\src\CSR_V3_0_tb.vhd:]
WARNING: [filemgmt 56-199] Attempt to get parsing info during refresh. "On-the-fly" syntax checking information may be incorrect. [C:\Users\gattous\Vivado_Workspace\litefury_pcie_daq_2\ip_repo\axi_csr_3_0\src\CSR_V3_0_tb.vhd:]
ERROR: [Common 17-180] Spawn failed: Der Vorgang wurde erfolgreich beendet.

WARNING: [filemgmt 56-199] Attempt to get parsing info during refresh. "On-the-fly" syntax checking information may be incorrect. [C:\Users\gattous\Vivado_Workspace\litefury_pcie_daq_2\ip_repo\edit_axi_csr_v3_0.srcs\sim_1\new\CSR_V3_0_tb.vhd:]
WARNING: [filemgmt 56-199] Attempt to get parsing info during refresh. "On-the-fly" syntax checking information may be incorrect. [C:\Users\gattous\Vivado_Workspace\litefury_pcie_daq_2\ip_repo\axi_csr_3_0\hdl\axi_csr_slave_lite_v3_0_axi_csr.vhd:]
WARNING: [filemgmt 56-199] Attempt to get parsing info during refresh. "On-the-fly" syntax checking information may be incorrect. [C:\Users\gattous\Vivado_Workspace\litefury_pcie_daq_2\ip_repo\axi_csr_3_0\src\CSR_V3_0_tb.vhd:]
WARNING: [filemgmt 56-199] Attempt to get parsing info during refresh. "On-the-fly" syntax checking information may be incorrect. [C:\Users\gattous\Vivado_Workspace\litefury_pcie_daq_2\ip_repo\axi_csr_3_0\hdl\axi_csr_v3_0.vhd:]
WARNING: [filemgmt 56-199] Attempt to get parsing info during refresh. "On-the-fly" syntax checking information may be incorrect. [C:\Users\gattous\Vivado_Workspace\litefury_pcie_daq_2\ip_repo\edit_axi_csr_v3_0.srcs\sim_1\new\CSR_V3_0_tb.vhd:]
WARNING: [filemgmt 56-199] Attempt to get parsing info during refresh. "On-the-fly" syntax checking information may be incorrect. [C:\Users\gattous\Vivado_Workspace\litefury_pcie_daq_2\ip_repo\edit_axi_csr_v3_0.srcs\sim_1\new\CSR_V3_0_tb.vhd:]
close_sim
INFO: [Simtcl 6-16] Simulation closed
launch_simulation
Command: launch_simulation 
INFO: [Vivado 12-25911] Executing simulation for 'XSim' simulator
INFO: [Vivado 12-28535] Process started - Thu Aug  6 14:49:37 2026

INFO: [Vivado 12-12493] Simulation top is 'CSR_V3_0_tb'
INFO: [Vivado 12-5682] Launching behavioral simulation in 'C:/Users/gattous/Vivado_Workspace/litefury_pcie_daq_2/ip_repo/edit_axi_csr_v3_0.sim/sim_1/behav/xsim'
INFO: [SIM-utils-51] Simulation object is 'sim_1'
INFO: [SIM-utils-72] Using boost library from 'C:/AMDDesignTools/2025.2/Vivado/tps/boost_1_72_0'
INFO: [SIM-utils-54] Inspecting design source files for 'CSR_V3_0_tb' in fileset 'sim_1'...
INFO: [USF-XSim-97] Finding global include files...
INFO: [USF-XSim-98] Fetching design files from 'sim_1'...
INFO: [USF-XSim-2] XSim::Compile design
INFO: [USF-XSim-61] Executing 'COMPILE and ANALYZE' step in 'C:/Users/gattous/Vivado_Workspace/litefury_pcie_daq_2/ip_repo/edit_axi_csr_v3_0.sim/sim_1/behav/xsim'
"xvhdl --incr --relax -prj CSR_V3_0_tb_vhdl.prj"
INFO: [VRFC 10-163] Analyzing VHDL file "C:/Users/gattous/Vivado_Workspace/litefury_pcie_daq_2/ip_repo/axi_csr_3_0/src/CSR_V3_0_tb.vhd" into library xil_defaultlib
INFO: [VRFC 10-3107] analyzing entity 'CSR_V3_0_tb'
INFO: [USF-XSim-69] 'compile' step finished in '1' seconds
INFO: [USF-XSim-3] XSim::Elaborate design
INFO: [USF-XSim-61] Executing 'ELABORATE' step in 'C:/Users/gattous/Vivado_Workspace/litefury_pcie_daq_2/ip_repo/edit_axi_csr_v3_0.sim/sim_1/behav/xsim'
"xelab --incr --debug typical --relax --mt 2 -L xil_defaultlib -L secureip --snapshot CSR_V3_0_tb_behav xil_defaultlib.CSR_V3_0_tb -log elaborate.log"
Vivado Simulator v2025.2
Copyright 1986-2022 Xilinx, Inc. All Rights Reserved.
Copyright 2022-2025 Advanced Micro Devices, Inc. All Rights Reserved.
Running: C:/AMDDesignTools/2025.2/Vivado/bin/unwrapped/win64.o/xelab.exe --incr --debug typical --relax --mt 2 -L xil_defaultlib -L secureip --snapshot CSR_V3_0_tb_behav xil_defaultlib.CSR_V3_0_tb -log elaborate.log 
Using 2 slave threads.
Starting static elaboration
Completed static elaboration
Starting simulation data flow analysis
Completed simulation data flow analysis
Time Resolution for simulation is 1ps
Compiling package std.standard
Compiling package std.textio
Compiling package ieee.std_logic_1164
Compiling package ieee.numeric_std
Compiling architecture arch_imp of entity xil_defaultlib.axi_csr_slave_lite_v3_0_CONTROL_STATUS_REG [axi_csr_slave_lite_v3_0_control_...]
Compiling architecture arch_imp of entity xil_defaultlib.axi_csr_V3_0 [axi_csr_v3_0_default]
Compiling architecture behavioral of entity xil_defaultlib.csr_v3_0_tb
Built simulation snapshot CSR_V3_0_tb_behav
INFO: [USF-XSim-69] 'elaborate' step finished in '2' seconds
INFO: [USF-XSim-4] XSim::Simulate design
INFO: [USF-XSim-61] Executing 'SIMULATE' step in 'C:/Users/gattous/Vivado_Workspace/litefury_pcie_daq_2/ip_repo/edit_axi_csr_v3_0.sim/sim_1/behav/xsim'
INFO: [USF-XSim-98] *** Running xsim
   with args "CSR_V3_0_tb_behav -key {Behavioral:sim_1:Functional:CSR_V3_0_tb} -tclbatch {CSR_V3_0_tb.tcl} -log {simulate.log}"
INFO: [USF-XSim-8] Loading simulator feature
Time resolution is 1 ps
source CSR_V3_0_tb.tcl
# set curr_wave [current_wave_config]
# if { [string length $curr_wave] == 0 } {
#   if { [llength [get_objects]] > 0} {
#     add_wave /
#     set_property needs_save false [current_wave_config]
#   } else {
#      send_msg_id Add_Wave-1 WARNING "No top level signals found. Simulator will start without a wave window. If you want to open a wave window go to 'File->New Waveform Configuration' or type 'create_wave_config' in the TCL console."
#   }
# }
# run 1000ns
Error: is_running_sig must be '0' after reset
Time: 6 ns  Iteration: 0  Process: /CSR_V3_0_tb/reset_process  File: C:/Users/gattous/Vivado_Workspace/litefury_pcie_daq_2/ip_repo/axi_csr_3_0/src/CSR_V3_0_tb.vhd
INFO: [USF-XSim-96] XSim completed. Design snapshot 'CSR_V3_0_tb_behav' loaded.
INFO: [USF-XSim-97] XSim simulation ran for 1000ns
launch_simulation: Time (s): cpu = 00:00:02 ; elapsed = 00:00:05 . Memory (MB): peak = 3362.148 ; gain = 0.000
WARNING: [filemgmt 56-199] Attempt to get parsing info during refresh. "On-the-fly" syntax checking information may be incorrect. [C:\Users\gattous\Vivado_Workspace\litefury_pcie_daq_2\ip_repo\edit_axi_csr_v3_0.srcs\sim_1\new\CSR_V3_0_tb.vhd:]
WARNING: [filemgmt 56-199] Attempt to get parsing info during refresh. "On-the-fly" syntax checking information may be incorrect. [C:\Users\gattous\Vivado_Workspace\litefury_pcie_daq_2\ip_repo\axi_csr_3_0\hdl\axi_csr_slave_lite_v3_0_axi_csr.vhd:]
WARNING: [filemgmt 56-199] Attempt to get parsing info during refresh. "On-the-fly" syntax checking information may be incorrect. [C:\Users\gattous\Vivado_Workspace\litefury_pcie_daq_2\ip_repo\axi_csr_3_0\src\CSR_V3_0_tb.vhd:]
WARNING: [filemgmt 56-199] Attempt to get parsing info during refresh. "On-the-fly" syntax checking information may be incorrect. [C:\Users\gattous\Vivado_Workspace\litefury_pcie_daq_2\ip_repo\axi_csr_3_0\hdl\axi_csr_v3_0.vhd:]
WARNING: [filemgmt 56-199] Attempt to get parsing info during refresh. "On-the-fly" syntax checking information may be incorrect. [C:\Users\gattous\Vivado_Workspace\litefury_pcie_daq_2\ip_repo\axi_csr_3_0\hdl\axi_csr_slave_lite_v3_0_axi_csr.vhd:]
WARNING: [filemgmt 56-199] Attempt to get parsing info during refresh. "On-the-fly" syntax checking information may be incorrect. [C:\Users\gattous\Vivado_Workspace\litefury_pcie_daq_2\ip_repo\axi_csr_3_0\hdl\axi_csr_slave_lite_v3_0_axi_csr.vhd:]
close_sim
INFO: [Simtcl 6-16] Simulation closed
launch_simulation
Command: launch_simulation 
INFO: [Vivado 12-25911] Executing simulation for 'XSim' simulator
INFO: [Vivado 12-28535] Process started - Thu Aug  6 14:50:23 2026

INFO: [Vivado 12-12493] Simulation top is 'CSR_V3_0_tb'
INFO: [Vivado 12-5682] Launching behavioral simulation in 'C:/Users/gattous/Vivado_Workspace/litefury_pcie_daq_2/ip_repo/edit_axi_csr_v3_0.sim/sim_1/behav/xsim'
INFO: [SIM-utils-51] Simulation object is 'sim_1'
INFO: [SIM-utils-72] Using boost library from 'C:/AMDDesignTools/2025.2/Vivado/tps/boost_1_72_0'
INFO: [SIM-utils-54] Inspecting design source files for 'CSR_V3_0_tb' in fileset 'sim_1'...
INFO: [USF-XSim-97] Finding global include files...
INFO: [USF-XSim-98] Fetching design files from 'sim_1'...
INFO: [USF-XSim-2] XSim::Compile design
INFO: [USF-XSim-61] Executing 'COMPILE and ANALYZE' step in 'C:/Users/gattous/Vivado_Workspace/litefury_pcie_daq_2/ip_repo/edit_axi_csr_v3_0.sim/sim_1/behav/xsim'
"xvhdl --incr --relax -prj CSR_V3_0_tb_vhdl.prj"
INFO: [VRFC 10-163] Analyzing VHDL file "C:/Users/gattous/Vivado_Workspace/litefury_pcie_daq_2/ip_repo/axi_csr_3_0/src/CSR_V3_0_tb.vhd" into library xil_defaultlib
INFO: [VRFC 10-3107] analyzing entity 'CSR_V3_0_tb'
INFO: [USF-XSim-69] 'compile' step finished in '1' seconds
INFO: [USF-XSim-3] XSim::Elaborate design
INFO: [USF-XSim-61] Executing 'ELABORATE' step in 'C:/Users/gattous/Vivado_Workspace/litefury_pcie_daq_2/ip_repo/edit_axi_csr_v3_0.sim/sim_1/behav/xsim'
"xelab --incr --debug typical --relax --mt 2 -L xil_defaultlib -L secureip --snapshot CSR_V3_0_tb_behav xil_defaultlib.CSR_V3_0_tb -log elaborate.log"
Vivado Simulator v2025.2
Copyright 1986-2022 Xilinx, Inc. All Rights Reserved.
Copyright 2022-2025 Advanced Micro Devices, Inc. All Rights Reserved.
Running: C:/AMDDesignTools/2025.2/Vivado/bin/unwrapped/win64.o/xelab.exe --incr --debug typical --relax --mt 2 -L xil_defaultlib -L secureip --snapshot CSR_V3_0_tb_behav xil_defaultlib.CSR_V3_0_tb -log elaborate.log 
Using 2 slave threads.
Starting static elaboration
Completed static elaboration
Starting simulation data flow analysis
Completed simulation data flow analysis
Time Resolution for simulation is 1ps
Compiling package std.standard
Compiling package std.textio
Compiling package ieee.std_logic_1164
Compiling package ieee.numeric_std
Compiling architecture arch_imp of entity xil_defaultlib.axi_csr_slave_lite_v3_0_CONTROL_STATUS_REG [axi_csr_slave_lite_v3_0_control_...]
Compiling architecture arch_imp of entity xil_defaultlib.axi_csr_V3_0 [axi_csr_v3_0_default]
Compiling architecture behavioral of entity xil_defaultlib.csr_v3_0_tb
Built simulation snapshot CSR_V3_0_tb_behav
INFO: [USF-XSim-69] 'elaborate' step finished in '2' seconds
INFO: [USF-XSim-4] XSim::Simulate design
INFO: [USF-XSim-61] Executing 'SIMULATE' step in 'C:/Users/gattous/Vivado_Workspace/litefury_pcie_daq_2/ip_repo/edit_axi_csr_v3_0.sim/sim_1/behav/xsim'
INFO: [USF-XSim-98] *** Running xsim
   with args "CSR_V3_0_tb_behav -key {Behavioral:sim_1:Functional:CSR_V3_0_tb} -tclbatch {CSR_V3_0_tb.tcl} -log {simulate.log}"
INFO: [USF-XSim-8] Loading simulator feature
Time resolution is 1 ps
source CSR_V3_0_tb.tcl
# set curr_wave [current_wave_config]
# if { [string length $curr_wave] == 0 } {
#   if { [llength [get_objects]] > 0} {
#     add_wave /
#     set_property needs_save false [current_wave_config]
#   } else {
#      send_msg_id Add_Wave-1 WARNING "No top level signals found. Simulator will start without a wave window. If you want to open a wave window go to 'File->New Waveform Configuration' or type 'create_wave_config' in the TCL console."
#   }
# }
# run 1000ns
INFO: [USF-XSim-96] XSim completed. Design snapshot 'CSR_V3_0_tb_behav' loaded.
INFO: [USF-XSim-97] XSim simulation ran for 1000ns
launch_simulation: Time (s): cpu = 00:00:02 ; elapsed = 00:00:05 . Memory (MB): peak = 3362.148 ; gain = 0.000
run 80955 ns
run 80955 ns
run 80955 ns
run 80955 ns
run 80955 ns
run 1000 ns
run 1000 ns
run 1000 ns
run 1000 ns
run all
run: Time (s): cpu = 00:00:16 ; elapsed = 00:00:15 . Memory (MB): peak = 3362.148 ; gain = 0.000
close_sim
INFO: xsimkernel Simulation Memory Usage: 19620 KB (Peak: 19620 KB), Simulation CPU Usage: 14859 ms
INFO: [Simtcl 6-16] Simulation closed
launch_simulation
Command: launch_simulation 
INFO: [Vivado 12-25911] Executing simulation for 'XSim' simulator
INFO: [Vivado 12-28535] Process started - Thu Aug  6 14:55:00 2026

INFO: [Vivado 12-12493] Simulation top is 'CSR_V3_0_tb'
INFO: [Vivado 12-5682] Launching behavioral simulation in 'C:/Users/gattous/Vivado_Workspace/litefury_pcie_daq_2/ip_repo/edit_axi_csr_v3_0.sim/sim_1/behav/xsim'
INFO: [SIM-utils-51] Simulation object is 'sim_1'
INFO: [SIM-utils-72] Using boost library from 'C:/AMDDesignTools/2025.2/Vivado/tps/boost_1_72_0'
INFO: [SIM-utils-54] Inspecting design source files for 'CSR_V3_0_tb' in fileset 'sim_1'...
INFO: [USF-XSim-97] Finding global include files...
INFO: [USF-XSim-98] Fetching design files from 'sim_1'...
INFO: [USF-XSim-2] XSim::Compile design
INFO: [USF-XSim-61] Executing 'COMPILE and ANALYZE' step in 'C:/Users/gattous/Vivado_Workspace/litefury_pcie_daq_2/ip_repo/edit_axi_csr_v3_0.sim/sim_1/behav/xsim'
"xvhdl --incr --relax -prj CSR_V3_0_tb_vhdl.prj"
INFO: [USF-XSim-69] 'compile' step finished in '1' seconds
INFO: [USF-XSim-3] XSim::Elaborate design
INFO: [USF-XSim-61] Executing 'ELABORATE' step in 'C:/Users/gattous/Vivado_Workspace/litefury_pcie_daq_2/ip_repo/edit_axi_csr_v3_0.sim/sim_1/behav/xsim'
"xelab --incr --debug typical --relax --mt 2 -L xil_defaultlib -L secureip --snapshot CSR_V3_0_tb_behav xil_defaultlib.CSR_V3_0_tb -log elaborate.log"
Vivado Simulator v2025.2
Copyright 1986-2022 Xilinx, Inc. All Rights Reserved.
Copyright 2022-2025 Advanced Micro Devices, Inc. All Rights Reserved.
Running: C:/AMDDesignTools/2025.2/Vivado/bin/unwrapped/win64.o/xelab.exe --incr --debug typical --relax --mt 2 -L xil_defaultlib -L secureip --snapshot CSR_V3_0_tb_behav xil_defaultlib.CSR_V3_0_tb -log elaborate.log 
Using 2 slave threads.
Starting static elaboration
Completed static elaboration
INFO: [XSIM 43-4323] No Change in HDL. Linking previously generated obj files to create kernel
INFO: [USF-XSim-69] 'elaborate' step finished in '1' seconds
INFO: [USF-XSim-4] XSim::Simulate design
INFO: [USF-XSim-61] Executing 'SIMULATE' step in 'C:/Users/gattous/Vivado_Workspace/litefury_pcie_daq_2/ip_repo/edit_axi_csr_v3_0.sim/sim_1/behav/xsim'
INFO: [USF-XSim-98] *** Running xsim
   with args "CSR_V3_0_tb_behav -key {Behavioral:sim_1:Functional:CSR_V3_0_tb} -tclbatch {CSR_V3_0_tb.tcl} -log {simulate.log}"
INFO: [USF-XSim-8] Loading simulator feature
Time resolution is 1 ps
source CSR_V3_0_tb.tcl
# set curr_wave [current_wave_config]
# if { [string length $curr_wave] == 0 } {
#   if { [llength [get_objects]] > 0} {
#     add_wave /
#     set_property needs_save false [current_wave_config]
#   } else {
#      send_msg_id Add_Wave-1 WARNING "No top level signals found. Simulator will start without a wave window. If you want to open a wave window go to 'File->New Waveform Configuration' or type 'create_wave_config' in the TCL console."
#   }
# }
# run 1000ns
INFO: [USF-XSim-96] XSim completed. Design snapshot 'CSR_V3_0_tb_behav' loaded.
INFO: [USF-XSim-97] XSim simulation ran for 1000ns
add_bp {C:/Users/gattous/Vivado_Workspace/litefury_pcie_daq_2/ip_repo/axi_csr_3_0/src/CSR_V3_0_tb.vhd} 225
relaunch_sim
Command: launch_simulation -step compile -simset sim_1 -mode behavioral
INFO: [Vivado 12-25911] Executing simulation for 'XSim' simulator
INFO: [Vivado 12-28535] Process started - Thu Aug  6 14:55:49 2026

INFO: [Vivado 12-12493] Simulation top is 'CSR_V3_0_tb'
INFO: [Vivado 12-5682] Launching behavioral simulation in 'C:/Users/gattous/Vivado_Workspace/litefury_pcie_daq_2/ip_repo/edit_axi_csr_v3_0.sim/sim_1/behav/xsim'
INFO: [SIM-utils-51] Simulation object is 'sim_1'
INFO: [SIM-utils-72] Using boost library from 'C:/AMDDesignTools/2025.2/Vivado/tps/boost_1_72_0'
INFO: [SIM-utils-54] Inspecting design source files for 'CSR_V3_0_tb' in fileset 'sim_1'...
INFO: [USF-XSim-97] Finding global include files...
INFO: [USF-XSim-98] Fetching design files from 'sim_1'...
INFO: [USF-XSim-2] XSim::Compile design
INFO: [USF-XSim-61] Executing 'COMPILE and ANALYZE' step in 'C:/Users/gattous/Vivado_Workspace/litefury_pcie_daq_2/ip_repo/edit_axi_csr_v3_0.sim/sim_1/behav/xsim'
"xvhdl --incr --relax -prj CSR_V3_0_tb_vhdl.prj"
INFO: [USF-XSim-69] 'compile' step finished in '1' seconds
Command: launch_simulation -step elaborate -simset sim_1 -mode behavioral
INFO: [Vivado 12-25911] Executing simulation for 'XSim' simulator
INFO: [Vivado 12-28535] Process started - Thu Aug  6 14:55:50 2026

INFO: [Vivado 12-12493] Simulation top is 'CSR_V3_0_tb'
INFO: [Vivado 12-5682] Launching behavioral simulation in 'C:/Users/gattous/Vivado_Workspace/litefury_pcie_daq_2/ip_repo/edit_axi_csr_v3_0.sim/sim_1/behav/xsim'
INFO: [SIM-utils-51] Simulation object is 'sim_1'
INFO: [USF-XSim-3] XSim::Elaborate design
INFO: [USF-XSim-61] Executing 'ELABORATE' step in 'C:/Users/gattous/Vivado_Workspace/litefury_pcie_daq_2/ip_repo/edit_axi_csr_v3_0.sim/sim_1/behav/xsim'
"xelab --incr --debug typical --relax --mt 2 -L xil_defaultlib -L secureip --snapshot CSR_V3_0_tb_behav xil_defaultlib.CSR_V3_0_tb -log elaborate.log"
Vivado Simulator v2025.2
Copyright 1986-2022 Xilinx, Inc. All Rights Reserved.
Copyright 2022-2025 Advanced Micro Devices, Inc. All Rights Reserved.
Running: C:/AMDDesignTools/2025.2/Vivado/bin/unwrapped/win64.o/xelab.exe --incr --debug typical --relax --mt 2 -L xil_defaultlib -L secureip --snapshot CSR_V3_0_tb_behav xil_defaultlib.CSR_V3_0_tb -log elaborate.log 
Using 2 slave threads.
Starting static elaboration
Completed static elaboration
INFO: [XSIM 43-4323] No Change in HDL. Linking previously generated obj files to create kernel
INFO: [USF-XSim-69] 'elaborate' step finished in '2' seconds
Time resolution is 1 ps
Stopped at time : 0 fs : File "C:/Users/gattous/Vivado_Workspace/litefury_pcie_daq_2/ip_repo/axi_csr_3_0/src/CSR_V3_0_tb.vhd" Line 225
step
Stopped at time : 0 fs : File "C:/Users/gattous/Vivado_Workspace/litefury_pcie_daq_2/ip_repo/axi_csr_3_0/src/CSR_V3_0_tb.vhd" Line 210
step
Stopped at time : 0 fs : File "C:/Users/gattous/Vivado_Workspace/litefury_pcie_daq_2/ip_repo/axi_csr_3_0/src/CSR_V3_0_tb.vhd" Line 211
step
Stopped at time : 0 fs : File "C:/Users/gattous/Vivado_Workspace/litefury_pcie_daq_2/ip_repo/axi_csr_3_0/src/CSR_V3_0_tb.vhd" Line 200
step
Stopped at time : 0 fs : File "C:/Users/gattous/Vivado_Workspace/litefury_pcie_daq_2/ip_repo/axi_csr_3_0/src/CSR_V3_0_tb.vhd" Line 201
step
Stopped at time : 0 fs : File "C:/Users/gattous/Vivado_Workspace/litefury_pcie_daq_2/ip_repo/axi_csr_3_0/src/CSR_V3_0_tb.vhd" Line 202
step
Stopped at time : 0 fs : File "C:/Users/gattous/Vivado_Workspace/litefury_pcie_daq_2/ip_repo/axi_csr_3_0/hdl/axi_csr_slave_lite_v3_0_axi_csr.vhd" Line 164
step
Stopped at time : 0 fs : File "C:/Users/gattous/Vivado_Workspace/litefury_pcie_daq_2/ip_repo/axi_csr_3_0/hdl/axi_csr_slave_lite_v3_0_axi_csr.vhd" Line 231
step
Stopped at time : 0 fs : File "C:/Users/gattous/Vivado_Workspace/litefury_pcie_daq_2/ip_repo/axi_csr_3_0/hdl/axi_csr_slave_lite_v3_0_axi_csr.vhd" Line 339
step
Stopped at time : 2 ns : File "C:/Users/gattous/Vivado_Workspace/litefury_pcie_daq_2/ip_repo/axi_csr_3_0/src/CSR_V3_0_tb.vhd" Line 203
step
Stopped at time : 2 ns : File "C:/Users/gattous/Vivado_Workspace/litefury_pcie_daq_2/ip_repo/axi_csr_3_0/src/CSR_V3_0_tb.vhd" Line 204
step
Stopped at time : 2 ns : File "C:/Users/gattous/Vivado_Workspace/litefury_pcie_daq_2/ip_repo/axi_csr_3_0/hdl/axi_csr_slave_lite_v3_0_axi_csr.vhd" Line 164
step
Stopped at time : 2 ns : File "C:/Users/gattous/Vivado_Workspace/litefury_pcie_daq_2/ip_repo/axi_csr_3_0/hdl/axi_csr_slave_lite_v3_0_axi_csr.vhd" Line 165
step
Stopped at time : 2 ns : File "C:/Users/gattous/Vivado_Workspace/litefury_pcie_daq_2/ip_repo/axi_csr_3_0/hdl/axi_csr_slave_lite_v3_0_axi_csr.vhd" Line 167
step
Stopped at time : 2 ns : File "C:/Users/gattous/Vivado_Workspace/litefury_pcie_daq_2/ip_repo/axi_csr_3_0/hdl/axi_csr_slave_lite_v3_0_axi_csr.vhd" Line 168
step
Stopped at time : 2 ns : File "C:/Users/gattous/Vivado_Workspace/litefury_pcie_daq_2/ip_repo/axi_csr_3_0/hdl/axi_csr_slave_lite_v3_0_axi_csr.vhd" Line 169
step
Stopped at time : 2 ns : File "C:/Users/gattous/Vivado_Workspace/litefury_pcie_daq_2/ip_repo/axi_csr_3_0/hdl/axi_csr_slave_lite_v3_0_axi_csr.vhd" Line 170
step
Stopped at time : 2 ns : File "C:/Users/gattous/Vivado_Workspace/litefury_pcie_daq_2/ip_repo/axi_csr_3_0/hdl/axi_csr_slave_lite_v3_0_axi_csr.vhd" Line 171
step
Stopped at time : 2 ns : File "C:/Users/gattous/Vivado_Workspace/litefury_pcie_daq_2/ip_repo/axi_csr_3_0/hdl/axi_csr_slave_lite_v3_0_axi_csr.vhd" Line 231
step
Stopped at time : 2 ns : File "C:/Users/gattous/Vivado_Workspace/litefury_pcie_daq_2/ip_repo/axi_csr_3_0/hdl/axi_csr_slave_lite_v3_0_axi_csr.vhd" Line 232
step
Stopped at time : 2 ns : File "C:/Users/gattous/Vivado_Workspace/litefury_pcie_daq_2/ip_repo/axi_csr_3_0/hdl/axi_csr_slave_lite_v3_0_axi_csr.vhd" Line 233
step
Stopped at time : 2 ns : File "C:/Users/gattous/Vivado_Workspace/litefury_pcie_daq_2/ip_repo/axi_csr_3_0/hdl/axi_csr_slave_lite_v3_0_axi_csr.vhd" Line 234
step
Stopped at time : 2 ns : File "C:/Users/gattous/Vivado_Workspace/litefury_pcie_daq_2/ip_repo/axi_csr_3_0/hdl/axi_csr_slave_lite_v3_0_axi_csr.vhd" Line 235
step
Stopped at time : 2 ns : File "C:/Users/gattous/Vivado_Workspace/litefury_pcie_daq_2/ip_repo/axi_csr_3_0/hdl/axi_csr_slave_lite_v3_0_axi_csr.vhd" Line 236
step
Stopped at time : 2 ns : File "C:/Users/gattous/Vivado_Workspace/litefury_pcie_daq_2/ip_repo/axi_csr_3_0/hdl/axi_csr_slave_lite_v3_0_axi_csr.vhd" Line 237
step
Stopped at time : 2 ns : File "C:/Users/gattous/Vivado_Workspace/litefury_pcie_daq_2/ip_repo/axi_csr_3_0/hdl/axi_csr_slave_lite_v3_0_axi_csr.vhd" Line 238
step
Stopped at time : 2 ns : File "C:/Users/gattous/Vivado_Workspace/litefury_pcie_daq_2/ip_repo/axi_csr_3_0/hdl/axi_csr_slave_lite_v3_0_axi_csr.vhd" Line 239
step
Stopped at time : 2 ns : File "C:/Users/gattous/Vivado_Workspace/litefury_pcie_daq_2/ip_repo/axi_csr_3_0/hdl/axi_csr_slave_lite_v3_0_axi_csr.vhd" Line 240
step
Stopped at time : 2 ns : File "C:/Users/gattous/Vivado_Workspace/litefury_pcie_daq_2/ip_repo/axi_csr_3_0/hdl/axi_csr_slave_lite_v3_0_axi_csr.vhd" Line 339
step
Stopped at time : 2 ns : File "C:/Users/gattous/Vivado_Workspace/litefury_pcie_daq_2/ip_repo/axi_csr_3_0/hdl/axi_csr_slave_lite_v3_0_axi_csr.vhd" Line 340
step
Stopped at time : 2 ns : File "C:/Users/gattous/Vivado_Workspace/litefury_pcie_daq_2/ip_repo/axi_csr_3_0/hdl/axi_csr_slave_lite_v3_0_axi_csr.vhd" Line 342
step
Stopped at time : 2 ns : File "C:/Users/gattous/Vivado_Workspace/litefury_pcie_daq_2/ip_repo/axi_csr_3_0/hdl/axi_csr_slave_lite_v3_0_axi_csr.vhd" Line 343
step
Stopped at time : 2 ns : File "C:/Users/gattous/Vivado_Workspace/litefury_pcie_daq_2/ip_repo/axi_csr_3_0/hdl/axi_csr_slave_lite_v3_0_axi_csr.vhd" Line 344
step
Stopped at time : 2 ns : File "C:/Users/gattous/Vivado_Workspace/litefury_pcie_daq_2/ip_repo/axi_csr_3_0/hdl/axi_csr_slave_lite_v3_0_axi_csr.vhd" Line 345
step
Stopped at time : 2 ns : File "C:/Users/gattous/Vivado_Workspace/litefury_pcie_daq_2/ip_repo/axi_csr_3_0/src/CSR_V3_0_tb.vhd" Line 226
step
Stopped at time : 2 ns : File "C:/Users/gattous/Vivado_Workspace/litefury_pcie_daq_2/ip_repo/axi_csr_3_0/src/CSR_V3_0_tb.vhd" Line 227
step
Stopped at time : 2 ns : File "C:/Users/gattous/Vivado_Workspace/litefury_pcie_daq_2/ip_repo/axi_csr_3_0/hdl/axi_csr_slave_lite_v3_0_axi_csr.vhd" Line 150
step
Stopped at time : 2 ns : File "C:/Users/gattous/Vivado_Workspace/litefury_pcie_daq_2/ip_repo/axi_csr_3_0/hdl/axi_csr_slave_lite_v3_0_axi_csr.vhd" Line 151
step
Stopped at time : 2 ns : File "C:/Users/gattous/Vivado_Workspace/litefury_pcie_daq_2/ip_repo/axi_csr_3_0/hdl/axi_csr_slave_lite_v3_0_axi_csr.vhd" Line 153
step
Stopped at time : 2 ns : File "C:/Users/gattous/Vivado_Workspace/litefury_pcie_daq_2/ip_repo/axi_csr_3_0/hdl/axi_csr_slave_lite_v3_0_axi_csr.vhd" Line 152
step
Stopped at time : 2 ns : File "C:/Users/gattous/Vivado_Workspace/litefury_pcie_daq_2/ip_repo/axi_csr_3_0/hdl/axi_csr_slave_lite_v3_0_axi_csr.vhd" Line 380
step
Stopped at time : 2 ns : File "C:/Users/gattous/Vivado_Workspace/litefury_pcie_daq_2/ip_repo/axi_csr_3_0/hdl/axi_csr_slave_lite_v3_0_axi_csr.vhd" Line 388
step
Stopped at time : 2 ns : File "C:/Users/gattous/Vivado_Workspace/litefury_pcie_daq_2/ip_repo/axi_csr_3_0/hdl/axi_csr_slave_lite_v3_0_axi_csr.vhd" Line 389
step
Stopped at time : 2 ns : File "C:/Users/gattous/Vivado_Workspace/litefury_pcie_daq_2/ip_repo/axi_csr_3_0/hdl/axi_csr_slave_lite_v3_0_axi_csr.vhd" Line 387
step
Stopped at time : 2 ns : File "C:/Users/gattous/Vivado_Workspace/litefury_pcie_daq_2/ip_repo/axi_csr_3_0/hdl/axi_csr_slave_lite_v3_0_axi_csr.vhd" Line 154
step
Stopped at time : 2 ns : File "C:/Users/gattous/Vivado_Workspace/litefury_pcie_daq_2/ip_repo/axi_csr_3_0/hdl/axi_csr_slave_lite_v3_0_axi_csr.vhd" Line 156
step
Stopped at time : 2 ns : File "C:/Users/gattous/Vivado_Workspace/litefury_pcie_daq_2/ip_repo/axi_csr_3_0/hdl/axi_csr_slave_lite_v3_0_axi_csr.vhd" Line 155
step
Stopped at time : 4 ns : File "C:/Users/gattous/Vivado_Workspace/litefury_pcie_daq_2/ip_repo/axi_csr_3_0/src/CSR_V3_0_tb.vhd" Line 201
step
Stopped at time : 4 ns : File "C:/Users/gattous/Vivado_Workspace/litefury_pcie_daq_2/ip_repo/axi_csr_3_0/src/CSR_V3_0_tb.vhd" Line 202
step
Stopped at time : 4 ns : File "C:/Users/gattous/Vivado_Workspace/litefury_pcie_daq_2/ip_repo/axi_csr_3_0/hdl/axi_csr_slave_lite_v3_0_axi_csr.vhd" Line 164
step
Stopped at time : 4 ns : File "C:/Users/gattous/Vivado_Workspace/litefury_pcie_daq_2/ip_repo/axi_csr_3_0/hdl/axi_csr_slave_lite_v3_0_axi_csr.vhd" Line 231
step
Stopped at time : 4 ns : File "C:/Users/gattous/Vivado_Workspace/litefury_pcie_daq_2/ip_repo/axi_csr_3_0/hdl/axi_csr_slave_lite_v3_0_axi_csr.vhd" Line 339
step
Stopped at time : 5 ns : File "C:/Users/gattous/Vivado_Workspace/litefury_pcie_daq_2/ip_repo/axi_csr_3_0/src/CSR_V3_0_tb.vhd" Line 212
step
Stopped at time : 5 ns : File "C:/Users/gattous/Vivado_Workspace/litefury_pcie_daq_2/ip_repo/axi_csr_3_0/src/CSR_V3_0_tb.vhd" Line 213
step
Stopped at time : 6 ns : File "C:/Users/gattous/Vivado_Workspace/litefury_pcie_daq_2/ip_repo/axi_csr_3_0/src/CSR_V3_0_tb.vhd" Line 203
step
Stopped at time : 6 ns : File "C:/Users/gattous/Vivado_Workspace/litefury_pcie_daq_2/ip_repo/axi_csr_3_0/src/CSR_V3_0_tb.vhd" Line 204
step
Stopped at time : 6 ns : File "C:/Users/gattous/Vivado_Workspace/litefury_pcie_daq_2/ip_repo/axi_csr_3_0/src/CSR_V3_0_tb.vhd" Line 214
step
Stopped at time : 6 ns : File "C:/Users/gattous/Vivado_Workspace/litefury_pcie_daq_2/ip_repo/axi_csr_3_0/src/CSR_V3_0_tb.vhd" Line 215
step
Stopped at time : 6 ns : File "C:/Users/gattous/Vivado_Workspace/litefury_pcie_daq_2/ip_repo/axi_csr_3_0/src/CSR_V3_0_tb.vhd" Line 216
step
Stopped at time : 6 ns : File "C:/Users/gattous/Vivado_Workspace/litefury_pcie_daq_2/ip_repo/axi_csr_3_0/src/CSR_V3_0_tb.vhd" Line 217
step
Stopped at time : 6 ns : File "C:/Users/gattous/Vivado_Workspace/litefury_pcie_daq_2/ip_repo/axi_csr_3_0/src/CSR_V3_0_tb.vhd" Line 218
step
Stopped at time : 6 ns : File "C:/Users/gattous/Vivado_Workspace/litefury_pcie_daq_2/ip_repo/axi_csr_3_0/src/CSR_V3_0_tb.vhd" Line 219
step
Stopped at time : 6 ns : File "C:/Users/gattous/Vivado_Workspace/litefury_pcie_daq_2/ip_repo/axi_csr_3_0/src/CSR_V3_0_tb.vhd" Line 220
step
Stopped at time : 6 ns : File "C:/Users/gattous/Vivado_Workspace/litefury_pcie_daq_2/ip_repo/axi_csr_3_0/hdl/axi_csr_slave_lite_v3_0_axi_csr.vhd" Line 164
step
Stopped at time : 6 ns : File "C:/Users/gattous/Vivado_Workspace/litefury_pcie_daq_2/ip_repo/axi_csr_3_0/hdl/axi_csr_slave_lite_v3_0_axi_csr.vhd" Line 165
step
Stopped at time : 6 ns : File "C:/Users/gattous/Vivado_Workspace/litefury_pcie_daq_2/ip_repo/axi_csr_3_0/hdl/axi_csr_slave_lite_v3_0_axi_csr.vhd" Line 173
step
Stopped at time : 6 ns : File "C:/Users/gattous/Vivado_Workspace/litefury_pcie_daq_2/ip_repo/axi_csr_3_0/hdl/axi_csr_slave_lite_v3_0_axi_csr.vhd" Line 175
step
Stopped at time : 6 ns : File "C:/Users/gattous/Vivado_Workspace/litefury_pcie_daq_2/ip_repo/axi_csr_3_0/hdl/axi_csr_slave_lite_v3_0_axi_csr.vhd" Line 176
step
Stopped at time : 6 ns : File "C:/Users/gattous/Vivado_Workspace/litefury_pcie_daq_2/ip_repo/axi_csr_3_0/hdl/axi_csr_slave_lite_v3_0_axi_csr.vhd" Line 177
step
Stopped at time : 6 ns : File "C:/Users/gattous/Vivado_Workspace/litefury_pcie_daq_2/ip_repo/axi_csr_3_0/hdl/axi_csr_slave_lite_v3_0_axi_csr.vhd" Line 178
step
Stopped at time : 6 ns : File "C:/Users/gattous/Vivado_Workspace/litefury_pcie_daq_2/ip_repo/axi_csr_3_0/hdl/axi_csr_slave_lite_v3_0_axi_csr.vhd" Line 231
step
Stopped at time : 6 ns : File "C:/Users/gattous/Vivado_Workspace/litefury_pcie_daq_2/ip_repo/axi_csr_3_0/hdl/axi_csr_slave_lite_v3_0_axi_csr.vhd" Line 232
step
Stopped at time : 6 ns : File "C:/Users/gattous/Vivado_Workspace/litefury_pcie_daq_2/ip_repo/axi_csr_3_0/hdl/axi_csr_slave_lite_v3_0_axi_csr.vhd" Line 243
step
Stopped at time : 6 ns : File "C:/Users/gattous/Vivado_Workspace/litefury_pcie_daq_2/ip_repo/axi_csr_3_0/hdl/axi_csr_slave_lite_v3_0_axi_csr.vhd" Line 313
step
Stopped at time : 6 ns : File "C:/Users/gattous/Vivado_Workspace/litefury_pcie_daq_2/ip_repo/axi_csr_3_0/hdl/axi_csr_slave_lite_v3_0_axi_csr.vhd" Line 314
step
Stopped at time : 6 ns : File "C:/Users/gattous/Vivado_Workspace/litefury_pcie_daq_2/ip_repo/axi_csr_3_0/hdl/axi_csr_slave_lite_v3_0_axi_csr.vhd" Line 318
step
Stopped at time : 6 ns : File "C:/Users/gattous/Vivado_Workspace/litefury_pcie_daq_2/ip_repo/axi_csr_3_0/hdl/axi_csr_slave_lite_v3_0_axi_csr.vhd" Line 319
step
Stopped at time : 6 ns : File "C:/Users/gattous/Vivado_Workspace/litefury_pcie_daq_2/ip_repo/axi_csr_3_0/hdl/axi_csr_slave_lite_v3_0_axi_csr.vhd" Line 320
step
Stopped at time : 6 ns : File "C:/Users/gattous/Vivado_Workspace/litefury_pcie_daq_2/ip_repo/axi_csr_3_0/hdl/axi_csr_slave_lite_v3_0_axi_csr.vhd" Line 321
step
Stopped at time : 6 ns : File "C:/Users/gattous/Vivado_Workspace/litefury_pcie_daq_2/ip_repo/axi_csr_3_0/hdl/axi_csr_slave_lite_v3_0_axi_csr.vhd" Line 324
step
Stopped at time : 6 ns : File "C:/Users/gattous/Vivado_Workspace/litefury_pcie_daq_2/ip_repo/axi_csr_3_0/hdl/axi_csr_slave_lite_v3_0_axi_csr.vhd" Line 339
step
Stopped at time : 6 ns : File "C:/Users/gattous/Vivado_Workspace/litefury_pcie_daq_2/ip_repo/axi_csr_3_0/hdl/axi_csr_slave_lite_v3_0_axi_csr.vhd" Line 340
step
Stopped at time : 6 ns : File "C:/Users/gattous/Vivado_Workspace/litefury_pcie_daq_2/ip_repo/axi_csr_3_0/hdl/axi_csr_slave_lite_v3_0_axi_csr.vhd" Line 347
step
Stopped at time : 6 ns : File "C:/Users/gattous/Vivado_Workspace/litefury_pcie_daq_2/ip_repo/axi_csr_3_0/hdl/axi_csr_slave_lite_v3_0_axi_csr.vhd" Line 349
step
Stopped at time : 6 ns : File "C:/Users/gattous/Vivado_Workspace/litefury_pcie_daq_2/ip_repo/axi_csr_3_0/hdl/axi_csr_slave_lite_v3_0_axi_csr.vhd" Line 350
step
Stopped at time : 6 ns : File "C:/Users/gattous/Vivado_Workspace/litefury_pcie_daq_2/ip_repo/axi_csr_3_0/hdl/axi_csr_slave_lite_v3_0_axi_csr.vhd" Line 351
step
Stopped at time : 6 ns : File "C:/Users/gattous/Vivado_Workspace/litefury_pcie_daq_2/ip_repo/axi_csr_3_0/src/CSR_V3_0_tb.vhd" Line 228
step
Stopped at time : 6 ns : File "C:/Users/gattous/Vivado_Workspace/litefury_pcie_daq_2/ip_repo/axi_csr_3_0/hdl/axi_csr_slave_lite_v3_0_axi_csr.vhd" Line 150
step
Stopped at time : 6 ns : File "C:/Users/gattous/Vivado_Workspace/litefury_pcie_daq_2/ip_repo/axi_csr_3_0/hdl/axi_csr_slave_lite_v3_0_axi_csr.vhd" Line 151
step
Stopped at time : 6 ns : File "C:/Users/gattous/Vivado_Workspace/litefury_pcie_daq_2/ip_repo/axi_csr_3_0/hdl/axi_csr_slave_lite_v3_0_axi_csr.vhd" Line 380
step
Stopped at time : 6 ns : File "C:/Users/gattous/Vivado_Workspace/litefury_pcie_daq_2/ip_repo/axi_csr_3_0/hdl/axi_csr_slave_lite_v3_0_axi_csr.vhd" Line 154
step
Stopped at time : 7 ns : File "C:/Users/gattous/Vivado_Workspace/litefury_pcie_daq_2/ip_repo/axi_csr_3_0/src/CSR_V3_0_tb.vhd" Line 229
step
Stopped at time : 7 ns : File "C:/Users/gattous/Vivado_Workspace/litefury_pcie_daq_2/ip_repo/axi_csr_3_0/src/CSR_V3_0_tb.vhd" Line 230
step
Stopped at time : 8 ns : File "C:/Users/gattous/Vivado_Workspace/litefury_pcie_daq_2/ip_repo/axi_csr_3_0/src/CSR_V3_0_tb.vhd" Line 201
step
Stopped at time : 8 ns : File "C:/Users/gattous/Vivado_Workspace/litefury_pcie_daq_2/ip_repo/axi_csr_3_0/src/CSR_V3_0_tb.vhd" Line 202
step
Stopped at time : 8 ns : File "C:/Users/gattous/Vivado_Workspace/litefury_pcie_daq_2/ip_repo/axi_csr_3_0/hdl/axi_csr_slave_lite_v3_0_axi_csr.vhd" Line 164
step
Stopped at time : 8 ns : File "C:/Users/gattous/Vivado_Workspace/litefury_pcie_daq_2/ip_repo/axi_csr_3_0/hdl/axi_csr_slave_lite_v3_0_axi_csr.vhd" Line 231
step
Stopped at time : 8 ns : File "C:/Users/gattous/Vivado_Workspace/litefury_pcie_daq_2/ip_repo/axi_csr_3_0/hdl/axi_csr_slave_lite_v3_0_axi_csr.vhd" Line 339
step
Stopped at time : 10 ns : File "C:/Users/gattous/Vivado_Workspace/litefury_pcie_daq_2/ip_repo/axi_csr_3_0/src/CSR_V3_0_tb.vhd" Line 203
step
Stopped at time : 10 ns : File "C:/Users/gattous/Vivado_Workspace/litefury_pcie_daq_2/ip_repo/axi_csr_3_0/src/CSR_V3_0_tb.vhd" Line 204
step
Stopped at time : 10 ns : File "C:/Users/gattous/Vivado_Workspace/litefury_pcie_daq_2/ip_repo/axi_csr_3_0/hdl/axi_csr_slave_lite_v3_0_axi_csr.vhd" Line 164
step
Stopped at time : 10 ns : File "C:/Users/gattous/Vivado_Workspace/litefury_pcie_daq_2/ip_repo/axi_csr_3_0/hdl/axi_csr_slave_lite_v3_0_axi_csr.vhd" Line 165
step
Stopped at time : 10 ns : File "C:/Users/gattous/Vivado_Workspace/litefury_pcie_daq_2/ip_repo/axi_csr_3_0/hdl/axi_csr_slave_lite_v3_0_axi_csr.vhd" Line 173
step
Stopped at time : 10 ns : File "C:/Users/gattous/Vivado_Workspace/litefury_pcie_daq_2/ip_repo/axi_csr_3_0/hdl/axi_csr_slave_lite_v3_0_axi_csr.vhd" Line 183
step
Stopped at time : 10 ns : File "C:/Users/gattous/Vivado_Workspace/litefury_pcie_daq_2/ip_repo/axi_csr_3_0/hdl/axi_csr_slave_lite_v3_0_axi_csr.vhd" Line 197
step
Stopped at time : 10 ns : File "C:/Users/gattous/Vivado_Workspace/litefury_pcie_daq_2/ip_repo/axi_csr_3_0/hdl/axi_csr_slave_lite_v3_0_axi_csr.vhd" Line 198
step
Stopped at time : 10 ns : File "C:/Users/gattous/Vivado_Workspace/litefury_pcie_daq_2/ip_repo/axi_csr_3_0/hdl/axi_csr_slave_lite_v3_0_axi_csr.vhd" Line 231
step
Stopped at time : 10 ns : File "C:/Users/gattous/Vivado_Workspace/litefury_pcie_daq_2/ip_repo/axi_csr_3_0/hdl/axi_csr_slave_lite_v3_0_axi_csr.vhd" Line 232
step
Stopped at time : 10 ns : File "C:/Users/gattous/Vivado_Workspace/litefury_pcie_daq_2/ip_repo/axi_csr_3_0/hdl/axi_csr_slave_lite_v3_0_axi_csr.vhd" Line 243
step
Stopped at time : 10 ns : File "C:/Users/gattous/Vivado_Workspace/litefury_pcie_daq_2/ip_repo/axi_csr_3_0/hdl/axi_csr_slave_lite_v3_0_axi_csr.vhd" Line 313
step
Stopped at time : 10 ns : File "C:/Users/gattous/Vivado_Workspace/litefury_pcie_daq_2/ip_repo/axi_csr_3_0/hdl/axi_csr_slave_lite_v3_0_axi_csr.vhd" Line 314
step
Stopped at time : 10 ns : File "C:/Users/gattous/Vivado_Workspace/litefury_pcie_daq_2/ip_repo/axi_csr_3_0/hdl/axi_csr_slave_lite_v3_0_axi_csr.vhd" Line 318
step
Stopped at time : 10 ns : File "C:/Users/gattous/Vivado_Workspace/litefury_pcie_daq_2/ip_repo/axi_csr_3_0/hdl/axi_csr_slave_lite_v3_0_axi_csr.vhd" Line 319
step
Stopped at time : 10 ns : File "C:/Users/gattous/Vivado_Workspace/litefury_pcie_daq_2/ip_repo/axi_csr_3_0/hdl/axi_csr_slave_lite_v3_0_axi_csr.vhd" Line 320
step
Stopped at time : 10 ns : File "C:/Users/gattous/Vivado_Workspace/litefury_pcie_daq_2/ip_repo/axi_csr_3_0/hdl/axi_csr_slave_lite_v3_0_axi_csr.vhd" Line 321
step
Stopped at time : 10 ns : File "C:/Users/gattous/Vivado_Workspace/litefury_pcie_daq_2/ip_repo/axi_csr_3_0/hdl/axi_csr_slave_lite_v3_0_axi_csr.vhd" Line 324
step
Stopped at time : 10 ns : File "C:/Users/gattous/Vivado_Workspace/litefury_pcie_daq_2/ip_repo/axi_csr_3_0/hdl/axi_csr_slave_lite_v3_0_axi_csr.vhd" Line 339
step
Stopped at time : 10 ns : File "C:/Users/gattous/Vivado_Workspace/litefury_pcie_daq_2/ip_repo/axi_csr_3_0/hdl/axi_csr_slave_lite_v3_0_axi_csr.vhd" Line 340
step
Stopped at time : 10 ns : File "C:/Users/gattous/Vivado_Workspace/litefury_pcie_daq_2/ip_repo/axi_csr_3_0/hdl/axi_csr_slave_lite_v3_0_axi_csr.vhd" Line 347
step
Stopped at time : 10 ns : File "C:/Users/gattous/Vivado_Workspace/litefury_pcie_daq_2/ip_repo/axi_csr_3_0/hdl/axi_csr_slave_lite_v3_0_axi_csr.vhd" Line 356
step
Stopped at time : 10 ns : File "C:/Users/gattous/Vivado_Workspace/litefury_pcie_daq_2/ip_repo/axi_csr_3_0/hdl/axi_csr_slave_lite_v3_0_axi_csr.vhd" Line 357
step
Stopped at time : 10 ns : File "C:/Users/gattous/Vivado_Workspace/litefury_pcie_daq_2/ip_repo/axi_csr_3_0/hdl/axi_csr_slave_lite_v3_0_axi_csr.vhd" Line 358
step
Stopped at time : 10 ns : File "C:/Users/gattous/Vivado_Workspace/litefury_pcie_daq_2/ip_repo/axi_csr_3_0/hdl/axi_csr_slave_lite_v3_0_axi_csr.vhd" Line 359
step
Stopped at time : 10 ns : File "C:/Users/gattous/Vivado_Workspace/litefury_pcie_daq_2/ip_repo/axi_csr_3_0/hdl/axi_csr_slave_lite_v3_0_axi_csr.vhd" Line 360
step
Stopped at time : 10 ns : File "C:/Users/gattous/Vivado_Workspace/litefury_pcie_daq_2/ip_repo/axi_csr_3_0/src/CSR_V3_0_tb.vhd" Line 231
add_bp {C:/Users/gattous/Vivado_Workspace/litefury_pcie_daq_2/ip_repo/axi_csr_3_0/src/CSR_V3_0_tb.vhd} 233
add_bp {C:/Users/gattous/Vivado_Workspace/litefury_pcie_daq_2/ip_repo/axi_csr_3_0/src/CSR_V3_0_tb.vhd} 235
add_bp {C:/Users/gattous/Vivado_Workspace/litefury_pcie_daq_2/ip_repo/axi_csr_3_0/src/CSR_V3_0_tb.vhd} 237
add_bp {C:/Users/gattous/Vivado_Workspace/litefury_pcie_daq_2/ip_repo/axi_csr_3_0/src/CSR_V3_0_tb.vhd} 240
add_bp {C:/Users/gattous/Vivado_Workspace/litefury_pcie_daq_2/ip_repo/axi_csr_3_0/src/CSR_V3_0_tb.vhd} 241
add_bp {C:/Users/gattous/Vivado_Workspace/litefury_pcie_daq_2/ip_repo/axi_csr_3_0/src/CSR_V3_0_tb.vhd} 244
add_bp {C:/Users/gattous/Vivado_Workspace/litefury_pcie_daq_2/ip_repo/axi_csr_3_0/src/CSR_V3_0_tb.vhd} 246
add_bp {C:/Users/gattous/Vivado_Workspace/litefury_pcie_daq_2/ip_repo/axi_csr_3_0/src/CSR_V3_0_tb.vhd} 247
add_bp {C:/Users/gattous/Vivado_Workspace/litefury_pcie_daq_2/ip_repo/axi_csr_3_0/src/CSR_V3_0_tb.vhd} 249
add_bp {C:/Users/gattous/Vivado_Workspace/litefury_pcie_daq_2/ip_repo/axi_csr_3_0/src/CSR_V3_0_tb.vhd} 252
add_bp {C:/Users/gattous/Vivado_Workspace/litefury_pcie_daq_2/ip_repo/axi_csr_3_0/src/CSR_V3_0_tb.vhd} 253
run all
Stopped at time : 14 ns : File "C:/Users/gattous/Vivado_Workspace/litefury_pcie_daq_2/ip_repo/axi_csr_3_0/src/CSR_V3_0_tb.vhd" Line 233
run all
Stopped at time : 18 ns : File "C:/Users/gattous/Vivado_Workspace/litefury_pcie_daq_2/ip_repo/axi_csr_3_0/src/CSR_V3_0_tb.vhd" Line 235
run all
Stopped at time : 19 ns : File "C:/Users/gattous/Vivado_Workspace/litefury_pcie_daq_2/ip_repo/axi_csr_3_0/src/CSR_V3_0_tb.vhd" Line 237
run all
Stopped at time : 22 ns : File "C:/Users/gattous/Vivado_Workspace/litefury_pcie_daq_2/ip_repo/axi_csr_3_0/src/CSR_V3_0_tb.vhd" Line 240
run all
Stopped at time : 23 ns : File "C:/Users/gattous/Vivado_Workspace/litefury_pcie_daq_2/ip_repo/axi_csr_3_0/src/CSR_V3_0_tb.vhd" Line 241
run all
Stopped at time : 26 ns : File "C:/Users/gattous/Vivado_Workspace/litefury_pcie_daq_2/ip_repo/axi_csr_3_0/src/CSR_V3_0_tb.vhd" Line 244
run all
run: Time (s): cpu = 00:00:15 ; elapsed = 00:00:18 . Memory (MB): peak = 3362.148 ; gain = 0.000
step
Stopped at time : 46430816 ns : File "C:/Users/gattous/Vivado_Workspace/litefury_pcie_daq_2/ip_repo/axi_csr_3_0/hdl/axi_csr_slave_lite_v3_0_axi_csr.vhd" Line 339
step
Stopped at time : 46430818 ns : File "C:/Users/gattous/Vivado_Workspace/litefury_pcie_daq_2/ip_repo/axi_csr_3_0/src/CSR_V3_0_tb.vhd" Line 203
step
Stopped at time : 46430818 ns : File "C:/Users/gattous/Vivado_Workspace/litefury_pcie_daq_2/ip_repo/axi_csr_3_0/src/CSR_V3_0_tb.vhd" Line 204
step
Stopped at time : 46430818 ns : File "C:/Users/gattous/Vivado_Workspace/litefury_pcie_daq_2/ip_repo/axi_csr_3_0/hdl/axi_csr_slave_lite_v3_0_axi_csr.vhd" Line 164
step
Stopped at time : 46430818 ns : File "C:/Users/gattous/Vivado_Workspace/litefury_pcie_daq_2/ip_repo/axi_csr_3_0/hdl/axi_csr_slave_lite_v3_0_axi_csr.vhd" Line 165
step
Stopped at time : 46430818 ns : File "C:/Users/gattous/Vivado_Workspace/litefury_pcie_daq_2/ip_repo/axi_csr_3_0/hdl/axi_csr_slave_lite_v3_0_axi_csr.vhd" Line 173
step
Stopped at time : 46430818 ns : File "C:/Users/gattous/Vivado_Workspace/litefury_pcie_daq_2/ip_repo/axi_csr_3_0/hdl/axi_csr_slave_lite_v3_0_axi_csr.vhd" Line 183
step
Stopped at time : 46430818 ns : File "C:/Users/gattous/Vivado_Workspace/litefury_pcie_daq_2/ip_repo/axi_csr_3_0/hdl/axi_csr_slave_lite_v3_0_axi_csr.vhd" Line 197
step
Stopped at time : 46430818 ns : File "C:/Users/gattous/Vivado_Workspace/litefury_pcie_daq_2/ip_repo/axi_csr_3_0/hdl/axi_csr_slave_lite_v3_0_axi_csr.vhd" Line 198
step
Stopped at time : 46430818 ns : File "C:/Users/gattous/Vivado_Workspace/litefury_pcie_daq_2/ip_repo/axi_csr_3_0/hdl/axi_csr_slave_lite_v3_0_axi_csr.vhd" Line 231
step
Stopped at time : 46430818 ns : File "C:/Users/gattous/Vivado_Workspace/litefury_pcie_daq_2/ip_repo/axi_csr_3_0/hdl/axi_csr_slave_lite_v3_0_axi_csr.vhd" Line 232
step
Stopped at time : 46430818 ns : File "C:/Users/gattous/Vivado_Workspace/litefury_pcie_daq_2/ip_repo/axi_csr_3_0/hdl/axi_csr_slave_lite_v3_0_axi_csr.vhd" Line 243
step
Stopped at time : 46430818 ns : File "C:/Users/gattous/Vivado_Workspace/litefury_pcie_daq_2/ip_repo/axi_csr_3_0/hdl/axi_csr_slave_lite_v3_0_axi_csr.vhd" Line 313
step
Stopped at time : 46430818 ns : File "C:/Users/gattous/Vivado_Workspace/litefury_pcie_daq_2/ip_repo/axi_csr_3_0/hdl/axi_csr_slave_lite_v3_0_axi_csr.vhd" Line 314
step
Stopped at time : 46430818 ns : File "C:/Users/gattous/Vivado_Workspace/litefury_pcie_daq_2/ip_repo/axi_csr_3_0/hdl/axi_csr_slave_lite_v3_0_axi_csr.vhd" Line 318
add_bp {C:/Users/gattous/Vivado_Workspace/litefury_pcie_daq_2/ip_repo/axi_csr_3_0/hdl/axi_csr_slave_lite_v3_0_axi_csr.vhd} 388
step
Stopped at time : 46430818 ns : File "C:/Users/gattous/Vivado_Workspace/litefury_pcie_daq_2/ip_repo/axi_csr_3_0/hdl/axi_csr_slave_lite_v3_0_axi_csr.vhd" Line 319
step
Stopped at time : 46430818 ns : File "C:/Users/gattous/Vivado_Workspace/litefury_pcie_daq_2/ip_repo/axi_csr_3_0/hdl/axi_csr_slave_lite_v3_0_axi_csr.vhd" Line 320
step
Stopped at time : 46430818 ns : File "C:/Users/gattous/Vivado_Workspace/litefury_pcie_daq_2/ip_repo/axi_csr_3_0/hdl/axi_csr_slave_lite_v3_0_axi_csr.vhd" Line 321
step
Stopped at time : 46430818 ns : File "C:/Users/gattous/Vivado_Workspace/litefury_pcie_daq_2/ip_repo/axi_csr_3_0/hdl/axi_csr_slave_lite_v3_0_axi_csr.vhd" Line 324
step
Stopped at time : 46430818 ns : File "C:/Users/gattous/Vivado_Workspace/litefury_pcie_daq_2/ip_repo/axi_csr_3_0/hdl/axi_csr_slave_lite_v3_0_axi_csr.vhd" Line 339
step
Stopped at time : 46430818 ns : File "C:/Users/gattous/Vivado_Workspace/litefury_pcie_daq_2/ip_repo/axi_csr_3_0/hdl/axi_csr_slave_lite_v3_0_axi_csr.vhd" Line 340
step
Stopped at time : 46430818 ns : File "C:/Users/gattous/Vivado_Workspace/litefury_pcie_daq_2/ip_repo/axi_csr_3_0/hdl/axi_csr_slave_lite_v3_0_axi_csr.vhd" Line 347
step
Stopped at time : 46430818 ns : File "C:/Users/gattous/Vivado_Workspace/litefury_pcie_daq_2/ip_repo/axi_csr_3_0/hdl/axi_csr_slave_lite_v3_0_axi_csr.vhd" Line 356
step
Stopped at time : 46430818 ns : File "C:/Users/gattous/Vivado_Workspace/litefury_pcie_daq_2/ip_repo/axi_csr_3_0/hdl/axi_csr_slave_lite_v3_0_axi_csr.vhd" Line 357
step
Stopped at time : 46430818 ns : File "C:/Users/gattous/Vivado_Workspace/litefury_pcie_daq_2/ip_repo/axi_csr_3_0/hdl/axi_csr_slave_lite_v3_0_axi_csr.vhd" Line 358
step
Stopped at time : 46430818 ns : File "C:/Users/gattous/Vivado_Workspace/litefury_pcie_daq_2/ip_repo/axi_csr_3_0/hdl/axi_csr_slave_lite_v3_0_axi_csr.vhd" Line 359
step
Stopped at time : 46430818 ns : File "C:/Users/gattous/Vivado_Workspace/litefury_pcie_daq_2/ip_repo/axi_csr_3_0/hdl/axi_csr_slave_lite_v3_0_axi_csr.vhd" Line 360
step
Stopped at time : 46430818 ns : File "C:/Users/gattous/Vivado_Workspace/litefury_pcie_daq_2/ip_repo/axi_csr_3_0/hdl/axi_csr_slave_lite_v3_0_axi_csr.vhd" Line 156
step
Stopped at time : 46430818 ns : File "C:/Users/gattous/Vivado_Workspace/litefury_pcie_daq_2/ip_repo/axi_csr_3_0/hdl/axi_csr_slave_lite_v3_0_axi_csr.vhd" Line 154
step
Stopped at time : 46430820 ns : File "C:/Users/gattous/Vivado_Workspace/litefury_pcie_daq_2/ip_repo/axi_csr_3_0/src/CSR_V3_0_tb.vhd" Line 201
step
Stopped at time : 46430820 ns : File "C:/Users/gattous/Vivado_Workspace/litefury_pcie_daq_2/ip_repo/axi_csr_3_0/src/CSR_V3_0_tb.vhd" Line 202
step
Stopped at time : 46430820 ns : File "C:/Users/gattous/Vivado_Workspace/litefury_pcie_daq_2/ip_repo/axi_csr_3_0/hdl/axi_csr_slave_lite_v3_0_axi_csr.vhd" Line 164
step
Stopped at time : 46430820 ns : File "C:/Users/gattous/Vivado_Workspace/litefury_pcie_daq_2/ip_repo/axi_csr_3_0/hdl/axi_csr_slave_lite_v3_0_axi_csr.vhd" Line 231
step
Stopped at time : 46430820 ns : File "C:/Users/gattous/Vivado_Workspace/litefury_pcie_daq_2/ip_repo/axi_csr_3_0/hdl/axi_csr_slave_lite_v3_0_axi_csr.vhd" Line 339
step
Stopped at time : 46430822 ns : File "C:/Users/gattous/Vivado_Workspace/litefury_pcie_daq_2/ip_repo/axi_csr_3_0/src/CSR_V3_0_tb.vhd" Line 203
step
Stopped at time : 46430822 ns : File "C:/Users/gattous/Vivado_Workspace/litefury_pcie_daq_2/ip_repo/axi_csr_3_0/src/CSR_V3_0_tb.vhd" Line 204
step
Stopped at time : 46430822 ns : File "C:/Users/gattous/Vivado_Workspace/litefury_pcie_daq_2/ip_repo/axi_csr_3_0/hdl/axi_csr_slave_lite_v3_0_axi_csr.vhd" Line 164
step
Stopped at time : 46430822 ns : File "C:/Users/gattous/Vivado_Workspace/litefury_pcie_daq_2/ip_repo/axi_csr_3_0/hdl/axi_csr_slave_lite_v3_0_axi_csr.vhd" Line 165
step
Stopped at time : 46430822 ns : File "C:/Users/gattous/Vivado_Workspace/litefury_pcie_daq_2/ip_repo/axi_csr_3_0/hdl/axi_csr_slave_lite_v3_0_axi_csr.vhd" Line 173
step
Stopped at time : 46430822 ns : File "C:/Users/gattous/Vivado_Workspace/litefury_pcie_daq_2/ip_repo/axi_csr_3_0/hdl/axi_csr_slave_lite_v3_0_axi_csr.vhd" Line 183
step
Stopped at time : 46430822 ns : File "C:/Users/gattous/Vivado_Workspace/litefury_pcie_daq_2/ip_repo/axi_csr_3_0/hdl/axi_csr_slave_lite_v3_0_axi_csr.vhd" Line 197
step
Stopped at time : 46430822 ns : File "C:/Users/gattous/Vivado_Workspace/litefury_pcie_daq_2/ip_repo/axi_csr_3_0/hdl/axi_csr_slave_lite_v3_0_axi_csr.vhd" Line 198
step
Stopped at time : 46430822 ns : File "C:/Users/gattous/Vivado_Workspace/litefury_pcie_daq_2/ip_repo/axi_csr_3_0/hdl/axi_csr_slave_lite_v3_0_axi_csr.vhd" Line 231
step
Stopped at time : 46430822 ns : File "C:/Users/gattous/Vivado_Workspace/litefury_pcie_daq_2/ip_repo/axi_csr_3_0/hdl/axi_csr_slave_lite_v3_0_axi_csr.vhd" Line 232
step
Stopped at time : 46430822 ns : File "C:/Users/gattous/Vivado_Workspace/litefury_pcie_daq_2/ip_repo/axi_csr_3_0/hdl/axi_csr_slave_lite_v3_0_axi_csr.vhd" Line 243
step
Stopped at time : 46430822 ns : File "C:/Users/gattous/Vivado_Workspace/litefury_pcie_daq_2/ip_repo/axi_csr_3_0/hdl/axi_csr_slave_lite_v3_0_axi_csr.vhd" Line 313
step
Stopped at time : 46430822 ns : File "C:/Users/gattous/Vivado_Workspace/litefury_pcie_daq_2/ip_repo/axi_csr_3_0/hdl/axi_csr_slave_lite_v3_0_axi_csr.vhd" Line 314
step
Stopped at time : 46430822 ns : File "C:/Users/gattous/Vivado_Workspace/litefury_pcie_daq_2/ip_repo/axi_csr_3_0/hdl/axi_csr_slave_lite_v3_0_axi_csr.vhd" Line 318
step
Stopped at time : 46430822 ns : File "C:/Users/gattous/Vivado_Workspace/litefury_pcie_daq_2/ip_repo/axi_csr_3_0/hdl/axi_csr_slave_lite_v3_0_axi_csr.vhd" Line 319
step
Stopped at time : 46430822 ns : File "C:/Users/gattous/Vivado_Workspace/litefury_pcie_daq_2/ip_repo/axi_csr_3_0/hdl/axi_csr_slave_lite_v3_0_axi_csr.vhd" Line 320
step
Stopped at time : 46430822 ns : File "C:/Users/gattous/Vivado_Workspace/litefury_pcie_daq_2/ip_repo/axi_csr_3_0/hdl/axi_csr_slave_lite_v3_0_axi_csr.vhd" Line 321
step
Stopped at time : 46430822 ns : File "C:/Users/gattous/Vivado_Workspace/litefury_pcie_daq_2/ip_repo/axi_csr_3_0/hdl/axi_csr_slave_lite_v3_0_axi_csr.vhd" Line 324
step
Stopped at time : 46430822 ns : File "C:/Users/gattous/Vivado_Workspace/litefury_pcie_daq_2/ip_repo/axi_csr_3_0/hdl/axi_csr_slave_lite_v3_0_axi_csr.vhd" Line 339
step
Stopped at time : 46430822 ns : File "C:/Users/gattous/Vivado_Workspace/litefury_pcie_daq_2/ip_repo/axi_csr_3_0/hdl/axi_csr_slave_lite_v3_0_axi_csr.vhd" Line 340
step
Stopped at time : 46430822 ns : File "C:/Users/gattous/Vivado_Workspace/litefury_pcie_daq_2/ip_repo/axi_csr_3_0/hdl/axi_csr_slave_lite_v3_0_axi_csr.vhd" Line 347
step
Stopped at time : 46430822 ns : File "C:/Users/gattous/Vivado_Workspace/litefury_pcie_daq_2/ip_repo/axi_csr_3_0/hdl/axi_csr_slave_lite_v3_0_axi_csr.vhd" Line 365
step
Stopped at time : 46430822 ns : File "C:/Users/gattous/Vivado_Workspace/litefury_pcie_daq_2/ip_repo/axi_csr_3_0/hdl/axi_csr_slave_lite_v3_0_axi_csr.vhd" Line 366
step
Stopped at time : 46430822 ns : File "C:/Users/gattous/Vivado_Workspace/litefury_pcie_daq_2/ip_repo/axi_csr_3_0/hdl/axi_csr_slave_lite_v3_0_axi_csr.vhd" Line 367
step
Stopped at time : 46430822 ns : File "C:/Users/gattous/Vivado_Workspace/litefury_pcie_daq_2/ip_repo/axi_csr_3_0/hdl/axi_csr_slave_lite_v3_0_axi_csr.vhd" Line 368
step
Stopped at time : 46430822 ns : File "C:/Users/gattous/Vivado_Workspace/litefury_pcie_daq_2/ip_repo/axi_csr_3_0/hdl/axi_csr_slave_lite_v3_0_axi_csr.vhd" Line 156
step
Stopped at time : 46430822 ns : File "C:/Users/gattous/Vivado_Workspace/litefury_pcie_daq_2/ip_repo/axi_csr_3_0/hdl/axi_csr_slave_lite_v3_0_axi_csr.vhd" Line 154
step
Stopped at time : 46430824 ns : File "C:/Users/gattous/Vivado_Workspace/litefury_pcie_daq_2/ip_repo/axi_csr_3_0/src/CSR_V3_0_tb.vhd" Line 201
step
Stopped at time : 46430824 ns : File "C:/Users/gattous/Vivado_Workspace/litefury_pcie_daq_2/ip_repo/axi_csr_3_0/src/CSR_V3_0_tb.vhd" Line 202
step
Stopped at time : 46430824 ns : File "C:/Users/gattous/Vivado_Workspace/litefury_pcie_daq_2/ip_repo/axi_csr_3_0/hdl/axi_csr_slave_lite_v3_0_axi_csr.vhd" Line 164
step
Stopped at time : 46430824 ns : File "C:/Users/gattous/Vivado_Workspace/litefury_pcie_daq_2/ip_repo/axi_csr_3_0/hdl/axi_csr_slave_lite_v3_0_axi_csr.vhd" Line 231
step
Stopped at time : 46430824 ns : File "C:/Users/gattous/Vivado_Workspace/litefury_pcie_daq_2/ip_repo/axi_csr_3_0/hdl/axi_csr_slave_lite_v3_0_axi_csr.vhd" Line 339
step
Stopped at time : 46430826 ns : File "C:/Users/gattous/Vivado_Workspace/litefury_pcie_daq_2/ip_repo/axi_csr_3_0/src/CSR_V3_0_tb.vhd" Line 203
run all
run: Time (s): cpu = 00:00:06 ; elapsed = 00:00:08 . Memory (MB): peak = 3362.148 ; gain = 0.000
WARNING: [filemgmt 56-199] Attempt to get parsing info during refresh. "On-the-fly" syntax checking information may be incorrect. [C:\Users\gattous\Vivado_Workspace\litefury_pcie_daq_2\ip_repo\axi_csr_3_0\hdl\axi_csr_slave_lite_v3_0_axi_csr.vhd:]
WARNING: [filemgmt 56-199] Attempt to get parsing info during refresh. "On-the-fly" syntax checking information may be incorrect. [C:\Users\gattous\Vivado_Workspace\litefury_pcie_daq_2\ip_repo\axi_csr_3_0\src\CSR_V3_0_tb.vhd:]
WARNING: [filemgmt 56-199] Attempt to get parsing info during refresh. "On-the-fly" syntax checking information may be incorrect. [C:\Users\gattous\Vivado_Workspace\litefury_pcie_daq_2\ip_repo\axi_csr_3_0\hdl\axi_csr_v3_0.vhd:]
WARNING: [filemgmt 56-199] Attempt to get parsing info during refresh. "On-the-fly" syntax checking information may be incorrect. [C:\Users\gattous\Vivado_Workspace\litefury_pcie_daq_2\ip_repo\axi_csr_3_0\hdl\axi_csr_slave_lite_v3_0_axi_csr.vhd:]
WARNING: [filemgmt 56-199] Attempt to get parsing info during refresh. "On-the-fly" syntax checking information may be incorrect. [C:\Users\gattous\Vivado_Workspace\litefury_pcie_daq_2\ip_repo\axi_csr_3_0\hdl\axi_csr_slave_lite_v3_0_axi_csr.vhd:]
WARNING: [filemgmt 56-199] Attempt to get parsing info during refresh. "On-the-fly" syntax checking information may be incorrect. [C:\Users\gattous\Vivado_Workspace\litefury_pcie_daq_2\ip_repo\axi_csr_3_0\hdl\axi_csr_slave_lite_v3_0_axi_csr.vhd:]
WARNING: [filemgmt 56-199] Attempt to get parsing info during refresh. "On-the-fly" syntax checking information may be incorrect. [C:\Users\gattous\Vivado_Workspace\litefury_pcie_daq_2\ip_repo\axi_csr_3_0\src\CSR_V3_0_tb.vhd:]
WARNING: [filemgmt 56-199] Attempt to get parsing info during refresh. "On-the-fly" syntax checking information may be incorrect. [C:\Users\gattous\Vivado_Workspace\litefury_pcie_daq_2\ip_repo\axi_csr_3_0\hdl\axi_csr_v3_0.vhd:]
WARNING: [filemgmt 56-199] Attempt to get parsing info during refresh. "On-the-fly" syntax checking information may be incorrect. [C:\Users\gattous\Vivado_Workspace\litefury_pcie_daq_2\ip_repo\axi_csr_3_0\src\CSR_V3_0_tb.vhd:]
WARNING: [filemgmt 56-199] Attempt to get parsing info during refresh. "On-the-fly" syntax checking information may be incorrect. [C:\Users\gattous\Vivado_Workspace\litefury_pcie_daq_2\ip_repo\axi_csr_3_0\src\CSR_V3_0_tb.vhd:]
ERROR: [Common 17-180] Spawn failed: Der Vorgang wurde erfolgreich beendet.

close_sim
INFO: xsimkernel Simulation Memory Usage: 19800 KB (Peak: 19800 KB), Simulation CPU Usage: 27077 ms
INFO: [Simtcl 6-16] Simulation closed
launch_simulation
Command: launch_simulation 
INFO: [Vivado 12-25911] Executing simulation for 'XSim' simulator
INFO: [Vivado 12-28535] Process started - Thu Aug  6 15:13:11 2026

INFO: [Vivado 12-12493] Simulation top is 'CSR_V3_0_tb'
INFO: [Vivado 12-5682] Launching behavioral simulation in 'C:/Users/gattous/Vivado_Workspace/litefury_pcie_daq_2/ip_repo/edit_axi_csr_v3_0.sim/sim_1/behav/xsim'
INFO: [SIM-utils-51] Simulation object is 'sim_1'
INFO: [SIM-utils-72] Using boost library from 'C:/AMDDesignTools/2025.2/Vivado/tps/boost_1_72_0'
INFO: [SIM-utils-54] Inspecting design source files for 'CSR_V3_0_tb' in fileset 'sim_1'...
INFO: [USF-XSim-97] Finding global include files...
INFO: [USF-XSim-98] Fetching design files from 'sim_1'...
INFO: [USF-XSim-2] XSim::Compile design
INFO: [USF-XSim-61] Executing 'COMPILE and ANALYZE' step in 'C:/Users/gattous/Vivado_Workspace/litefury_pcie_daq_2/ip_repo/edit_axi_csr_v3_0.sim/sim_1/behav/xsim'
"xvhdl --incr --relax -prj CSR_V3_0_tb_vhdl.prj"
INFO: [VRFC 10-163] Analyzing VHDL file "C:/Users/gattous/Vivado_Workspace/litefury_pcie_daq_2/ip_repo/axi_csr_3_0/src/CSR_V3_0_tb.vhd" into library xil_defaultlib
INFO: [VRFC 10-3107] analyzing entity 'CSR_V3_0_tb'
ERROR: [VRFC 10-4982] syntax error near 'ENABLE_ACQUISITION_BIT' [C:/Users/gattous/Vivado_Workspace/litefury_pcie_daq_2/ip_repo/axi_csr_3_0/src/CSR_V3_0_tb.vhd:156]
ERROR: [VRFC 10-719] formal port/generic <soft_reset_bit> is not declared in <axi_csr_v3_0> [C:/Users/gattous/Vivado_Workspace/litefury_pcie_daq_2/ip_repo/axi_csr_3_0/src/CSR_V3_0_tb.vhd:157]
ERROR: [VRFC 10-9458] unit 'behavioral' is ignored due to previous errors [C:/Users/gattous/Vivado_Workspace/litefury_pcie_daq_2/ip_repo/axi_csr_3_0/src/CSR_V3_0_tb.vhd:36]
INFO: [VRFC 10-8704] VHDL file 'C:/Users/gattous/Vivado_Workspace/litefury_pcie_daq_2/ip_repo/axi_csr_3_0/src/CSR_V3_0_tb.vhd' is ignored due to errors
INFO: [USF-XSim-69] 'compile' step finished in '1' seconds
INFO: [USF-XSim-99] Step results log file:'C:/Users/gattous/Vivado_Workspace/litefury_pcie_daq_2/ip_repo/edit_axi_csr_v3_0.sim/sim_1/behav/xsim/xvhdl.log'
ERROR: [USF-XSim-62] 'compile' step failed with error(s). Please check the Tcl console output or 'C:/Users/gattous/Vivado_Workspace/litefury_pcie_daq_2/ip_repo/edit_axi_csr_v3_0.sim/sim_1/behav/xsim/xvhdl.log' file for more information.
ERROR: [Vivado 12-4473] Detected error while running simulation. Please correct the issue and retry this operation.
ERROR: [Common 17-39] 'launch_simulation' failed due to earlier errors.
launch_simulation
Command: launch_simulation 
INFO: [Vivado 12-25911] Executing simulation for 'XSim' simulator
INFO: [Vivado 12-28535] Process started - Thu Aug  6 15:14:09 2026

INFO: [Vivado 12-12493] Simulation top is 'CSR_V3_0_tb'
INFO: [Vivado 12-5682] Launching behavioral simulation in 'C:/Users/gattous/Vivado_Workspace/litefury_pcie_daq_2/ip_repo/edit_axi_csr_v3_0.sim/sim_1/behav/xsim'
INFO: [SIM-utils-51] Simulation object is 'sim_1'
INFO: [SIM-utils-72] Using boost library from 'C:/AMDDesignTools/2025.2/Vivado/tps/boost_1_72_0'
INFO: [SIM-utils-54] Inspecting design source files for 'CSR_V3_0_tb' in fileset 'sim_1'...
INFO: [USF-XSim-97] Finding global include files...
INFO: [USF-XSim-98] Fetching design files from 'sim_1'...
INFO: [USF-XSim-2] XSim::Compile design
INFO: [USF-XSim-61] Executing 'COMPILE and ANALYZE' step in 'C:/Users/gattous/Vivado_Workspace/litefury_pcie_daq_2/ip_repo/edit_axi_csr_v3_0.sim/sim_1/behav/xsim'
"xvhdl --incr --relax -prj CSR_V3_0_tb_vhdl.prj"
INFO: [VRFC 10-163] Analyzing VHDL file "C:/Users/gattous/Vivado_Workspace/litefury_pcie_daq_2/ip_repo/axi_csr_3_0/src/CSR_V3_0_tb.vhd" into library xil_defaultlib
INFO: [VRFC 10-3107] analyzing entity 'CSR_V3_0_tb'
ERROR: [VRFC 10-719] formal port/generic <enable_acquisition_bit> is not declared in <axi_csr_v3_0> [C:/Users/gattous/Vivado_Workspace/litefury_pcie_daq_2/ip_repo/axi_csr_3_0/src/CSR_V3_0_tb.vhd:156]
ERROR: [VRFC 10-9458] unit 'behavioral' is ignored due to previous errors [C:/Users/gattous/Vivado_Workspace/litefury_pcie_daq_2/ip_repo/axi_csr_3_0/src/CSR_V3_0_tb.vhd:36]
INFO: [VRFC 10-8704] VHDL file 'C:/Users/gattous/Vivado_Workspace/litefury_pcie_daq_2/ip_repo/axi_csr_3_0/src/CSR_V3_0_tb.vhd' is ignored due to errors
INFO: [USF-XSim-69] 'compile' step finished in '1' seconds
INFO: [USF-XSim-99] Step results log file:'C:/Users/gattous/Vivado_Workspace/litefury_pcie_daq_2/ip_repo/edit_axi_csr_v3_0.sim/sim_1/behav/xsim/xvhdl.log'
ERROR: [USF-XSim-62] 'compile' step failed with error(s). Please check the Tcl console output or 'C:/Users/gattous/Vivado_Workspace/litefury_pcie_daq_2/ip_repo/edit_axi_csr_v3_0.sim/sim_1/behav/xsim/xvhdl.log' file for more information.
ERROR: [Vivado 12-4473] Detected error while running simulation. Please correct the issue and retry this operation.
ERROR: [Common 17-39] 'launch_simulation' failed due to earlier errors.
launch_simulation
Command: launch_simulation 
INFO: [Vivado 12-25911] Executing simulation for 'XSim' simulator
INFO: [Vivado 12-28535] Process started - Thu Aug  6 15:14:40 2026

INFO: [Vivado 12-12493] Simulation top is 'CSR_V3_0_tb'
INFO: [Vivado 12-5682] Launching behavioral simulation in 'C:/Users/gattous/Vivado_Workspace/litefury_pcie_daq_2/ip_repo/edit_axi_csr_v3_0.sim/sim_1/behav/xsim'
INFO: [SIM-utils-51] Simulation object is 'sim_1'
INFO: [SIM-utils-72] Using boost library from 'C:/AMDDesignTools/2025.2/Vivado/tps/boost_1_72_0'
INFO: [SIM-utils-54] Inspecting design source files for 'CSR_V3_0_tb' in fileset 'sim_1'...
INFO: [USF-XSim-97] Finding global include files...
INFO: [USF-XSim-98] Fetching design files from 'sim_1'...
INFO: [USF-XSim-2] XSim::Compile design
INFO: [USF-XSim-61] Executing 'COMPILE and ANALYZE' step in 'C:/Users/gattous/Vivado_Workspace/litefury_pcie_daq_2/ip_repo/edit_axi_csr_v3_0.sim/sim_1/behav/xsim'
"xvhdl --incr --relax -prj CSR_V3_0_tb_vhdl.prj"
INFO: [VRFC 10-163] Analyzing VHDL file "C:/Users/gattous/Vivado_Workspace/litefury_pcie_daq_2/ip_repo/axi_csr_3_0/src/CSR_V3_0_tb.vhd" into library xil_defaultlib
INFO: [VRFC 10-3107] analyzing entity 'CSR_V3_0_tb'
ERROR: [VRFC 10-719] formal port/generic <enable_acquisition_bit> is not declared in <axi_csr_v3_0> [C:/Users/gattous/Vivado_Workspace/litefury_pcie_daq_2/ip_repo/axi_csr_3_0/src/CSR_V3_0_tb.vhd:156]
ERROR: [VRFC 10-9458] unit 'behavioral' is ignored due to previous errors [C:/Users/gattous/Vivado_Workspace/litefury_pcie_daq_2/ip_repo/axi_csr_3_0/src/CSR_V3_0_tb.vhd:36]
INFO: [VRFC 10-8704] VHDL file 'C:/Users/gattous/Vivado_Workspace/litefury_pcie_daq_2/ip_repo/axi_csr_3_0/src/CSR_V3_0_tb.vhd' is ignored due to errors
INFO: [USF-XSim-69] 'compile' step finished in '2' seconds
INFO: [USF-XSim-99] Step results log file:'C:/Users/gattous/Vivado_Workspace/litefury_pcie_daq_2/ip_repo/edit_axi_csr_v3_0.sim/sim_1/behav/xsim/xvhdl.log'
ERROR: [USF-XSim-62] 'compile' step failed with error(s). Please check the Tcl console output or 'C:/Users/gattous/Vivado_Workspace/litefury_pcie_daq_2/ip_repo/edit_axi_csr_v3_0.sim/sim_1/behav/xsim/xvhdl.log' file for more information.
ERROR: [Vivado 12-4473] Detected error while running simulation. Please correct the issue and retry this operation.
ERROR: [Common 17-39] 'launch_simulation' failed due to earlier errors.
WARNING: [filemgmt 56-199] Attempt to get parsing info during refresh. "On-the-fly" syntax checking information may be incorrect. [C:\Users\gattous\Vivado_Workspace\litefury_pcie_daq_2\ip_repo\axi_csr_3_0\hdl\axi_csr_slave_lite_v3_0_axi_csr.vhd:]
WARNING: [filemgmt 56-199] Attempt to get parsing info during refresh. "On-the-fly" syntax checking information may be incorrect. [C:\Users\gattous\Vivado_Workspace\litefury_pcie_daq_2\ip_repo\axi_csr_3_0\src\CSR_V3_0_tb.vhd:]
WARNING: [filemgmt 56-199] Attempt to get parsing info during refresh. "On-the-fly" syntax checking information may be incorrect. [C:\Users\gattous\Vivado_Workspace\litefury_pcie_daq_2\ip_repo\axi_csr_3_0\hdl\axi_csr_v3_0.vhd:]
WARNING: [filemgmt 56-199] Attempt to get parsing info during refresh. "On-the-fly" syntax checking information may be incorrect. [C:\Users\gattous\Vivado_Workspace\litefury_pcie_daq_2\ip_repo\axi_csr_3_0\hdl\axi_csr_slave_lite_v3_0_axi_csr.vhd:]
WARNING: [filemgmt 56-199] Attempt to get parsing info during refresh. "On-the-fly" syntax checking information may be incorrect. [C:\Users\gattous\Vivado_Workspace\litefury_pcie_daq_2\ip_repo\axi_csr_3_0\hdl\axi_csr_slave_lite_v3_0_axi_csr.vhd:]
WARNING: [filemgmt 56-199] Attempt to get parsing info during refresh. "On-the-fly" syntax checking information may be incorrect. [C:\Users\gattous\Vivado_Workspace\litefury_pcie_daq_2\ip_repo\axi_csr_3_0\hdl\axi_csr_slave_lite_v3_0_axi_csr.vhd:]
WARNING: [filemgmt 56-199] Attempt to get parsing info during refresh. "On-the-fly" syntax checking information may be incorrect. [C:\Users\gattous\Vivado_Workspace\litefury_pcie_daq_2\ip_repo\axi_csr_3_0\src\CSR_V3_0_tb.vhd:]
WARNING: [filemgmt 56-199] Attempt to get parsing info during refresh. "On-the-fly" syntax checking information may be incorrect. [C:\Users\gattous\Vivado_Workspace\litefury_pcie_daq_2\ip_repo\axi_csr_3_0\hdl\axi_csr_v3_0.vhd:]
WARNING: [filemgmt 56-199] Attempt to get parsing info during refresh. "On-the-fly" syntax checking information may be incorrect. [C:\Users\gattous\Vivado_Workspace\litefury_pcie_daq_2\ip_repo\axi_csr_3_0\src\CSR_V3_0_tb.vhd:]
WARNING: [filemgmt 56-199] Attempt to get parsing info during refresh. "On-the-fly" syntax checking information may be incorrect. [C:\Users\gattous\Vivado_Workspace\litefury_pcie_daq_2\ip_repo\axi_csr_3_0\src\CSR_V3_0_tb.vhd:]
ERROR: [Common 17-180] Spawn failed: Der Vorgang wurde erfolgreich beendet.

WARNING: [filemgmt 56-199] Attempt to get parsing info during refresh. "On-the-fly" syntax checking information may be incorrect. [C:\Users\gattous\Vivado_Workspace\litefury_pcie_daq_2\ip_repo\axi_csr_3_0\hdl\axi_csr_slave_lite_v3_0_axi_csr.vhd:]
WARNING: [filemgmt 56-199] Attempt to get parsing info during refresh. "On-the-fly" syntax checking information may be incorrect. [C:\Users\gattous\Vivado_Workspace\litefury_pcie_daq_2\ip_repo\axi_csr_3_0\src\CSR_V3_0_tb.vhd:]
WARNING: [filemgmt 56-199] Attempt to get parsing info during refresh. "On-the-fly" syntax checking information may be incorrect. [C:\Users\gattous\Vivado_Workspace\litefury_pcie_daq_2\ip_repo\axi_csr_3_0\hdl\axi_csr_v3_0.vhd:]
WARNING: [filemgmt 56-199] Attempt to get parsing info during refresh. "On-the-fly" syntax checking information may be incorrect. [C:\Users\gattous\Vivado_Workspace\litefury_pcie_daq_2\ip_repo\axi_csr_3_0\src\CSR_V3_0_tb.vhd:]
WARNING: [filemgmt 56-199] Attempt to get parsing info during refresh. "On-the-fly" syntax checking information may be incorrect. [C:\Users\gattous\Vivado_Workspace\litefury_pcie_daq_2\ip_repo\axi_csr_3_0\src\CSR_V3_0_tb.vhd:]
WARNING: [filemgmt 56-199] Attempt to get parsing info during refresh. "On-the-fly" syntax checking information may be incorrect. [C:\Users\gattous\Vivado_Workspace\litefury_pcie_daq_2\ip_repo\axi_csr_3_0\hdl\axi_csr_slave_lite_v3_0_axi_csr.vhd:]
WARNING: [filemgmt 56-199] Attempt to get parsing info during refresh. "On-the-fly" syntax checking information may be incorrect. [C:\Users\gattous\Vivado_Workspace\litefury_pcie_daq_2\ip_repo\axi_csr_3_0\src\CSR_V3_0_tb.vhd:]
WARNING: [filemgmt 56-199] Attempt to get parsing info during refresh. "On-the-fly" syntax checking information may be incorrect. [C:\Users\gattous\Vivado_Workspace\litefury_pcie_daq_2\ip_repo\axi_csr_3_0\hdl\axi_csr_v3_0.vhd:]
WARNING: [filemgmt 56-199] Attempt to get parsing info during refresh. "On-the-fly" syntax checking information may be incorrect. [C:\Users\gattous\Vivado_Workspace\litefury_pcie_daq_2\ip_repo\axi_csr_3_0\hdl\axi_csr_slave_lite_v3_0_axi_csr.vhd:]
WARNING: [filemgmt 56-199] Attempt to get parsing info during refresh. "On-the-fly" syntax checking information may be incorrect. [C:\Users\gattous\Vivado_Workspace\litefury_pcie_daq_2\ip_repo\axi_csr_3_0\hdl\axi_csr_slave_lite_v3_0_axi_csr.vhd:]
ERROR: [Common 17-180] Spawn failed: Der Vorgang wurde erfolgreich beendet.

launch_simulation
Command: launch_simulation 
INFO: [Vivado 12-25911] Executing simulation for 'XSim' simulator
INFO: [Vivado 12-28535] Process started - Thu Aug  6 15:16:30 2026

INFO: [Vivado 12-12493] Simulation top is 'CSR_V3_0_tb'
INFO: [Vivado 12-5682] Launching behavioral simulation in 'C:/Users/gattous/Vivado_Workspace/litefury_pcie_daq_2/ip_repo/edit_axi_csr_v3_0.sim/sim_1/behav/xsim'
INFO: [SIM-utils-51] Simulation object is 'sim_1'
INFO: [SIM-utils-72] Using boost library from 'C:/AMDDesignTools/2025.2/Vivado/tps/boost_1_72_0'
INFO: [SIM-utils-54] Inspecting design source files for 'CSR_V3_0_tb' in fileset 'sim_1'...
INFO: [USF-XSim-97] Finding global include files...
INFO: [USF-XSim-98] Fetching design files from 'sim_1'...
INFO: [USF-XSim-2] XSim::Compile design
INFO: [USF-XSim-61] Executing 'COMPILE and ANALYZE' step in 'C:/Users/gattous/Vivado_Workspace/litefury_pcie_daq_2/ip_repo/edit_axi_csr_v3_0.sim/sim_1/behav/xsim'
"xvhdl --incr --relax -prj CSR_V3_0_tb_vhdl.prj"
INFO: [VRFC 10-163] Analyzing VHDL file "C:/Users/gattous/Vivado_Workspace/litefury_pcie_daq_2/ip_repo/axi_csr_3_0/src/CSR_V3_0_tb.vhd" into library xil_defaultlib
INFO: [VRFC 10-3107] analyzing entity 'CSR_V3_0_tb'
ERROR: [VRFC 10-4982] syntax error near ')' [C:/Users/gattous/Vivado_Workspace/litefury_pcie_daq_2/ip_repo/axi_csr_3_0/src/CSR_V3_0_tb.vhd:164]
ERROR: [VRFC 10-9458] unit 'behavioral' is ignored due to previous errors [C:/Users/gattous/Vivado_Workspace/litefury_pcie_daq_2/ip_repo/axi_csr_3_0/src/CSR_V3_0_tb.vhd:36]
INFO: [VRFC 10-8704] VHDL file 'C:/Users/gattous/Vivado_Workspace/litefury_pcie_daq_2/ip_repo/axi_csr_3_0/src/CSR_V3_0_tb.vhd' is ignored due to errors
INFO: [USF-XSim-69] 'compile' step finished in '1' seconds
INFO: [USF-XSim-99] Step results log file:'C:/Users/gattous/Vivado_Workspace/litefury_pcie_daq_2/ip_repo/edit_axi_csr_v3_0.sim/sim_1/behav/xsim/xvhdl.log'
ERROR: [USF-XSim-62] 'compile' step failed with error(s). Please check the Tcl console output or 'C:/Users/gattous/Vivado_Workspace/litefury_pcie_daq_2/ip_repo/edit_axi_csr_v3_0.sim/sim_1/behav/xsim/xvhdl.log' file for more information.
ERROR: [Vivado 12-4473] Detected error while running simulation. Please correct the issue and retry this operation.
ERROR: [Common 17-39] 'launch_simulation' failed due to earlier errors.
WARNING: [filemgmt 56-199] Attempt to get parsing info during refresh. "On-the-fly" syntax checking information may be incorrect. [C:\Users\gattous\Vivado_Workspace\litefury_pcie_daq_2\ip_repo\axi_csr_3_0\hdl\axi_csr_slave_lite_v3_0_axi_csr.vhd:]
WARNING: [filemgmt 56-199] Attempt to get parsing info during refresh. "On-the-fly" syntax checking information may be incorrect. [C:\Users\gattous\Vivado_Workspace\litefury_pcie_daq_2\ip_repo\axi_csr_3_0\src\CSR_V3_0_tb.vhd:]
WARNING: [filemgmt 56-199] Attempt to get parsing info during refresh. "On-the-fly" syntax checking information may be incorrect. [C:\Users\gattous\Vivado_Workspace\litefury_pcie_daq_2\ip_repo\axi_csr_3_0\hdl\axi_csr_v3_0.vhd:]
WARNING: [filemgmt 56-199] Attempt to get parsing info during refresh. "On-the-fly" syntax checking information may be incorrect. [C:\Users\gattous\Vivado_Workspace\litefury_pcie_daq_2\ip_repo\axi_csr_3_0\hdl\axi_csr_slave_lite_v3_0_axi_csr.vhd:]
WARNING: [filemgmt 56-199] Attempt to get parsing info during refresh. "On-the-fly" syntax checking information may be incorrect. [C:\Users\gattous\Vivado_Workspace\litefury_pcie_daq_2\ip_repo\axi_csr_3_0\hdl\axi_csr_slave_lite_v3_0_axi_csr.vhd:]
ERROR: [Common 17-180] Spawn failed: Der Vorgang wurde erfolgreich beendet.

WARNING: [filemgmt 56-199] Attempt to get parsing info during refresh. "On-the-fly" syntax checking information may be incorrect. [C:\Users\gattous\Vivado_Workspace\litefury_pcie_daq_2\ip_repo\axi_csr_3_0\hdl\axi_csr_slave_lite_v3_0_axi_csr.vhd:]
WARNING: [filemgmt 56-199] Attempt to get parsing info during refresh. "On-the-fly" syntax checking information may be incorrect. [C:\Users\gattous\Vivado_Workspace\litefury_pcie_daq_2\ip_repo\axi_csr_3_0\src\CSR_V3_0_tb.vhd:]
WARNING: [filemgmt 56-199] Attempt to get parsing info during refresh. "On-the-fly" syntax checking information may be incorrect. [C:\Users\gattous\Vivado_Workspace\litefury_pcie_daq_2\ip_repo\axi_csr_3_0\hdl\axi_csr_v3_0.vhd:]
WARNING: [filemgmt 56-199] Attempt to get parsing info during refresh. "On-the-fly" syntax checking information may be incorrect. [C:\Users\gattous\Vivado_Workspace\litefury_pcie_daq_2\ip_repo\axi_csr_3_0\hdl\axi_csr_v3_0.vhd:]
WARNING: [filemgmt 56-199] Attempt to get parsing info during refresh. "On-the-fly" syntax checking information may be incorrect. [C:\Users\gattous\Vivado_Workspace\litefury_pcie_daq_2\ip_repo\axi_csr_3_0\hdl\axi_csr_v3_0.vhd:]
launch_simulation
Command: launch_simulation 
INFO: [Vivado 12-25911] Executing simulation for 'XSim' simulator
INFO: [Vivado 12-28535] Process started - Thu Aug  6 15:17:01 2026

INFO: [Vivado 12-12493] Simulation top is 'CSR_V3_0_tb'
INFO: [Vivado 12-5682] Launching behavioral simulation in 'C:/Users/gattous/Vivado_Workspace/litefury_pcie_daq_2/ip_repo/edit_axi_csr_v3_0.sim/sim_1/behav/xsim'
INFO: [SIM-utils-51] Simulation object is 'sim_1'
INFO: [SIM-utils-72] Using boost library from 'C:/AMDDesignTools/2025.2/Vivado/tps/boost_1_72_0'
INFO: [SIM-utils-54] Inspecting design source files for 'CSR_V3_0_tb' in fileset 'sim_1'...
INFO: [USF-XSim-97] Finding global include files...
INFO: [USF-XSim-98] Fetching design files from 'sim_1'...
INFO: [USF-XSim-2] XSim::Compile design
INFO: [USF-XSim-61] Executing 'COMPILE and ANALYZE' step in 'C:/Users/gattous/Vivado_Workspace/litefury_pcie_daq_2/ip_repo/edit_axi_csr_v3_0.sim/sim_1/behav/xsim'
"xvhdl --incr --relax -prj CSR_V3_0_tb_vhdl.prj"
INFO: [VRFC 10-163] Analyzing VHDL file "C:/Users/gattous/Vivado_Workspace/litefury_pcie_daq_2/ip_repo/axi_csr_3_0/src/CSR_V3_0_tb.vhd" into library xil_defaultlib
INFO: [VRFC 10-3107] analyzing entity 'CSR_V3_0_tb'
INFO: [USF-XSim-69] 'compile' step finished in '2' seconds
INFO: [USF-XSim-3] XSim::Elaborate design
INFO: [USF-XSim-61] Executing 'ELABORATE' step in 'C:/Users/gattous/Vivado_Workspace/litefury_pcie_daq_2/ip_repo/edit_axi_csr_v3_0.sim/sim_1/behav/xsim'
"xelab --incr --debug typical --relax --mt 2 -L xil_defaultlib -L secureip --snapshot CSR_V3_0_tb_behav xil_defaultlib.CSR_V3_0_tb -log elaborate.log"
Vivado Simulator v2025.2
Copyright 1986-2022 Xilinx, Inc. All Rights Reserved.
Copyright 2022-2025 Advanced Micro Devices, Inc. All Rights Reserved.
Running: C:/AMDDesignTools/2025.2/Vivado/bin/unwrapped/win64.o/xelab.exe --incr --debug typical --relax --mt 2 -L xil_defaultlib -L secureip --snapshot CSR_V3_0_tb_behav xil_defaultlib.CSR_V3_0_tb -log elaborate.log 
Using 2 slave threads.
Starting static elaboration
Completed static elaboration
Starting simulation data flow analysis
Completed simulation data flow analysis
Time Resolution for simulation is 1ps
Compiling package std.standard
Compiling package std.textio
Compiling package ieee.std_logic_1164
Compiling package ieee.numeric_std
Compiling architecture arch_imp of entity xil_defaultlib.axi_csr_slave_lite_v3_0_CONTROL_STATUS_REG [axi_csr_slave_lite_v3_0_control_...]
Compiling architecture arch_imp of entity xil_defaultlib.axi_csr_V3_0 [axi_csr_v3_0_default]
Compiling architecture behavioral of entity xil_defaultlib.csr_v3_0_tb
Built simulation snapshot CSR_V3_0_tb_behav
INFO: [USF-XSim-69] 'elaborate' step finished in '2' seconds
INFO: [USF-XSim-4] XSim::Simulate design
INFO: [USF-XSim-61] Executing 'SIMULATE' step in 'C:/Users/gattous/Vivado_Workspace/litefury_pcie_daq_2/ip_repo/edit_axi_csr_v3_0.sim/sim_1/behav/xsim'
INFO: [USF-XSim-98] *** Running xsim
   with args "CSR_V3_0_tb_behav -key {Behavioral:sim_1:Functional:CSR_V3_0_tb} -tclbatch {CSR_V3_0_tb.tcl} -log {simulate.log}"
INFO: [USF-XSim-8] Loading simulator feature
Time resolution is 1 ps
WARNING: [Simulator 45-24] Previous breakpoint at line 247 in file 'C:/Users/gattous/Vivado_Workspace/litefury_pcie_daq_2/ip_repo/axi_csr_3_0/src/CSR_V3_0_tb.vhd' not restored because it is no longer a breakable line.
source CSR_V3_0_tb.tcl
# set curr_wave [current_wave_config]
# if { [string length $curr_wave] == 0 } {
#   if { [llength [get_objects]] > 0} {
#     add_wave /
#     set_property needs_save false [current_wave_config]
#   } else {
#      send_msg_id Add_Wave-1 WARNING "No top level signals found. Simulator will start without a wave window. If you want to open a wave window go to 'File->New Waveform Configuration' or type 'create_wave_config' in the TCL console."
#   }
# }
# run 1000ns
Stopped at time : 0 fs : File "C:/Users/gattous/Vivado_Workspace/litefury_pcie_daq_2/ip_repo/axi_csr_3_0/hdl/axi_csr_slave_lite_v3_0_axi_csr.vhd" Line 388
INFO: [USF-XSim-96] XSim completed. Design snapshot 'CSR_V3_0_tb_behav' loaded.
INFO: [USF-XSim-97] XSim simulation ran for 1000ns
launch_simulation: Time (s): cpu = 00:00:02 ; elapsed = 00:00:05 . Memory (MB): peak = 3362.148 ; gain = 0.000
run all
Stopped at time : 0 fs : File "C:/Users/gattous/Vivado_Workspace/litefury_pcie_daq_2/ip_repo/axi_csr_3_0/src/CSR_V3_0_tb.vhd" Line 233
run all
Stopped at time : 2 ns : File "C:/Users/gattous/Vivado_Workspace/litefury_pcie_daq_2/ip_repo/axi_csr_3_0/src/CSR_V3_0_tb.vhd" Line 235
run all
Stopped at time : 2 ns : File "C:/Users/gattous/Vivado_Workspace/litefury_pcie_daq_2/ip_repo/axi_csr_3_0/hdl/axi_csr_slave_lite_v3_0_axi_csr.vhd" Line 388
run all
Stopped at time : 6 ns : File "C:/Users/gattous/Vivado_Workspace/litefury_pcie_daq_2/ip_repo/axi_csr_3_0/src/CSR_V3_0_tb.vhd" Line 225
run all
Stopped at time : 7 ns : File "C:/Users/gattous/Vivado_Workspace/litefury_pcie_daq_2/ip_repo/axi_csr_3_0/src/CSR_V3_0_tb.vhd" Line 237
run all
Stopped at time : 10 ns : File "C:/Users/gattous/Vivado_Workspace/litefury_pcie_daq_2/ip_repo/axi_csr_3_0/src/CSR_V3_0_tb.vhd" Line 240
run all
Stopped at time : 14 ns : File "C:/Users/gattous/Vivado_Workspace/litefury_pcie_daq_2/ip_repo/axi_csr_3_0/src/CSR_V3_0_tb.vhd" Line 241
run all
Stopped at time : 18 ns : File "C:/Users/gattous/Vivado_Workspace/litefury_pcie_daq_2/ip_repo/axi_csr_3_0/src/CSR_V3_0_tb.vhd" Line 244
run all
Stopped at time : 19 ns : File "C:/Users/gattous/Vivado_Workspace/litefury_pcie_daq_2/ip_repo/axi_csr_3_0/src/CSR_V3_0_tb.vhd" Line 246
run all
Stopped at time : 23 ns : File "C:/Users/gattous/Vivado_Workspace/litefury_pcie_daq_2/ip_repo/axi_csr_3_0/src/CSR_V3_0_tb.vhd" Line 249
run all
Stopped at time : 26 ns : File "C:/Users/gattous/Vivado_Workspace/litefury_pcie_daq_2/ip_repo/axi_csr_3_0/src/CSR_V3_0_tb.vhd" Line 252
run all
WARNING: [filemgmt 56-199] Attempt to get parsing info during refresh. "On-the-fly" syntax checking information may be incorrect. [C:\Users\gattous\Vivado_Workspace\litefury_pcie_daq_2\ip_repo\axi_csr_3_0\hdl\axi_csr_slave_lite_v3_0_axi_csr.vhd:]
WARNING: [filemgmt 56-199] Attempt to get parsing info during refresh. "On-the-fly" syntax checking information may be incorrect. [C:\Users\gattous\Vivado_Workspace\litefury_pcie_daq_2\ip_repo\axi_csr_3_0\src\CSR_V3_0_tb.vhd:]
WARNING: [filemgmt 56-199] Attempt to get parsing info during refresh. "On-the-fly" syntax checking information may be incorrect. [C:\Users\gattous\Vivado_Workspace\litefury_pcie_daq_2\ip_repo\axi_csr_3_0\hdl\axi_csr_v3_0.vhd:]
WARNING: [filemgmt 56-199] Attempt to get parsing info during refresh. "On-the-fly" syntax checking information may be incorrect. [C:\Users\gattous\Vivado_Workspace\litefury_pcie_daq_2\ip_repo\axi_csr_3_0\src\CSR_V3_0_tb.vhd:]
WARNING: [filemgmt 56-199] Attempt to get parsing info during refresh. "On-the-fly" syntax checking information may be incorrect. [C:\Users\gattous\Vivado_Workspace\litefury_pcie_daq_2\ip_repo\axi_csr_3_0\src\CSR_V3_0_tb.vhd:]
WARNING: [filemgmt 56-199] Attempt to get parsing info during refresh. "On-the-fly" syntax checking information may be incorrect. [C:\Users\gattous\Vivado_Workspace\litefury_pcie_daq_2\ip_repo\axi_csr_3_0\hdl\axi_csr_slave_lite_v3_0_axi_csr.vhd:]
WARNING: [filemgmt 56-199] Attempt to get parsing info during refresh. "On-the-fly" syntax checking information may be incorrect. [C:\Users\gattous\Vivado_Workspace\litefury_pcie_daq_2\ip_repo\axi_csr_3_0\src\CSR_V3_0_tb.vhd:]
WARNING: [filemgmt 56-199] Attempt to get parsing info during refresh. "On-the-fly" syntax checking information may be incorrect. [C:\Users\gattous\Vivado_Workspace\litefury_pcie_daq_2\ip_repo\axi_csr_3_0\hdl\axi_csr_v3_0.vhd:]
WARNING: [filemgmt 56-199] Attempt to get parsing info during refresh. "On-the-fly" syntax checking information may be incorrect. [C:\Users\gattous\Vivado_Workspace\litefury_pcie_daq_2\ip_repo\axi_csr_3_0\hdl\axi_csr_slave_lite_v3_0_axi_csr.vhd:]
WARNING: [filemgmt 56-199] Attempt to get parsing info during refresh. "On-the-fly" syntax checking information may be incorrect. [C:\Users\gattous\Vivado_Workspace\litefury_pcie_daq_2\ip_repo\axi_csr_3_0\hdl\axi_csr_slave_lite_v3_0_axi_csr.vhd:]
ERROR: [Common 17-180] Spawn failed: Der Vorgang wurde erfolgreich beendet.

close_sim
INFO: [Simtcl 6-16] Simulation closed
launch_simulation
Command: launch_simulation 
INFO: [Vivado 12-25911] Executing simulation for 'XSim' simulator
INFO: [Vivado 12-28535] Process started - Thu Aug  6 15:19:47 2026

INFO: [Vivado 12-12493] Simulation top is 'CSR_V3_0_tb'
INFO: [Vivado 12-5682] Launching behavioral simulation in 'C:/Users/gattous/Vivado_Workspace/litefury_pcie_daq_2/ip_repo/edit_axi_csr_v3_0.sim/sim_1/behav/xsim'
INFO: [SIM-utils-51] Simulation object is 'sim_1'
INFO: [SIM-utils-72] Using boost library from 'C:/AMDDesignTools/2025.2/Vivado/tps/boost_1_72_0'
INFO: [SIM-utils-54] Inspecting design source files for 'CSR_V3_0_tb' in fileset 'sim_1'...
INFO: [USF-XSim-97] Finding global include files...
INFO: [USF-XSim-98] Fetching design files from 'sim_1'...
INFO: [USF-XSim-2] XSim::Compile design
INFO: [USF-XSim-61] Executing 'COMPILE and ANALYZE' step in 'C:/Users/gattous/Vivado_Workspace/litefury_pcie_daq_2/ip_repo/edit_axi_csr_v3_0.sim/sim_1/behav/xsim'
"xvhdl --incr --relax -prj CSR_V3_0_tb_vhdl.prj"
INFO: [VRFC 10-163] Analyzing VHDL file "C:/Users/gattous/Vivado_Workspace/litefury_pcie_daq_2/ip_repo/axi_csr_3_0/hdl/axi_csr_slave_lite_v3_0_axi_csr.vhd" into library xil_defaultlib
INFO: [VRFC 10-3107] analyzing entity 'axi_csr_slave_lite_v3_0_CONTROL_STATUS_REG'
INFO: [USF-XSim-69] 'compile' step finished in '1' seconds
INFO: [USF-XSim-3] XSim::Elaborate design
INFO: [USF-XSim-61] Executing 'ELABORATE' step in 'C:/Users/gattous/Vivado_Workspace/litefury_pcie_daq_2/ip_repo/edit_axi_csr_v3_0.sim/sim_1/behav/xsim'
"xelab --incr --debug typical --relax --mt 2 -L xil_defaultlib -L secureip --snapshot CSR_V3_0_tb_behav xil_defaultlib.CSR_V3_0_tb -log elaborate.log"
Vivado Simulator v2025.2
Copyright 1986-2022 Xilinx, Inc. All Rights Reserved.
Copyright 2022-2025 Advanced Micro Devices, Inc. All Rights Reserved.
Running: C:/AMDDesignTools/2025.2/Vivado/bin/unwrapped/win64.o/xelab.exe --incr --debug typical --relax --mt 2 -L xil_defaultlib -L secureip --snapshot CSR_V3_0_tb_behav xil_defaultlib.CSR_V3_0_tb -log elaborate.log 
Using 2 slave threads.
Starting static elaboration
Completed static elaboration
Starting simulation data flow analysis
Completed simulation data flow analysis
Time Resolution for simulation is 1ps
Compiling package std.standard
Compiling package std.textio
Compiling package ieee.std_logic_1164
Compiling package ieee.numeric_std
Compiling architecture arch_imp of entity xil_defaultlib.axi_csr_slave_lite_v3_0_CONTROL_STATUS_REG [axi_csr_slave_lite_v3_0_control_...]
Compiling architecture arch_imp of entity xil_defaultlib.axi_csr_V3_0 [axi_csr_v3_0_default]
Compiling architecture behavioral of entity xil_defaultlib.csr_v3_0_tb
Built simulation snapshot CSR_V3_0_tb_behav
INFO: [USF-XSim-69] 'elaborate' step finished in '2' seconds
INFO: [USF-XSim-4] XSim::Simulate design
INFO: [USF-XSim-61] Executing 'SIMULATE' step in 'C:/Users/gattous/Vivado_Workspace/litefury_pcie_daq_2/ip_repo/edit_axi_csr_v3_0.sim/sim_1/behav/xsim'
INFO: [USF-XSim-98] *** Running xsim
   with args "CSR_V3_0_tb_behav -key {Behavioral:sim_1:Functional:CSR_V3_0_tb} -tclbatch {CSR_V3_0_tb.tcl} -log {simulate.log}"
INFO: [USF-XSim-8] Loading simulator feature
Time resolution is 1 ps
source CSR_V3_0_tb.tcl
# set curr_wave [current_wave_config]
# if { [string length $curr_wave] == 0 } {
#   if { [llength [get_objects]] > 0} {
#     add_wave /
#     set_property needs_save false [current_wave_config]
#   } else {
#      send_msg_id Add_Wave-1 WARNING "No top level signals found. Simulator will start without a wave window. If you want to open a wave window go to 'File->New Waveform Configuration' or type 'create_wave_config' in the TCL console."
#   }
# }
# run 1000ns
Stopped at time : 0 fs : File "C:/Users/gattous/Vivado_Workspace/litefury_pcie_daq_2/ip_repo/axi_csr_3_0/hdl/axi_csr_slave_lite_v3_0_axi_csr.vhd" Line 388
INFO: [USF-XSim-96] XSim completed. Design snapshot 'CSR_V3_0_tb_behav' loaded.
INFO: [USF-XSim-97] XSim simulation ran for 1000ns
launch_simulation: Time (s): cpu = 00:00:02 ; elapsed = 00:00:05 . Memory (MB): peak = 3362.148 ; gain = 0.000
remove_bps -file {C:/Users/gattous/Vivado_Workspace/litefury_pcie_daq_2/ip_repo/axi_csr_3_0/hdl/axi_csr_slave_lite_v3_0_axi_csr.vhd} -line 388
run 200 ns
Stopped at time : 0 fs : File "C:/Users/gattous/Vivado_Workspace/litefury_pcie_daq_2/ip_repo/axi_csr_3_0/src/CSR_V3_0_tb.vhd" Line 233
remove_bps -all
close_sim
INFO: [Simtcl 6-16] Simulation closed
launch_simulation
Command: launch_simulation 
INFO: [Vivado 12-25911] Executing simulation for 'XSim' simulator
INFO: [Vivado 12-28535] Process started - Thu Aug  6 15:21:03 2026

INFO: [Vivado 12-12493] Simulation top is 'CSR_V3_0_tb'
INFO: [Vivado 12-5682] Launching behavioral simulation in 'C:/Users/gattous/Vivado_Workspace/litefury_pcie_daq_2/ip_repo/edit_axi_csr_v3_0.sim/sim_1/behav/xsim'
INFO: [SIM-utils-51] Simulation object is 'sim_1'
INFO: [SIM-utils-72] Using boost library from 'C:/AMDDesignTools/2025.2/Vivado/tps/boost_1_72_0'
INFO: [SIM-utils-54] Inspecting design source files for 'CSR_V3_0_tb' in fileset 'sim_1'...
INFO: [USF-XSim-97] Finding global include files...
INFO: [USF-XSim-98] Fetching design files from 'sim_1'...
INFO: [USF-XSim-2] XSim::Compile design
INFO: [USF-XSim-61] Executing 'COMPILE and ANALYZE' step in 'C:/Users/gattous/Vivado_Workspace/litefury_pcie_daq_2/ip_repo/edit_axi_csr_v3_0.sim/sim_1/behav/xsim'
"xvhdl --incr --relax -prj CSR_V3_0_tb_vhdl.prj"
INFO: [USF-XSim-69] 'compile' step finished in '1' seconds
INFO: [USF-XSim-3] XSim::Elaborate design
INFO: [USF-XSim-61] Executing 'ELABORATE' step in 'C:/Users/gattous/Vivado_Workspace/litefury_pcie_daq_2/ip_repo/edit_axi_csr_v3_0.sim/sim_1/behav/xsim'
"xelab --incr --debug typical --relax --mt 2 -L xil_defaultlib -L secureip --snapshot CSR_V3_0_tb_behav xil_defaultlib.CSR_V3_0_tb -log elaborate.log"
Vivado Simulator v2025.2
Copyright 1986-2022 Xilinx, Inc. All Rights Reserved.
Copyright 2022-2025 Advanced Micro Devices, Inc. All Rights Reserved.
Running: C:/AMDDesignTools/2025.2/Vivado/bin/unwrapped/win64.o/xelab.exe --incr --debug typical --relax --mt 2 -L xil_defaultlib -L secureip --snapshot CSR_V3_0_tb_behav xil_defaultlib.CSR_V3_0_tb -log elaborate.log 
Using 2 slave threads.
Starting static elaboration
Completed static elaboration
INFO: [XSIM 43-4323] No Change in HDL. Linking previously generated obj files to create kernel
INFO: [USF-XSim-69] 'elaborate' step finished in '2' seconds
INFO: [USF-XSim-4] XSim::Simulate design
INFO: [USF-XSim-61] Executing 'SIMULATE' step in 'C:/Users/gattous/Vivado_Workspace/litefury_pcie_daq_2/ip_repo/edit_axi_csr_v3_0.sim/sim_1/behav/xsim'
INFO: [USF-XSim-98] *** Running xsim
   with args "CSR_V3_0_tb_behav -key {Behavioral:sim_1:Functional:CSR_V3_0_tb} -tclbatch {CSR_V3_0_tb.tcl} -log {simulate.log}"
INFO: [USF-XSim-8] Loading simulator feature
Time resolution is 1 ps
source CSR_V3_0_tb.tcl
# set curr_wave [current_wave_config]
# if { [string length $curr_wave] == 0 } {
#   if { [llength [get_objects]] > 0} {
#     add_wave /
#     set_property needs_save false [current_wave_config]
#   } else {
#      send_msg_id Add_Wave-1 WARNING "No top level signals found. Simulator will start without a wave window. If you want to open a wave window go to 'File->New Waveform Configuration' or type 'create_wave_config' in the TCL console."
#   }
# }
# run 1000ns
INFO: [USF-XSim-96] XSim completed. Design snapshot 'CSR_V3_0_tb_behav' loaded.
INFO: [USF-XSim-97] XSim simulation ran for 1000ns
run 200 ns
WARNING: [filemgmt 56-199] Attempt to get parsing info during refresh. "On-the-fly" syntax checking information may be incorrect. [C:\Users\gattous\Vivado_Workspace\litefury_pcie_daq_2\ip_repo\axi_csr_3_0\hdl\axi_csr_slave_lite_v3_0_axi_csr.vhd:]
WARNING: [filemgmt 56-199] Attempt to get parsing info during refresh. "On-the-fly" syntax checking information may be incorrect. [C:\Users\gattous\Vivado_Workspace\litefury_pcie_daq_2\ip_repo\axi_csr_3_0\src\CSR_V3_0_tb.vhd:]
WARNING: [filemgmt 56-199] Attempt to get parsing info during refresh. "On-the-fly" syntax checking information may be incorrect. [C:\Users\gattous\Vivado_Workspace\litefury_pcie_daq_2\ip_repo\axi_csr_3_0\hdl\axi_csr_v3_0.vhd:]
WARNING: [filemgmt 56-199] Attempt to get parsing info during refresh. "On-the-fly" syntax checking information may be incorrect. [C:\Users\gattous\Vivado_Workspace\litefury_pcie_daq_2\ip_repo\axi_csr_3_0\hdl\axi_csr_slave_lite_v3_0_axi_csr.vhd:]
WARNING: [filemgmt 56-199] Attempt to get parsing info during refresh. "On-the-fly" syntax checking information may be incorrect. [C:\Users\gattous\Vivado_Workspace\litefury_pcie_daq_2\ip_repo\axi_csr_3_0\hdl\axi_csr_slave_lite_v3_0_axi_csr.vhd:]
WARNING: [filemgmt 56-199] Attempt to get parsing info during refresh. "On-the-fly" syntax checking information may be incorrect. [C:\Users\gattous\Vivado_Workspace\litefury_pcie_daq_2\ip_repo\axi_csr_3_0\hdl\axi_csr_slave_lite_v3_0_axi_csr.vhd:]
WARNING: [filemgmt 56-199] Attempt to get parsing info during refresh. "On-the-fly" syntax checking information may be incorrect. [C:\Users\gattous\Vivado_Workspace\litefury_pcie_daq_2\ip_repo\axi_csr_3_0\src\CSR_V3_0_tb.vhd:]
WARNING: [filemgmt 56-199] Attempt to get parsing info during refresh. "On-the-fly" syntax checking information may be incorrect. [C:\Users\gattous\Vivado_Workspace\litefury_pcie_daq_2\ip_repo\axi_csr_3_0\hdl\axi_csr_v3_0.vhd:]
WARNING: [filemgmt 56-199] Attempt to get parsing info during refresh. "On-the-fly" syntax checking information may be incorrect. [C:\Users\gattous\Vivado_Workspace\litefury_pcie_daq_2\ip_repo\axi_csr_3_0\hdl\axi_csr_slave_lite_v3_0_axi_csr.vhd:]
WARNING: [filemgmt 56-199] Attempt to get parsing info during refresh. "On-the-fly" syntax checking information may be incorrect. [C:\Users\gattous\Vivado_Workspace\litefury_pcie_daq_2\ip_repo\axi_csr_3_0\hdl\axi_csr_slave_lite_v3_0_axi_csr.vhd:]
WARNING: [filemgmt 56-199] Attempt to get parsing info during refresh. "On-the-fly" syntax checking information may be incorrect. [C:\Users\gattous\Vivado_Workspace\litefury_pcie_daq_2\ip_repo\axi_csr_3_0\hdl\axi_csr_slave_lite_v3_0_axi_csr.vhd:]
WARNING: [filemgmt 56-199] Attempt to get parsing info during refresh. "On-the-fly" syntax checking information may be incorrect. [C:\Users\gattous\Vivado_Workspace\litefury_pcie_daq_2\ip_repo\axi_csr_3_0\src\CSR_V3_0_tb.vhd:]
WARNING: [filemgmt 56-199] Attempt to get parsing info during refresh. "On-the-fly" syntax checking information may be incorrect. [C:\Users\gattous\Vivado_Workspace\litefury_pcie_daq_2\ip_repo\axi_csr_3_0\hdl\axi_csr_v3_0.vhd:]
WARNING: [filemgmt 56-199] Attempt to get parsing info during refresh. "On-the-fly" syntax checking information may be incorrect. [C:\Users\gattous\Vivado_Workspace\litefury_pcie_daq_2\ip_repo\axi_csr_3_0\src\CSR_V3_0_tb.vhd:]
WARNING: [filemgmt 56-199] Attempt to get parsing info during refresh. "On-the-fly" syntax checking information may be incorrect. [C:\Users\gattous\Vivado_Workspace\litefury_pcie_daq_2\ip_repo\axi_csr_3_0\src\CSR_V3_0_tb.vhd:]
ERROR: [Common 17-180] Spawn failed: Der Vorgang wurde erfolgreich beendet.

close simulation
can not find channel named "simulation"
close_sim
INFO: [Simtcl 6-16] Simulation closed
launch_simulation
Command: launch_simulation 
INFO: [Vivado 12-25911] Executing simulation for 'XSim' simulator
INFO: [Vivado 12-28535] Process started - Thu Aug  6 15:23:58 2026

INFO: [Vivado 12-12493] Simulation top is 'CSR_V3_0_tb'
INFO: [Vivado 12-5682] Launching behavioral simulation in 'C:/Users/gattous/Vivado_Workspace/litefury_pcie_daq_2/ip_repo/edit_axi_csr_v3_0.sim/sim_1/behav/xsim'
INFO: [SIM-utils-51] Simulation object is 'sim_1'
INFO: [SIM-utils-72] Using boost library from 'C:/AMDDesignTools/2025.2/Vivado/tps/boost_1_72_0'
INFO: [SIM-utils-54] Inspecting design source files for 'CSR_V3_0_tb' in fileset 'sim_1'...
INFO: [USF-XSim-97] Finding global include files...
INFO: [USF-XSim-98] Fetching design files from 'sim_1'...
INFO: [USF-XSim-2] XSim::Compile design
INFO: [USF-XSim-61] Executing 'COMPILE and ANALYZE' step in 'C:/Users/gattous/Vivado_Workspace/litefury_pcie_daq_2/ip_repo/edit_axi_csr_v3_0.sim/sim_1/behav/xsim'
"xvhdl --incr --relax -prj CSR_V3_0_tb_vhdl.prj"
INFO: [VRFC 10-163] Analyzing VHDL file "C:/Users/gattous/Vivado_Workspace/litefury_pcie_daq_2/ip_repo/axi_csr_3_0/src/CSR_V3_0_tb.vhd" into library xil_defaultlib
INFO: [VRFC 10-3107] analyzing entity 'CSR_V3_0_tb'
INFO: [USF-XSim-69] 'compile' step finished in '2' seconds
INFO: [USF-XSim-3] XSim::Elaborate design
INFO: [USF-XSim-61] Executing 'ELABORATE' step in 'C:/Users/gattous/Vivado_Workspace/litefury_pcie_daq_2/ip_repo/edit_axi_csr_v3_0.sim/sim_1/behav/xsim'
"xelab --incr --debug typical --relax --mt 2 -L xil_defaultlib -L secureip --snapshot CSR_V3_0_tb_behav xil_defaultlib.CSR_V3_0_tb -log elaborate.log"
Vivado Simulator v2025.2
Copyright 1986-2022 Xilinx, Inc. All Rights Reserved.
Copyright 2022-2025 Advanced Micro Devices, Inc. All Rights Reserved.
Running: C:/AMDDesignTools/2025.2/Vivado/bin/unwrapped/win64.o/xelab.exe --incr --debug typical --relax --mt 2 -L xil_defaultlib -L secureip --snapshot CSR_V3_0_tb_behav xil_defaultlib.CSR_V3_0_tb -log elaborate.log 
Using 2 slave threads.
Starting static elaboration
Completed static elaboration
Starting simulation data flow analysis
Completed simulation data flow analysis
Time Resolution for simulation is 1ps
Compiling package std.standard
Compiling package std.textio
Compiling package ieee.std_logic_1164
Compiling package ieee.numeric_std
Compiling architecture arch_imp of entity xil_defaultlib.axi_csr_slave_lite_v3_0_CONTROL_STATUS_REG [axi_csr_slave_lite_v3_0_control_...]
Compiling architecture arch_imp of entity xil_defaultlib.axi_csr_V3_0 [axi_csr_v3_0_default]
Compiling architecture behavioral of entity xil_defaultlib.csr_v3_0_tb
Built simulation snapshot CSR_V3_0_tb_behav
INFO: [USF-XSim-69] 'elaborate' step finished in '2' seconds
INFO: [USF-XSim-4] XSim::Simulate design
INFO: [USF-XSim-61] Executing 'SIMULATE' step in 'C:/Users/gattous/Vivado_Workspace/litefury_pcie_daq_2/ip_repo/edit_axi_csr_v3_0.sim/sim_1/behav/xsim'
INFO: [USF-XSim-98] *** Running xsim
   with args "CSR_V3_0_tb_behav -key {Behavioral:sim_1:Functional:CSR_V3_0_tb} -tclbatch {CSR_V3_0_tb.tcl} -log {simulate.log}"
INFO: [USF-XSim-8] Loading simulator feature
Time resolution is 1 ps
source CSR_V3_0_tb.tcl
# set curr_wave [current_wave_config]
# if { [string length $curr_wave] == 0 } {
#   if { [llength [get_objects]] > 0} {
#     add_wave /
#     set_property needs_save false [current_wave_config]
#   } else {
#      send_msg_id Add_Wave-1 WARNING "No top level signals found. Simulator will start without a wave window. If you want to open a wave window go to 'File->New Waveform Configuration' or type 'create_wave_config' in the TCL console."
#   }
# }
# run 1000ns
INFO: [USF-XSim-96] XSim completed. Design snapshot 'CSR_V3_0_tb_behav' loaded.
INFO: [USF-XSim-97] XSim simulation ran for 1000ns
launch_simulation: Time (s): cpu = 00:00:02 ; elapsed = 00:00:06 . Memory (MB): peak = 3392.676 ; gain = 0.000
run 299 ns+
ERROR: [#UNDEF] Unknown time unit ns+
run 299 ns
WARNING: [filemgmt 56-199] Attempt to get parsing info during refresh. "On-the-fly" syntax checking information may be incorrect. [C:\Users\gattous\Vivado_Workspace\litefury_pcie_daq_2\ip_repo\axi_csr_3_0\hdl\axi_csr_slave_lite_v3_0_axi_csr.vhd:]
WARNING: [filemgmt 56-199] Attempt to get parsing info during refresh. "On-the-fly" syntax checking information may be incorrect. [C:\Users\gattous\Vivado_Workspace\litefury_pcie_daq_2\ip_repo\axi_csr_3_0\src\CSR_V3_0_tb.vhd:]
WARNING: [filemgmt 56-199] Attempt to get parsing info during refresh. "On-the-fly" syntax checking information may be incorrect. [C:\Users\gattous\Vivado_Workspace\litefury_pcie_daq_2\ip_repo\axi_csr_3_0\hdl\axi_csr_v3_0.vhd:]
WARNING: [filemgmt 56-199] Attempt to get parsing info during refresh. "On-the-fly" syntax checking information may be incorrect. [C:\Users\gattous\Vivado_Workspace\litefury_pcie_daq_2\ip_repo\axi_csr_3_0\hdl\axi_csr_v3_0.vhd:]
WARNING: [filemgmt 56-199] Attempt to get parsing info during refresh. "On-the-fly" syntax checking information may be incorrect. [C:\Users\gattous\Vivado_Workspace\litefury_pcie_daq_2\ip_repo\axi_csr_3_0\hdl\axi_csr_v3_0.vhd:]
WARNING: [filemgmt 56-199] Attempt to get parsing info during refresh. "On-the-fly" syntax checking information may be incorrect. [C:\Users\gattous\Vivado_Workspace\litefury_pcie_daq_2\ip_repo\axi_csr_3_0\hdl\axi_csr_slave_lite_v3_0_axi_csr.vhd:]
WARNING: [filemgmt 56-199] Attempt to get parsing info during refresh. "On-the-fly" syntax checking information may be incorrect. [C:\Users\gattous\Vivado_Workspace\litefury_pcie_daq_2\ip_repo\axi_csr_3_0\src\CSR_V3_0_tb.vhd:]
WARNING: [filemgmt 56-199] Attempt to get parsing info during refresh. "On-the-fly" syntax checking information may be incorrect. [C:\Users\gattous\Vivado_Workspace\litefury_pcie_daq_2\ip_repo\axi_csr_3_0\hdl\axi_csr_v3_0.vhd:]
WARNING: [filemgmt 56-199] Attempt to get parsing info during refresh. "On-the-fly" syntax checking information may be incorrect. [C:\Users\gattous\Vivado_Workspace\litefury_pcie_daq_2\ip_repo\axi_csr_3_0\hdl\axi_csr_slave_lite_v3_0_axi_csr.vhd:]
WARNING: [filemgmt 56-199] Attempt to get parsing info during refresh. "On-the-fly" syntax checking information may be incorrect. [C:\Users\gattous\Vivado_Workspace\litefury_pcie_daq_2\ip_repo\axi_csr_3_0\hdl\axi_csr_slave_lite_v3_0_axi_csr.vhd:]
WARNING: [filemgmt 56-199] Attempt to get parsing info during refresh. "On-the-fly" syntax checking information may be incorrect. [C:\Users\gattous\Vivado_Workspace\litefury_pcie_daq_2\ip_repo\axi_csr_3_0\hdl\axi_csr_slave_lite_v3_0_axi_csr.vhd:]
WARNING: [filemgmt 56-199] Attempt to get parsing info during refresh. "On-the-fly" syntax checking information may be incorrect. [C:\Users\gattous\Vivado_Workspace\litefury_pcie_daq_2\ip_repo\axi_csr_3_0\src\CSR_V3_0_tb.vhd:]
WARNING: [filemgmt 56-199] Attempt to get parsing info during refresh. "On-the-fly" syntax checking information may be incorrect. [C:\Users\gattous\Vivado_Workspace\litefury_pcie_daq_2\ip_repo\axi_csr_3_0\hdl\axi_csr_v3_0.vhd:]
WARNING: [filemgmt 56-199] Attempt to get parsing info during refresh. "On-the-fly" syntax checking information may be incorrect. [C:\Users\gattous\Vivado_Workspace\litefury_pcie_daq_2\ip_repo\axi_csr_3_0\src\CSR_V3_0_tb.vhd:]
WARNING: [filemgmt 56-199] Attempt to get parsing info during refresh. "On-the-fly" syntax checking information may be incorrect. [C:\Users\gattous\Vivado_Workspace\litefury_pcie_daq_2\ip_repo\axi_csr_3_0\src\CSR_V3_0_tb.vhd:]
WARNING: [filemgmt 56-199] Attempt to get parsing info during refresh. "On-the-fly" syntax checking information may be incorrect. [C:\Users\gattous\Vivado_Workspace\litefury_pcie_daq_2\ip_repo\axi_csr_3_0\hdl\axi_csr_slave_lite_v3_0_axi_csr.vhd:]
WARNING: [filemgmt 56-199] Attempt to get parsing info during refresh. "On-the-fly" syntax checking information may be incorrect. [C:\Users\gattous\Vivado_Workspace\litefury_pcie_daq_2\ip_repo\axi_csr_3_0\src\CSR_V3_0_tb.vhd:]
WARNING: [filemgmt 56-199] Attempt to get parsing info during refresh. "On-the-fly" syntax checking information may be incorrect. [C:\Users\gattous\Vivado_Workspace\litefury_pcie_daq_2\ip_repo\axi_csr_3_0\hdl\axi_csr_v3_0.vhd:]
WARNING: [filemgmt 56-199] Attempt to get parsing info during refresh. "On-the-fly" syntax checking information may be incorrect. [C:\Users\gattous\Vivado_Workspace\litefury_pcie_daq_2\ip_repo\axi_csr_3_0\hdl\axi_csr_slave_lite_v3_0_axi_csr.vhd:]
WARNING: [filemgmt 56-199] Attempt to get parsing info during refresh. "On-the-fly" syntax checking information may be incorrect. [C:\Users\gattous\Vivado_Workspace\litefury_pcie_daq_2\ip_repo\axi_csr_3_0\hdl\axi_csr_slave_lite_v3_0_axi_csr.vhd:]
ERROR: [Common 17-180] Spawn failed: Der Vorgang wurde erfolgreich beendet.

WARNING: [filemgmt 56-199] Attempt to get parsing info during refresh. "On-the-fly" syntax checking information may be incorrect. [C:\Users\gattous\Vivado_Workspace\litefury_pcie_daq_2\ip_repo\axi_csr_3_0\hdl\axi_csr_slave_lite_v3_0_axi_csr.vhd:]
WARNING: [filemgmt 56-199] Attempt to get parsing info during refresh. "On-the-fly" syntax checking information may be incorrect. [C:\Users\gattous\Vivado_Workspace\litefury_pcie_daq_2\ip_repo\axi_csr_3_0\src\CSR_V3_0_tb.vhd:]
WARNING: [filemgmt 56-199] Attempt to get parsing info during refresh. "On-the-fly" syntax checking information may be incorrect. [C:\Users\gattous\Vivado_Workspace\litefury_pcie_daq_2\ip_repo\axi_csr_3_0\hdl\axi_csr_v3_0.vhd:]
WARNING: [filemgmt 56-199] Attempt to get parsing info during refresh. "On-the-fly" syntax checking information may be incorrect. [C:\Users\gattous\Vivado_Workspace\litefury_pcie_daq_2\ip_repo\axi_csr_3_0\hdl\axi_csr_slave_lite_v3_0_axi_csr.vhd:]
WARNING: [filemgmt 56-199] Attempt to get parsing info during refresh. "On-the-fly" syntax checking information may be incorrect. [C:\Users\gattous\Vivado_Workspace\litefury_pcie_daq_2\ip_repo\axi_csr_3_0\hdl\axi_csr_slave_lite_v3_0_axi_csr.vhd:]
WARNING: [filemgmt 56-199] Attempt to get parsing info during refresh. "On-the-fly" syntax checking information may be incorrect. [C:\Users\gattous\Vivado_Workspace\litefury_pcie_daq_2\ip_repo\axi_csr_3_0\hdl\axi_csr_slave_lite_v3_0_axi_csr.vhd:]
WARNING: [filemgmt 56-199] Attempt to get parsing info during refresh. "On-the-fly" syntax checking information may be incorrect. [C:\Users\gattous\Vivado_Workspace\litefury_pcie_daq_2\ip_repo\axi_csr_3_0\src\CSR_V3_0_tb.vhd:]
WARNING: [filemgmt 56-199] Attempt to get parsing info during refresh. "On-the-fly" syntax checking information may be incorrect. [C:\Users\gattous\Vivado_Workspace\litefury_pcie_daq_2\ip_repo\axi_csr_3_0\hdl\axi_csr_v3_0.vhd:]
WARNING: [filemgmt 56-199] Attempt to get parsing info during refresh. "On-the-fly" syntax checking information may be incorrect. [C:\Users\gattous\Vivado_Workspace\litefury_pcie_daq_2\ip_repo\axi_csr_3_0\hdl\axi_csr_v3_0.vhd:]
WARNING: [filemgmt 56-199] Attempt to get parsing info during refresh. "On-the-fly" syntax checking information may be incorrect. [C:\Users\gattous\Vivado_Workspace\litefury_pcie_daq_2\ip_repo\axi_csr_3_0\hdl\axi_csr_v3_0.vhd:]
ERROR: [Common 17-180] Spawn failed: Der Vorgang wurde erfolgreich beendet.

WARNING: [filemgmt 56-199] Attempt to get parsing info during refresh. "On-the-fly" syntax checking information may be incorrect. [C:\Users\gattous\Vivado_Workspace\litefury_pcie_daq_2\ip_repo\axi_csr_3_0\hdl\axi_csr_slave_lite_v3_0_axi_csr.vhd:]
WARNING: [filemgmt 56-199] Attempt to get parsing info during refresh. "On-the-fly" syntax checking information may be incorrect. [C:\Users\gattous\Vivado_Workspace\litefury_pcie_daq_2\ip_repo\axi_csr_3_0\src\CSR_V3_0_tb.vhd:]
WARNING: [filemgmt 56-199] Attempt to get parsing info during refresh. "On-the-fly" syntax checking information may be incorrect. [C:\Users\gattous\Vivado_Workspace\litefury_pcie_daq_2\ip_repo\axi_csr_3_0\hdl\axi_csr_v3_0.vhd:]
WARNING: [filemgmt 56-199] Attempt to get parsing info during refresh. "On-the-fly" syntax checking information may be incorrect. [C:\Users\gattous\Vivado_Workspace\litefury_pcie_daq_2\ip_repo\axi_csr_3_0\hdl\axi_csr_v3_0.vhd:]
WARNING: [filemgmt 56-199] Attempt to get parsing info during refresh. "On-the-fly" syntax checking information may be incorrect. [C:\Users\gattous\Vivado_Workspace\litefury_pcie_daq_2\ip_repo\axi_csr_3_0\hdl\axi_csr_v3_0.vhd:]
WARNING: [filemgmt 56-199] Attempt to get parsing info during refresh. "On-the-fly" syntax checking information may be incorrect. [C:\Users\gattous\Vivado_Workspace\litefury_pcie_daq_2\ip_repo\axi_csr_3_0\hdl\axi_csr_slave_lite_v3_0_axi_csr.vhd:]
WARNING: [filemgmt 56-199] Attempt to get parsing info during refresh. "On-the-fly" syntax checking information may be incorrect. [C:\Users\gattous\Vivado_Workspace\litefury_pcie_daq_2\ip_repo\axi_csr_3_0\src\CSR_V3_0_tb.vhd:]
WARNING: [filemgmt 56-199] Attempt to get parsing info during refresh. "On-the-fly" syntax checking information may be incorrect. [C:\Users\gattous\Vivado_Workspace\litefury_pcie_daq_2\ip_repo\axi_csr_3_0\hdl\axi_csr_v3_0.vhd:]
WARNING: [filemgmt 56-199] Attempt to get parsing info during refresh. "On-the-fly" syntax checking information may be incorrect. [C:\Users\gattous\Vivado_Workspace\litefury_pcie_daq_2\ip_repo\axi_csr_3_0\src\CSR_V3_0_tb.vhd:]
WARNING: [filemgmt 56-199] Attempt to get parsing info during refresh. "On-the-fly" syntax checking information may be incorrect. [C:\Users\gattous\Vivado_Workspace\litefury_pcie_daq_2\ip_repo\axi_csr_3_0\src\CSR_V3_0_tb.vhd:]
WARNING: [filemgmt 56-199] Attempt to get parsing info during refresh. "On-the-fly" syntax checking information may be incorrect. [C:\Users\gattous\Vivado_Workspace\litefury_pcie_daq_2\ip_repo\axi_csr_3_0\hdl\axi_csr_slave_lite_v3_0_axi_csr.vhd:]
WARNING: [filemgmt 56-199] Attempt to get parsing info during refresh. "On-the-fly" syntax checking information may be incorrect. [C:\Users\gattous\Vivado_Workspace\litefury_pcie_daq_2\ip_repo\axi_csr_3_0\src\CSR_V3_0_tb.vhd:]
WARNING: [filemgmt 56-199] Attempt to get parsing info during refresh. "On-the-fly" syntax checking information may be incorrect. [C:\Users\gattous\Vivado_Workspace\litefury_pcie_daq_2\ip_repo\axi_csr_3_0\hdl\axi_csr_v3_0.vhd:]
WARNING: [filemgmt 56-199] Attempt to get parsing info during refresh. "On-the-fly" syntax checking information may be incorrect. [C:\Users\gattous\Vivado_Workspace\litefury_pcie_daq_2\ip_repo\axi_csr_3_0\hdl\axi_csr_slave_lite_v3_0_axi_csr.vhd:]
WARNING: [filemgmt 56-199] Attempt to get parsing info during refresh. "On-the-fly" syntax checking information may be incorrect. [C:\Users\gattous\Vivado_Workspace\litefury_pcie_daq_2\ip_repo\axi_csr_3_0\hdl\axi_csr_slave_lite_v3_0_axi_csr.vhd:]
WARNING: [filemgmt 56-199] Attempt to get parsing info during refresh. "On-the-fly" syntax checking information may be incorrect. [C:\Users\gattous\Vivado_Workspace\litefury_pcie_daq_2\ip_repo\axi_csr_3_0\hdl\axi_csr_slave_lite_v3_0_axi_csr.vhd:]
WARNING: [filemgmt 56-199] Attempt to get parsing info during refresh. "On-the-fly" syntax checking information may be incorrect. [C:\Users\gattous\Vivado_Workspace\litefury_pcie_daq_2\ip_repo\axi_csr_3_0\src\CSR_V3_0_tb.vhd:]
WARNING: [filemgmt 56-199] Attempt to get parsing info during refresh. "On-the-fly" syntax checking information may be incorrect. [C:\Users\gattous\Vivado_Workspace\litefury_pcie_daq_2\ip_repo\axi_csr_3_0\hdl\axi_csr_v3_0.vhd:]
WARNING: [filemgmt 56-199] Attempt to get parsing info during refresh. "On-the-fly" syntax checking information may be incorrect. [C:\Users\gattous\Vivado_Workspace\litefury_pcie_daq_2\ip_repo\axi_csr_3_0\hdl\axi_csr_v3_0.vhd:]
WARNING: [filemgmt 56-199] Attempt to get parsing info during refresh. "On-the-fly" syntax checking information may be incorrect. [C:\Users\gattous\Vivado_Workspace\litefury_pcie_daq_2\ip_repo\axi_csr_3_0\hdl\axi_csr_v3_0.vhd:]
close_sim
INFO: [Simtcl 6-16] Simulation closed
launch_simulation
Command: launch_simulation 
INFO: [Vivado 12-25911] Executing simulation for 'XSim' simulator
INFO: [Vivado 12-28535] Process started - Thu Aug  6 15:29:00 2026

INFO: [Vivado 12-12493] Simulation top is 'CSR_V3_0_tb'
INFO: [Vivado 12-5682] Launching behavioral simulation in 'C:/Users/gattous/Vivado_Workspace/litefury_pcie_daq_2/ip_repo/edit_axi_csr_v3_0.sim/sim_1/behav/xsim'
INFO: [SIM-utils-51] Simulation object is 'sim_1'
INFO: [SIM-utils-72] Using boost library from 'C:/AMDDesignTools/2025.2/Vivado/tps/boost_1_72_0'
INFO: [SIM-utils-54] Inspecting design source files for 'CSR_V3_0_tb' in fileset 'sim_1'...
INFO: [USF-XSim-97] Finding global include files...
INFO: [USF-XSim-98] Fetching design files from 'sim_1'...
INFO: [USF-XSim-2] XSim::Compile design
INFO: [USF-XSim-61] Executing 'COMPILE and ANALYZE' step in 'C:/Users/gattous/Vivado_Workspace/litefury_pcie_daq_2/ip_repo/edit_axi_csr_v3_0.sim/sim_1/behav/xsim'
"xvhdl --incr --relax -prj CSR_V3_0_tb_vhdl.prj"
INFO: [VRFC 10-163] Analyzing VHDL file "C:/Users/gattous/Vivado_Workspace/litefury_pcie_daq_2/ip_repo/axi_csr_3_0/src/CSR_V3_0_tb.vhd" into library xil_defaultlib
INFO: [VRFC 10-3107] analyzing entity 'CSR_V3_0_tb'
INFO: [USF-XSim-69] 'compile' step finished in '1' seconds
INFO: [USF-XSim-3] XSim::Elaborate design
INFO: [USF-XSim-61] Executing 'ELABORATE' step in 'C:/Users/gattous/Vivado_Workspace/litefury_pcie_daq_2/ip_repo/edit_axi_csr_v3_0.sim/sim_1/behav/xsim'
"xelab --incr --debug typical --relax --mt 2 -L xil_defaultlib -L secureip --snapshot CSR_V3_0_tb_behav xil_defaultlib.CSR_V3_0_tb -log elaborate.log"
Vivado Simulator v2025.2
Copyright 1986-2022 Xilinx, Inc. All Rights Reserved.
Copyright 2022-2025 Advanced Micro Devices, Inc. All Rights Reserved.
Running: C:/AMDDesignTools/2025.2/Vivado/bin/unwrapped/win64.o/xelab.exe --incr --debug typical --relax --mt 2 -L xil_defaultlib -L secureip --snapshot CSR_V3_0_tb_behav xil_defaultlib.CSR_V3_0_tb -log elaborate.log 
Using 2 slave threads.
Starting static elaboration
Completed static elaboration
Starting simulation data flow analysis
Completed simulation data flow analysis
Time Resolution for simulation is 1ps
Compiling package std.standard
Compiling package std.textio
Compiling package ieee.std_logic_1164
Compiling package ieee.numeric_std
Compiling architecture arch_imp of entity xil_defaultlib.axi_csr_slave_lite_v3_0_CONTROL_STATUS_REG [axi_csr_slave_lite_v3_0_control_...]
Compiling architecture arch_imp of entity xil_defaultlib.axi_csr_V3_0 [axi_csr_v3_0_default]
Compiling architecture behavioral of entity xil_defaultlib.csr_v3_0_tb
Built simulation snapshot CSR_V3_0_tb_behav
INFO: [USF-XSim-69] 'elaborate' step finished in '2' seconds
INFO: [USF-XSim-4] XSim::Simulate design
INFO: [USF-XSim-61] Executing 'SIMULATE' step in 'C:/Users/gattous/Vivado_Workspace/litefury_pcie_daq_2/ip_repo/edit_axi_csr_v3_0.sim/sim_1/behav/xsim'
INFO: [USF-XSim-98] *** Running xsim
   with args "CSR_V3_0_tb_behav -key {Behavioral:sim_1:Functional:CSR_V3_0_tb} -tclbatch {CSR_V3_0_tb.tcl} -log {simulate.log}"
INFO: [USF-XSim-8] Loading simulator feature
Time resolution is 1 ps
source CSR_V3_0_tb.tcl
# set curr_wave [current_wave_config]
# if { [string length $curr_wave] == 0 } {
#   if { [llength [get_objects]] > 0} {
#     add_wave /
#     set_property needs_save false [current_wave_config]
#   } else {
#      send_msg_id Add_Wave-1 WARNING "No top level signals found. Simulator will start without a wave window. If you want to open a wave window go to 'File->New Waveform Configuration' or type 'create_wave_config' in the TCL console."
#   }
# }
# run 1000ns
INFO: [USF-XSim-96] XSim completed. Design snapshot 'CSR_V3_0_tb_behav' loaded.
INFO: [USF-XSim-97] XSim simulation ran for 1000ns
launch_simulation: Time (s): cpu = 00:00:02 ; elapsed = 00:00:05 . Memory (MB): peak = 3395.086 ; gain = 0.000
run 299 ns
WARNING: [filemgmt 56-199] Attempt to get parsing info during refresh. "On-the-fly" syntax checking information may be incorrect. [C:\Users\gattous\Vivado_Workspace\litefury_pcie_daq_2\ip_repo\axi_csr_3_0\hdl\axi_csr_slave_lite_v3_0_axi_csr.vhd:]
WARNING: [filemgmt 56-199] Attempt to get parsing info during refresh. "On-the-fly" syntax checking information may be incorrect. [C:\Users\gattous\Vivado_Workspace\litefury_pcie_daq_2\ip_repo\axi_csr_3_0\src\CSR_V3_0_tb.vhd:]
WARNING: [filemgmt 56-199] Attempt to get parsing info during refresh. "On-the-fly" syntax checking information may be incorrect. [C:\Users\gattous\Vivado_Workspace\litefury_pcie_daq_2\ip_repo\axi_csr_3_0\hdl\axi_csr_v3_0.vhd:]
WARNING: [filemgmt 56-199] Attempt to get parsing info during refresh. "On-the-fly" syntax checking information may be incorrect. [C:\Users\gattous\Vivado_Workspace\litefury_pcie_daq_2\ip_repo\axi_csr_3_0\hdl\axi_csr_v3_0.vhd:]
WARNING: [filemgmt 56-199] Attempt to get parsing info during refresh. "On-the-fly" syntax checking information may be incorrect. [C:\Users\gattous\Vivado_Workspace\litefury_pcie_daq_2\ip_repo\axi_csr_3_0\hdl\axi_csr_v3_0.vhd:]
WARNING: [filemgmt 56-199] Attempt to get parsing info during refresh. "On-the-fly" syntax checking information may be incorrect. [C:\Users\gattous\Vivado_Workspace\litefury_pcie_daq_2\ip_repo\axi_csr_3_0\hdl\axi_csr_slave_lite_v3_0_axi_csr.vhd:]
WARNING: [filemgmt 56-199] Attempt to get parsing info during refresh. "On-the-fly" syntax checking information may be incorrect. [C:\Users\gattous\Vivado_Workspace\litefury_pcie_daq_2\ip_repo\axi_csr_3_0\src\CSR_V3_0_tb.vhd:]
WARNING: [filemgmt 56-199] Attempt to get parsing info during refresh. "On-the-fly" syntax checking information may be incorrect. [C:\Users\gattous\Vivado_Workspace\litefury_pcie_daq_2\ip_repo\axi_csr_3_0\hdl\axi_csr_v3_0.vhd:]
WARNING: [filemgmt 56-199] Attempt to get parsing info during refresh. "On-the-fly" syntax checking information may be incorrect. [C:\Users\gattous\Vivado_Workspace\litefury_pcie_daq_2\ip_repo\axi_csr_3_0\hdl\axi_csr_slave_lite_v3_0_axi_csr.vhd:]
WARNING: [filemgmt 56-199] Attempt to get parsing info during refresh. "On-the-fly" syntax checking information may be incorrect. [C:\Users\gattous\Vivado_Workspace\litefury_pcie_daq_2\ip_repo\axi_csr_3_0\hdl\axi_csr_slave_lite_v3_0_axi_csr.vhd:]
close_sim
INFO: [Simtcl 6-16] Simulation closed
launch_simulation
Command: launch_simulation 
INFO: [Vivado 12-25911] Executing simulation for 'XSim' simulator
INFO: [Vivado 12-28535] Process started - Thu Aug  6 15:30:35 2026

INFO: [Vivado 12-12493] Simulation top is 'CSR_V3_0_tb'
INFO: [Vivado 12-5682] Launching behavioral simulation in 'C:/Users/gattous/Vivado_Workspace/litefury_pcie_daq_2/ip_repo/edit_axi_csr_v3_0.sim/sim_1/behav/xsim'
INFO: [SIM-utils-51] Simulation object is 'sim_1'
INFO: [SIM-utils-72] Using boost library from 'C:/AMDDesignTools/2025.2/Vivado/tps/boost_1_72_0'
INFO: [SIM-utils-54] Inspecting design source files for 'CSR_V3_0_tb' in fileset 'sim_1'...
INFO: [USF-XSim-97] Finding global include files...
INFO: [USF-XSim-98] Fetching design files from 'sim_1'...
INFO: [USF-XSim-2] XSim::Compile design
INFO: [USF-XSim-61] Executing 'COMPILE and ANALYZE' step in 'C:/Users/gattous/Vivado_Workspace/litefury_pcie_daq_2/ip_repo/edit_axi_csr_v3_0.sim/sim_1/behav/xsim'
"xvhdl --incr --relax -prj CSR_V3_0_tb_vhdl.prj"
INFO: [VRFC 10-163] Analyzing VHDL file "C:/Users/gattous/Vivado_Workspace/litefury_pcie_daq_2/ip_repo/axi_csr_3_0/hdl/axi_csr_slave_lite_v3_0_axi_csr.vhd" into library xil_defaultlib
INFO: [VRFC 10-3107] analyzing entity 'axi_csr_slave_lite_v3_0_CONTROL_STATUS_REG'
INFO: [USF-XSim-69] 'compile' step finished in '1' seconds
INFO: [USF-XSim-3] XSim::Elaborate design
INFO: [USF-XSim-61] Executing 'ELABORATE' step in 'C:/Users/gattous/Vivado_Workspace/litefury_pcie_daq_2/ip_repo/edit_axi_csr_v3_0.sim/sim_1/behav/xsim'
"xelab --incr --debug typical --relax --mt 2 -L xil_defaultlib -L secureip --snapshot CSR_V3_0_tb_behav xil_defaultlib.CSR_V3_0_tb -log elaborate.log"
Vivado Simulator v2025.2
Copyright 1986-2022 Xilinx, Inc. All Rights Reserved.
Copyright 2022-2025 Advanced Micro Devices, Inc. All Rights Reserved.
Running: C:/AMDDesignTools/2025.2/Vivado/bin/unwrapped/win64.o/xelab.exe --incr --debug typical --relax --mt 2 -L xil_defaultlib -L secureip --snapshot CSR_V3_0_tb_behav xil_defaultlib.CSR_V3_0_tb -log elaborate.log 
Using 2 slave threads.
Starting static elaboration
Completed static elaboration
Starting simulation data flow analysis
Completed simulation data flow analysis
Time Resolution for simulation is 1ps
Compiling package std.standard
Compiling package std.textio
Compiling package ieee.std_logic_1164
Compiling package ieee.numeric_std
Compiling architecture arch_imp of entity xil_defaultlib.axi_csr_slave_lite_v3_0_CONTROL_STATUS_REG [axi_csr_slave_lite_v3_0_control_...]
Compiling architecture arch_imp of entity xil_defaultlib.axi_csr_V3_0 [axi_csr_v3_0_default]
Compiling architecture behavioral of entity xil_defaultlib.csr_v3_0_tb
Built simulation snapshot CSR_V3_0_tb_behav
INFO: [USF-XSim-69] 'elaborate' step finished in '2' seconds
INFO: [USF-XSim-4] XSim::Simulate design
INFO: [USF-XSim-61] Executing 'SIMULATE' step in 'C:/Users/gattous/Vivado_Workspace/litefury_pcie_daq_2/ip_repo/edit_axi_csr_v3_0.sim/sim_1/behav/xsim'
INFO: [USF-XSim-98] *** Running xsim
   with args "CSR_V3_0_tb_behav -key {Behavioral:sim_1:Functional:CSR_V3_0_tb} -tclbatch {CSR_V3_0_tb.tcl} -log {simulate.log}"
INFO: [USF-XSim-8] Loading simulator feature
Time resolution is 1 ps
source CSR_V3_0_tb.tcl
# set curr_wave [current_wave_config]
# if { [string length $curr_wave] == 0 } {
#   if { [llength [get_objects]] > 0} {
#     add_wave /
#     set_property needs_save false [current_wave_config]
#   } else {
#      send_msg_id Add_Wave-1 WARNING "No top level signals found. Simulator will start without a wave window. If you want to open a wave window go to 'File->New Waveform Configuration' or type 'create_wave_config' in the TCL console."
#   }
# }
# run 1000ns
INFO: [USF-XSim-96] XSim completed. Design snapshot 'CSR_V3_0_tb_behav' loaded.
INFO: [USF-XSim-97] XSim simulation ran for 1000ns
launch_simulation: Time (s): cpu = 00:00:01 ; elapsed = 00:00:05 . Memory (MB): peak = 3399.137 ; gain = 2.484
run 299 ns
synth_design -top axi_csr_V3_0 -part xc7a100tfgg484-2 -lint 
Command: synth_design -top axi_csr_V3_0 -part xc7a100tfgg484-2 -lint
Starting synth_design
Attempting to get a license for feature 'Synthesis' and/or device 'xc7a100t'
INFO: [Common 17-349] Got license for feature 'Synthesis' and/or device 'xc7a100t'
INFO: [Synth 8-7079] Multithreading enabled for synth_design using a maximum of 2 processes.
INFO: [Synth 8-7078] Launching helper process for spawning children vivado processes
INFO: [Synth 8-7075] Helper process launched with PID 15024
---------------------------------------------------------------------------------
Starting Synthesize : Time (s): cpu = 00:00:08 ; elapsed = 00:00:08 . Memory (MB): peak = 3399.137 ; gain = 0.000
---------------------------------------------------------------------------------
Clean up Linter database...
INFO: [Synth 8-638] synthesizing module 'axi_csr_V3_0' [C:/Users/gattous/Vivado_Workspace/litefury_pcie_daq_2/ip_repo/axi_csr_3_0/hdl/axi_csr_v3_0.vhd:54]
	Parameter C_S_AXI_DATA_WIDTH bound to: 32 - type: integer 
	Parameter C_S_AXI_ADDR_WIDTH bound to: 4 - type: integer 
INFO: [Synth 8-3491] module 'axi_csr_slave_lite_v3_0_CONTROL_STATUS_REG' declared at 'C:/Users/gattous/Vivado_Workspace/litefury_pcie_daq_2/ip_repo/axi_csr_3_0/hdl/axi_csr_slave_lite_v3_0_axi_csr.vhd:5' bound to instance 'axi_csr_slave_lite_v3_0_CONTROL_STATUS_REG_inst' of component 'axi_csr_slave_lite_v3_0_CONTROL_STATUS_REG' [C:/Users/gattous/Vivado_Workspace/litefury_pcie_daq_2/ip_repo/axi_csr_3_0/hdl/axi_csr_v3_0.vhd:101]
INFO: [Synth 8-638] synthesizing module 'axi_csr_slave_lite_v3_0_CONTROL_STATUS_REG' [C:/Users/gattous/Vivado_Workspace/litefury_pcie_daq_2/ip_repo/axi_csr_3_0/hdl/axi_csr_slave_lite_v3_0_axi_csr.vhd:104]
	Parameter C_S_AXI_DATA_WIDTH bound to: 32 - type: integer 
	Parameter C_S_AXI_ADDR_WIDTH bound to: 4 - type: integer 
INFO: [Synth 8-226] default block is never used [C:/Users/gattous/Vivado_Workspace/litefury_pcie_daq_2/ip_repo/axi_csr_3_0/hdl/axi_csr_slave_lite_v3_0_axi_csr.vhd:244]
WARNING: [Synth 8-3848] Net soft_reset_sig in module/entity axi_csr_slave_lite_v3_0_CONTROL_STATUS_REG does not have driver. [C:/Users/gattous/Vivado_Workspace/litefury_pcie_daq_2/ip_repo/axi_csr_3_0/hdl/axi_csr_slave_lite_v3_0_axi_csr.vhd:135]
INFO: [Synth 8-256] done synthesizing module 'axi_csr_slave_lite_v3_0_CONTROL_STATUS_REG' (1#1) [C:/Users/gattous/Vivado_Workspace/litefury_pcie_daq_2/ip_repo/axi_csr_3_0/hdl/axi_csr_slave_lite_v3_0_axi_csr.vhd:104]
INFO: [Synth 8-256] done synthesizing module 'axi_csr_V3_0' (2#1) [C:/Users/gattous/Vivado_Workspace/litefury_pcie_daq_2/ip_repo/axi_csr_3_0/hdl/axi_csr_v3_0.vhd:54]
---------------------------------------------------------------------------------
Finished Synthesize : Time (s): cpu = 00:00:10 ; elapsed = 00:00:11 . Memory (MB): peak = 3399.137 ; gain = 0.000
---------------------------------------------------------------------------------
Copyright 1986-2022 Xilinx, Inc. All Rights Reserved. Copyright 2022-2025 Advanced Micro Devices, Inc. All Rights Reserved.
---------------------------------------------------------------------------------------------------------------------------------------------
| Tool Version : Vivado v.2025.2 (win64) Build 6299465 Fri Nov 14 19:35:11 GMT 2025
| Date         : Thu Aug  6 15:31:34 2026
| Host         : DESKTOP-VSMVSJ6 running 64-bit major release  (build 9200)
---------------------------------------------------------------------------------------------------------------------------------------------

RTL Linter Report

Table of Contents
-----------------
1. Summary

1. Summary
----------

+-----------+----------+--------------+----------+
| Rule ID   | Severity | # Violations | # Waived |
+-----------+----------+--------------+----------+
| ASSIGN-5  | WARNING  | 1            | 0        |
| ASSIGN-10 | WARNING  | 2            | 0        |
+-----------+----------+--------------+----------+


WARNING: [Synth 37-95] [ASSIGN-5]Found scalar variable(s) 'soft_reset_sig' declared and are not set.
RTL Name 'soft_reset_sig', Hierarchy 'axi_csr_slave_lite_v3_0_CONTROL_STATUS_REG', File 'C:/Users/gattous/Vivado_Workspace/litefury_pcie_daq_2/ip_repo/axi_csr_3_0/hdl/axi_csr_slave_lite_v3_0_axi_csr.vhd', Line 135.
WARNING: [Synth 37-125] [ASSIGN-10]Some bits in IO 'S_AXI_ARPROT' are not read. First unread bit index is 0. 
RTL Name 'S_AXI_ARPROT', Hierarchy 'axi_csr_slave_lite_v3_0_CONTROL_STATUS_REG', File 'axi_csr_slave_lite_v3_0_axi_csr.vhd', Line 83.
WARNING: [Synth 37-125] [ASSIGN-10]Some bits in IO 'S_AXI_AWPROT' are not read. First unread bit index is 0. 
RTL Name 'S_AXI_AWPROT', Hierarchy 'axi_csr_slave_lite_v3_0_CONTROL_STATUS_REG', File 'axi_csr_slave_lite_v3_0_axi_csr.vhd', Line 50.
INFO: [Synth 37-85] Total of 3 linter message(s) generated.
INFO: [Synth 37-45] Linter Run Finished!
Synthesis Optimization Runtime : Time (s): cpu = 00:00:10 ; elapsed = 00:00:11 . Memory (MB): peak = 3399.137 ; gain = 0.000
INFO: [Common 17-83] Releasing license: Synthesis
13 Infos, 4 Warnings, 0 Critical Warnings and 0 Errors encountered.
synth_design completed successfully
synth_design: Time (s): cpu = 00:00:10 ; elapsed = 00:00:11 . Memory (MB): peak = 3399.137 ; gain = 0.000
WARNING: [filemgmt 56-199] Attempt to get parsing info during refresh. "On-the-fly" syntax checking information may be incorrect. [C:\Users\gattous\Vivado_Workspace\litefury_pcie_daq_2\ip_repo\axi_csr_3_0\hdl\axi_csr_slave_lite_v3_0_axi_csr.vhd:]
WARNING: [filemgmt 56-199] Attempt to get parsing info during refresh. "On-the-fly" syntax checking information may be incorrect. [C:\Users\gattous\Vivado_Workspace\litefury_pcie_daq_2\ip_repo\axi_csr_3_0\src\CSR_V3_0_tb.vhd:]
WARNING: [filemgmt 56-199] Attempt to get parsing info during refresh. "On-the-fly" syntax checking information may be incorrect. [C:\Users\gattous\Vivado_Workspace\litefury_pcie_daq_2\ip_repo\axi_csr_3_0\hdl\axi_csr_v3_0.vhd:]
WARNING: [filemgmt 56-199] Attempt to get parsing info during refresh. "On-the-fly" syntax checking information may be incorrect. [C:\Users\gattous\Vivado_Workspace\litefury_pcie_daq_2\ip_repo\axi_csr_3_0\hdl\axi_csr_slave_lite_v3_0_axi_csr.vhd:]
WARNING: [filemgmt 56-199] Attempt to get parsing info during refresh. "On-the-fly" syntax checking information may be incorrect. [C:\Users\gattous\Vivado_Workspace\litefury_pcie_daq_2\ip_repo\axi_csr_3_0\hdl\axi_csr_slave_lite_v3_0_axi_csr.vhd:]
WARNING: [filemgmt 56-199] Attempt to get parsing info during refresh. "On-the-fly" syntax checking information may be incorrect. [C:\Users\gattous\Vivado_Workspace\litefury_pcie_daq_2\ip_repo\axi_csr_3_0\hdl\axi_csr_slave_lite_v3_0_axi_csr.vhd:]
WARNING: [filemgmt 56-199] Attempt to get parsing info during refresh. "On-the-fly" syntax checking information may be incorrect. [C:\Users\gattous\Vivado_Workspace\litefury_pcie_daq_2\ip_repo\axi_csr_3_0\src\CSR_V3_0_tb.vhd:]
WARNING: [filemgmt 56-199] Attempt to get parsing info during refresh. "On-the-fly" syntax checking information may be incorrect. [C:\Users\gattous\Vivado_Workspace\litefury_pcie_daq_2\ip_repo\axi_csr_3_0\hdl\axi_csr_v3_0.vhd:]
WARNING: [filemgmt 56-199] Attempt to get parsing info during refresh. "On-the-fly" syntax checking information may be incorrect. [C:\Users\gattous\Vivado_Workspace\litefury_pcie_daq_2\ip_repo\axi_csr_3_0\hdl\axi_csr_slave_lite_v3_0_axi_csr.vhd:]
WARNING: [filemgmt 56-199] Attempt to get parsing info during refresh. "On-the-fly" syntax checking information may be incorrect. [C:\Users\gattous\Vivado_Workspace\litefury_pcie_daq_2\ip_repo\axi_csr_3_0\hdl\axi_csr_slave_lite_v3_0_axi_csr.vhd:]
WARNING: [filemgmt 56-199] Attempt to get parsing info during refresh. "On-the-fly" syntax checking information may be incorrect. [C:\Users\gattous\Vivado_Workspace\litefury_pcie_daq_2\ip_repo\axi_csr_3_0\hdl\axi_csr_slave_lite_v3_0_axi_csr.vhd:]
WARNING: [filemgmt 56-199] Attempt to get parsing info during refresh. "On-the-fly" syntax checking information may be incorrect. [C:\Users\gattous\Vivado_Workspace\litefury_pcie_daq_2\ip_repo\axi_csr_3_0\src\CSR_V3_0_tb.vhd:]
WARNING: [filemgmt 56-199] Attempt to get parsing info during refresh. "On-the-fly" syntax checking information may be incorrect. [C:\Users\gattous\Vivado_Workspace\litefury_pcie_daq_2\ip_repo\axi_csr_3_0\hdl\axi_csr_v3_0.vhd:]
WARNING: [filemgmt 56-199] Attempt to get parsing info during refresh. "On-the-fly" syntax checking information may be incorrect. [C:\Users\gattous\Vivado_Workspace\litefury_pcie_daq_2\ip_repo\axi_csr_3_0\src\CSR_V3_0_tb.vhd:]
WARNING: [filemgmt 56-199] Attempt to get parsing info during refresh. "On-the-fly" syntax checking information may be incorrect. [C:\Users\gattous\Vivado_Workspace\litefury_pcie_daq_2\ip_repo\axi_csr_3_0\src\CSR_V3_0_tb.vhd:]
ERROR: [Common 17-180] Spawn failed: Der Vorgang wurde erfolgreich beendet.

close_sim
INFO: [Simtcl 6-16] Simulation closed
launch_simulation
Command: launch_simulation 
INFO: [Vivado 12-25911] Executing simulation for 'XSim' simulator
INFO: [Vivado 12-28535] Process started - Thu Aug  6 15:32:20 2026

INFO: [Vivado 12-12493] Simulation top is 'CSR_V3_0_tb'
INFO: [Vivado 12-5682] Launching behavioral simulation in 'C:/Users/gattous/Vivado_Workspace/litefury_pcie_daq_2/ip_repo/edit_axi_csr_v3_0.sim/sim_1/behav/xsim'
INFO: [SIM-utils-51] Simulation object is 'sim_1'
INFO: [SIM-utils-72] Using boost library from 'C:/AMDDesignTools/2025.2/Vivado/tps/boost_1_72_0'
INFO: [SIM-utils-54] Inspecting design source files for 'CSR_V3_0_tb' in fileset 'sim_1'...
INFO: [USF-XSim-97] Finding global include files...
INFO: [USF-XSim-98] Fetching design files from 'sim_1'...
INFO: [USF-XSim-2] XSim::Compile design
INFO: [USF-XSim-61] Executing 'COMPILE and ANALYZE' step in 'C:/Users/gattous/Vivado_Workspace/litefury_pcie_daq_2/ip_repo/edit_axi_csr_v3_0.sim/sim_1/behav/xsim'
"xvhdl --incr --relax -prj CSR_V3_0_tb_vhdl.prj"
INFO: [VRFC 10-163] Analyzing VHDL file "C:/Users/gattous/Vivado_Workspace/litefury_pcie_daq_2/ip_repo/axi_csr_3_0/src/CSR_V3_0_tb.vhd" into library xil_defaultlib
INFO: [VRFC 10-3107] analyzing entity 'CSR_V3_0_tb'
INFO: [USF-XSim-69] 'compile' step finished in '1' seconds
INFO: [USF-XSim-3] XSim::Elaborate design
INFO: [USF-XSim-61] Executing 'ELABORATE' step in 'C:/Users/gattous/Vivado_Workspace/litefury_pcie_daq_2/ip_repo/edit_axi_csr_v3_0.sim/sim_1/behav/xsim'
"xelab --incr --debug typical --relax --mt 2 -L xil_defaultlib -L secureip --snapshot CSR_V3_0_tb_behav xil_defaultlib.CSR_V3_0_tb -log elaborate.log"
Vivado Simulator v2025.2
Copyright 1986-2022 Xilinx, Inc. All Rights Reserved.
Copyright 2022-2025 Advanced Micro Devices, Inc. All Rights Reserved.
Running: C:/AMDDesignTools/2025.2/Vivado/bin/unwrapped/win64.o/xelab.exe --incr --debug typical --relax --mt 2 -L xil_defaultlib -L secureip --snapshot CSR_V3_0_tb_behav xil_defaultlib.CSR_V3_0_tb -log elaborate.log 
Using 2 slave threads.
Starting static elaboration
Completed static elaboration
Starting simulation data flow analysis
Completed simulation data flow analysis
Time Resolution for simulation is 1ps
Compiling package std.standard
Compiling package std.textio
Compiling package ieee.std_logic_1164
Compiling package ieee.numeric_std
Compiling architecture arch_imp of entity xil_defaultlib.axi_csr_slave_lite_v3_0_CONTROL_STATUS_REG [axi_csr_slave_lite_v3_0_control_...]
Compiling architecture arch_imp of entity xil_defaultlib.axi_csr_V3_0 [axi_csr_v3_0_default]
Compiling architecture behavioral of entity xil_defaultlib.csr_v3_0_tb
Built simulation snapshot CSR_V3_0_tb_behav
INFO: [USF-XSim-69] 'elaborate' step finished in '2' seconds
INFO: [USF-XSim-4] XSim::Simulate design
INFO: [USF-XSim-61] Executing 'SIMULATE' step in 'C:/Users/gattous/Vivado_Workspace/litefury_pcie_daq_2/ip_repo/edit_axi_csr_v3_0.sim/sim_1/behav/xsim'
INFO: [USF-XSim-98] *** Running xsim
   with args "CSR_V3_0_tb_behav -key {Behavioral:sim_1:Functional:CSR_V3_0_tb} -tclbatch {CSR_V3_0_tb.tcl} -log {simulate.log}"
INFO: [USF-XSim-8] Loading simulator feature
Time resolution is 1 ps
source CSR_V3_0_tb.tcl
# set curr_wave [current_wave_config]
# if { [string length $curr_wave] == 0 } {
#   if { [llength [get_objects]] > 0} {
#     add_wave /
#     set_property needs_save false [current_wave_config]
#   } else {
#      send_msg_id Add_Wave-1 WARNING "No top level signals found. Simulator will start without a wave window. If you want to open a wave window go to 'File->New Waveform Configuration' or type 'create_wave_config' in the TCL console."
#   }
# }
# run 1000ns
Error: irq_pending_A_sig should be cleared!
Time: 36 ns  Iteration: 0  Process: /CSR_V3_0_tb/test_irq_pending_A_w1c  File: C:/Users/gattous/Vivado_Workspace/litefury_pcie_daq_2/ip_repo/axi_csr_3_0/src/CSR_V3_0_tb.vhd
INFO: [USF-XSim-96] XSim completed. Design snapshot 'CSR_V3_0_tb_behav' loaded.
INFO: [USF-XSim-97] XSim simulation ran for 1000ns
launch_simulation: Time (s): cpu = 00:00:02 ; elapsed = 00:00:06 . Memory (MB): peak = 3399.137 ; gain = 0.000
runs 200 ns
invalid command name "runs"
run 200 ns
close_sim
INFO: [Simtcl 6-16] Simulation closed
launch_simulation
Command: launch_simulation 
INFO: [Vivado 12-25911] Executing simulation for 'XSim' simulator
INFO: [Vivado 12-28535] Process started - Thu Aug  6 15:33:14 2026

INFO: [Vivado 12-12493] Simulation top is 'CSR_V3_0_tb'
INFO: [Vivado 12-5682] Launching behavioral simulation in 'C:/Users/gattous/Vivado_Workspace/litefury_pcie_daq_2/ip_repo/edit_axi_csr_v3_0.sim/sim_1/behav/xsim'
INFO: [SIM-utils-51] Simulation object is 'sim_1'
INFO: [SIM-utils-72] Using boost library from 'C:/AMDDesignTools/2025.2/Vivado/tps/boost_1_72_0'
INFO: [SIM-utils-54] Inspecting design source files for 'CSR_V3_0_tb' in fileset 'sim_1'...
INFO: [USF-XSim-97] Finding global include files...
INFO: [USF-XSim-98] Fetching design files from 'sim_1'...
INFO: [USF-XSim-2] XSim::Compile design
INFO: [USF-XSim-61] Executing 'COMPILE and ANALYZE' step in 'C:/Users/gattous/Vivado_Workspace/litefury_pcie_daq_2/ip_repo/edit_axi_csr_v3_0.sim/sim_1/behav/xsim'
"xvhdl --incr --relax -prj CSR_V3_0_tb_vhdl.prj"
INFO: [VRFC 10-163] Analyzing VHDL file "C:/Users/gattous/Vivado_Workspace/litefury_pcie_daq_2/ip_repo/axi_csr_3_0/src/CSR_V3_0_tb.vhd" into library xil_defaultlib
INFO: [VRFC 10-3107] analyzing entity 'CSR_V3_0_tb'
INFO: [USF-XSim-69] 'compile' step finished in '1' seconds
INFO: [USF-XSim-3] XSim::Elaborate design
INFO: [USF-XSim-61] Executing 'ELABORATE' step in 'C:/Users/gattous/Vivado_Workspace/litefury_pcie_daq_2/ip_repo/edit_axi_csr_v3_0.sim/sim_1/behav/xsim'
"xelab --incr --debug typical --relax --mt 2 -L xil_defaultlib -L secureip --snapshot CSR_V3_0_tb_behav xil_defaultlib.CSR_V3_0_tb -log elaborate.log"
Vivado Simulator v2025.2
Copyright 1986-2022 Xilinx, Inc. All Rights Reserved.
Copyright 2022-2025 Advanced Micro Devices, Inc. All Rights Reserved.
Running: C:/AMDDesignTools/2025.2/Vivado/bin/unwrapped/win64.o/xelab.exe --incr --debug typical --relax --mt 2 -L xil_defaultlib -L secureip --snapshot CSR_V3_0_tb_behav xil_defaultlib.CSR_V3_0_tb -log elaborate.log 
Using 2 slave threads.
Starting static elaboration
Completed static elaboration
Starting simulation data flow analysis
Completed simulation data flow analysis
Time Resolution for simulation is 1ps
Compiling package std.standard
Compiling package std.textio
Compiling package ieee.std_logic_1164
Compiling package ieee.numeric_std
Compiling architecture arch_imp of entity xil_defaultlib.axi_csr_slave_lite_v3_0_CONTROL_STATUS_REG [axi_csr_slave_lite_v3_0_control_...]
Compiling architecture arch_imp of entity xil_defaultlib.axi_csr_V3_0 [axi_csr_v3_0_default]
Compiling architecture behavioral of entity xil_defaultlib.csr_v3_0_tb
Built simulation snapshot CSR_V3_0_tb_behav
INFO: [USF-XSim-69] 'elaborate' step finished in '2' seconds
INFO: [USF-XSim-4] XSim::Simulate design
INFO: [USF-XSim-61] Executing 'SIMULATE' step in 'C:/Users/gattous/Vivado_Workspace/litefury_pcie_daq_2/ip_repo/edit_axi_csr_v3_0.sim/sim_1/behav/xsim'
INFO: [USF-XSim-98] *** Running xsim
   with args "CSR_V3_0_tb_behav -key {Behavioral:sim_1:Functional:CSR_V3_0_tb} -tclbatch {CSR_V3_0_tb.tcl} -log {simulate.log}"
INFO: [USF-XSim-8] Loading simulator feature
Time resolution is 1 ps
source CSR_V3_0_tb.tcl
# set curr_wave [current_wave_config]
# if { [string length $curr_wave] == 0 } {
#   if { [llength [get_objects]] > 0} {
#     add_wave /
#     set_property needs_save false [current_wave_config]
#   } else {
#      send_msg_id Add_Wave-1 WARNING "No top level signals found. Simulator will start without a wave window. If you want to open a wave window go to 'File->New Waveform Configuration' or type 'create_wave_config' in the TCL console."
#   }
# }
# run 1000ns
INFO: [USF-XSim-96] XSim completed. Design snapshot 'CSR_V3_0_tb_behav' loaded.
INFO: [USF-XSim-97] XSim simulation ran for 1000ns
launch_simulation: Time (s): cpu = 00:00:02 ; elapsed = 00:00:05 . Memory (MB): peak = 4039.766 ; gain = 0.000
WARNING: [filemgmt 56-199] Attempt to get parsing info during refresh. "On-the-fly" syntax checking information may be incorrect. [C:\Users\gattous\Vivado_Workspace\litefury_pcie_daq_2\ip_repo\axi_csr_3_0\hdl\axi_csr_slave_lite_v3_0_axi_csr.vhd:]
WARNING: [filemgmt 56-199] Attempt to get parsing info during refresh. "On-the-fly" syntax checking information may be incorrect. [C:\Users\gattous\Vivado_Workspace\litefury_pcie_daq_2\ip_repo\axi_csr_3_0\src\CSR_V3_0_tb.vhd:]
WARNING: [filemgmt 56-199] Attempt to get parsing info during refresh. "On-the-fly" syntax checking information may be incorrect. [C:\Users\gattous\Vivado_Workspace\litefury_pcie_daq_2\ip_repo\axi_csr_3_0\hdl\axi_csr_v3_0.vhd:]
WARNING: [filemgmt 56-199] Attempt to get parsing info during refresh. "On-the-fly" syntax checking information may be incorrect. [C:\Users\gattous\Vivado_Workspace\litefury_pcie_daq_2\ip_repo\axi_csr_3_0\hdl\axi_csr_v3_0.vhd:]
WARNING: [filemgmt 56-199] Attempt to get parsing info during refresh. "On-the-fly" syntax checking information may be incorrect. [C:\Users\gattous\Vivado_Workspace\litefury_pcie_daq_2\ip_repo\axi_csr_3_0\hdl\axi_csr_v3_0.vhd:]
WARNING: [filemgmt 56-199] Attempt to get parsing info during refresh. "On-the-fly" syntax checking information may be incorrect. [C:\Users\gattous\Vivado_Workspace\litefury_pcie_daq_2\ip_repo\axi_csr_3_0\hdl\axi_csr_slave_lite_v3_0_axi_csr.vhd:]
WARNING: [filemgmt 56-199] Attempt to get parsing info during refresh. "On-the-fly" syntax checking information may be incorrect. [C:\Users\gattous\Vivado_Workspace\litefury_pcie_daq_2\ip_repo\axi_csr_3_0\src\CSR_V3_0_tb.vhd:]
WARNING: [filemgmt 56-199] Attempt to get parsing info during refresh. "On-the-fly" syntax checking information may be incorrect. [C:\Users\gattous\Vivado_Workspace\litefury_pcie_daq_2\ip_repo\axi_csr_3_0\hdl\axi_csr_v3_0.vhd:]
WARNING: [filemgmt 56-199] Attempt to get parsing info during refresh. "On-the-fly" syntax checking information may be incorrect. [C:\Users\gattous\Vivado_Workspace\litefury_pcie_daq_2\ip_repo\axi_csr_3_0\src\CSR_V3_0_tb.vhd:]
WARNING: [filemgmt 56-199] Attempt to get parsing info during refresh. "On-the-fly" syntax checking information may be incorrect. [C:\Users\gattous\Vivado_Workspace\litefury_pcie_daq_2\ip_repo\axi_csr_3_0\src\CSR_V3_0_tb.vhd:]
ERROR: [Common 17-180] Spawn failed: Der Vorgang wurde erfolgreich beendet.

close_sim
INFO: [Simtcl 6-16] Simulation closed
launch_simulation
Command: launch_simulation 
INFO: [Vivado 12-25911] Executing simulation for 'XSim' simulator
INFO: [Vivado 12-28535] Process started - Thu Aug  6 15:37:58 2026

INFO: [Vivado 12-12493] Simulation top is 'CSR_V3_0_tb'
INFO: [Vivado 12-5682] Launching behavioral simulation in 'C:/Users/gattous/Vivado_Workspace/litefury_pcie_daq_2/ip_repo/edit_axi_csr_v3_0.sim/sim_1/behav/xsim'
INFO: [SIM-utils-51] Simulation object is 'sim_1'
INFO: [SIM-utils-72] Using boost library from 'C:/AMDDesignTools/2025.2/Vivado/tps/boost_1_72_0'
INFO: [SIM-utils-54] Inspecting design source files for 'CSR_V3_0_tb' in fileset 'sim_1'...
INFO: [USF-XSim-97] Finding global include files...
INFO: [USF-XSim-98] Fetching design files from 'sim_1'...
INFO: [USF-XSim-2] XSim::Compile design
INFO: [USF-XSim-61] Executing 'COMPILE and ANALYZE' step in 'C:/Users/gattous/Vivado_Workspace/litefury_pcie_daq_2/ip_repo/edit_axi_csr_v3_0.sim/sim_1/behav/xsim'
"xvhdl --incr --relax -prj CSR_V3_0_tb_vhdl.prj"
INFO: [VRFC 10-163] Analyzing VHDL file "C:/Users/gattous/Vivado_Workspace/litefury_pcie_daq_2/ip_repo/axi_csr_3_0/src/CSR_V3_0_tb.vhd" into library xil_defaultlib
INFO: [VRFC 10-3107] analyzing entity 'CSR_V3_0_tb'
INFO: [USF-XSim-69] 'compile' step finished in '2' seconds
INFO: [USF-XSim-3] XSim::Elaborate design
INFO: [USF-XSim-61] Executing 'ELABORATE' step in 'C:/Users/gattous/Vivado_Workspace/litefury_pcie_daq_2/ip_repo/edit_axi_csr_v3_0.sim/sim_1/behav/xsim'
"xelab --incr --debug typical --relax --mt 2 -L xil_defaultlib -L secureip --snapshot CSR_V3_0_tb_behav xil_defaultlib.CSR_V3_0_tb -log elaborate.log"
Vivado Simulator v2025.2
Copyright 1986-2022 Xilinx, Inc. All Rights Reserved.
Copyright 2022-2025 Advanced Micro Devices, Inc. All Rights Reserved.
Running: C:/AMDDesignTools/2025.2/Vivado/bin/unwrapped/win64.o/xelab.exe --incr --debug typical --relax --mt 2 -L xil_defaultlib -L secureip --snapshot CSR_V3_0_tb_behav xil_defaultlib.CSR_V3_0_tb -log elaborate.log 
Using 2 slave threads.
Starting static elaboration
Completed static elaboration
Starting simulation data flow analysis
Completed simulation data flow analysis
Time Resolution for simulation is 1ps
Compiling package std.standard
Compiling package std.textio
Compiling package ieee.std_logic_1164
Compiling package ieee.numeric_std
Compiling architecture arch_imp of entity xil_defaultlib.axi_csr_slave_lite_v3_0_CONTROL_STATUS_REG [axi_csr_slave_lite_v3_0_control_...]
Compiling architecture arch_imp of entity xil_defaultlib.axi_csr_V3_0 [axi_csr_v3_0_default]
Compiling architecture behavioral of entity xil_defaultlib.csr_v3_0_tb
Built simulation snapshot CSR_V3_0_tb_behav
INFO: [USF-XSim-69] 'elaborate' step finished in '2' seconds
INFO: [USF-XSim-4] XSim::Simulate design
INFO: [USF-XSim-61] Executing 'SIMULATE' step in 'C:/Users/gattous/Vivado_Workspace/litefury_pcie_daq_2/ip_repo/edit_axi_csr_v3_0.sim/sim_1/behav/xsim'
INFO: [USF-XSim-98] *** Running xsim
   with args "CSR_V3_0_tb_behav -key {Behavioral:sim_1:Functional:CSR_V3_0_tb} -tclbatch {CSR_V3_0_tb.tcl} -log {simulate.log}"
INFO: [USF-XSim-8] Loading simulator feature
Time resolution is 1 ps
source CSR_V3_0_tb.tcl
# set curr_wave [current_wave_config]
# if { [string length $curr_wave] == 0 } {
#   if { [llength [get_objects]] > 0} {
#     add_wave /
#     set_property needs_save false [current_wave_config]
#   } else {
#      send_msg_id Add_Wave-1 WARNING "No top level signals found. Simulator will start without a wave window. If you want to open a wave window go to 'File->New Waveform Configuration' or type 'create_wave_config' in the TCL console."
#   }
# }
# run 1000ns
Error: irq_pending_A_sig should be cleared!
Time: 36 ns  Iteration: 0  Process: /CSR_V3_0_tb/test_irq_pending_A_w1c  File: C:/Users/gattous/Vivado_Workspace/litefury_pcie_daq_2/ip_repo/axi_csr_3_0/src/CSR_V3_0_tb.vhd
Error: irq_pending_B_sig should be cleared!
Time: 80 ns  Iteration: 0  Process: /CSR_V3_0_tb/test_irq_pending_A_w1c  File: C:/Users/gattous/Vivado_Workspace/litefury_pcie_daq_2/ip_repo/axi_csr_3_0/src/CSR_V3_0_tb.vhd
INFO: [USF-XSim-96] XSim completed. Design snapshot 'CSR_V3_0_tb_behav' loaded.
INFO: [USF-XSim-97] XSim simulation ran for 1000ns
launch_simulation: Time (s): cpu = 00:00:02 ; elapsed = 00:00:05 . Memory (MB): peak = 4039.766 ; gain = 0.000
WARNING: [filemgmt 56-199] Attempt to get parsing info during refresh. "On-the-fly" syntax checking information may be incorrect. [C:\Users\gattous\Vivado_Workspace\litefury_pcie_daq_2\ip_repo\axi_csr_3_0\hdl\axi_csr_slave_lite_v3_0_axi_csr.vhd:]
WARNING: [filemgmt 56-199] Attempt to get parsing info during refresh. "On-the-fly" syntax checking information may be incorrect. [C:\Users\gattous\Vivado_Workspace\litefury_pcie_daq_2\ip_repo\axi_csr_3_0\src\CSR_V3_0_tb.vhd:]
WARNING: [filemgmt 56-199] Attempt to get parsing info during refresh. "On-the-fly" syntax checking information may be incorrect. [C:\Users\gattous\Vivado_Workspace\litefury_pcie_daq_2\ip_repo\axi_csr_3_0\hdl\axi_csr_v3_0.vhd:]
WARNING: [filemgmt 56-199] Attempt to get parsing info during refresh. "On-the-fly" syntax checking information may be incorrect. [C:\Users\gattous\Vivado_Workspace\litefury_pcie_daq_2\ip_repo\axi_csr_3_0\hdl\axi_csr_v3_0.vhd:]
WARNING: [filemgmt 56-199] Attempt to get parsing info during refresh. "On-the-fly" syntax checking information may be incorrect. [C:\Users\gattous\Vivado_Workspace\litefury_pcie_daq_2\ip_repo\axi_csr_3_0\hdl\axi_csr_v3_0.vhd:]
WARNING: [filemgmt 56-199] Attempt to get parsing info during refresh. "On-the-fly" syntax checking information may be incorrect. [C:\Users\gattous\Vivado_Workspace\litefury_pcie_daq_2\ip_repo\axi_csr_3_0\hdl\axi_csr_slave_lite_v3_0_axi_csr.vhd:]
WARNING: [filemgmt 56-199] Attempt to get parsing info during refresh. "On-the-fly" syntax checking information may be incorrect. [C:\Users\gattous\Vivado_Workspace\litefury_pcie_daq_2\ip_repo\axi_csr_3_0\src\CSR_V3_0_tb.vhd:]
WARNING: [filemgmt 56-199] Attempt to get parsing info during refresh. "On-the-fly" syntax checking information may be incorrect. [C:\Users\gattous\Vivado_Workspace\litefury_pcie_daq_2\ip_repo\axi_csr_3_0\hdl\axi_csr_v3_0.vhd:]
WARNING: [filemgmt 56-199] Attempt to get parsing info during refresh. "On-the-fly" syntax checking information may be incorrect. [C:\Users\gattous\Vivado_Workspace\litefury_pcie_daq_2\ip_repo\axi_csr_3_0\src\CSR_V3_0_tb.vhd:]
WARNING: [filemgmt 56-199] Attempt to get parsing info during refresh. "On-the-fly" syntax checking information may be incorrect. [C:\Users\gattous\Vivado_Workspace\litefury_pcie_daq_2\ip_repo\axi_csr_3_0\src\CSR_V3_0_tb.vhd:]
WARNING: [filemgmt 56-199] Attempt to get parsing info during refresh. "On-the-fly" syntax checking information may be incorrect. [C:\Users\gattous\Vivado_Workspace\litefury_pcie_daq_2\ip_repo\axi_csr_3_0\hdl\axi_csr_slave_lite_v3_0_axi_csr.vhd:]
WARNING: [filemgmt 56-199] Attempt to get parsing info during refresh. "On-the-fly" syntax checking information may be incorrect. [C:\Users\gattous\Vivado_Workspace\litefury_pcie_daq_2\ip_repo\axi_csr_3_0\src\CSR_V3_0_tb.vhd:]
WARNING: [filemgmt 56-199] Attempt to get parsing info during refresh. "On-the-fly" syntax checking information may be incorrect. [C:\Users\gattous\Vivado_Workspace\litefury_pcie_daq_2\ip_repo\axi_csr_3_0\hdl\axi_csr_v3_0.vhd:]
WARNING: [filemgmt 56-199] Attempt to get parsing info during refresh. "On-the-fly" syntax checking information may be incorrect. [C:\Users\gattous\Vivado_Workspace\litefury_pcie_daq_2\ip_repo\axi_csr_3_0\hdl\axi_csr_slave_lite_v3_0_axi_csr.vhd:]
WARNING: [filemgmt 56-199] Attempt to get parsing info during refresh. "On-the-fly" syntax checking information may be incorrect. [C:\Users\gattous\Vivado_Workspace\litefury_pcie_daq_2\ip_repo\axi_csr_3_0\hdl\axi_csr_slave_lite_v3_0_axi_csr.vhd:]
ERROR: [Common 17-180] Spawn failed: Der Vorgang wurde erfolgreich beendet.

WARNING: [filemgmt 56-199] Attempt to get parsing info during refresh. "On-the-fly" syntax checking information may be incorrect. [C:\Users\gattous\Vivado_Workspace\litefury_pcie_daq_2\ip_repo\axi_csr_3_0\hdl\axi_csr_slave_lite_v3_0_axi_csr.vhd:]
WARNING: [filemgmt 56-199] Attempt to get parsing info during refresh. "On-the-fly" syntax checking information may be incorrect. [C:\Users\gattous\Vivado_Workspace\litefury_pcie_daq_2\ip_repo\axi_csr_3_0\src\CSR_V3_0_tb.vhd:]
WARNING: [filemgmt 56-199] Attempt to get parsing info during refresh. "On-the-fly" syntax checking information may be incorrect. [C:\Users\gattous\Vivado_Workspace\litefury_pcie_daq_2\ip_repo\axi_csr_3_0\hdl\axi_csr_v3_0.vhd:]
WARNING: [filemgmt 56-199] Attempt to get parsing info during refresh. "On-the-fly" syntax checking information may be incorrect. [C:\Users\gattous\Vivado_Workspace\litefury_pcie_daq_2\ip_repo\axi_csr_3_0\hdl\axi_csr_v3_0.vhd:]
WARNING: [filemgmt 56-199] Attempt to get parsing info during refresh. "On-the-fly" syntax checking information may be incorrect. [C:\Users\gattous\Vivado_Workspace\litefury_pcie_daq_2\ip_repo\axi_csr_3_0\hdl\axi_csr_v3_0.vhd:]
close_sim
INFO: [Simtcl 6-16] Simulation closed
launch_simulation
Command: launch_simulation 
INFO: [Vivado 12-25911] Executing simulation for 'XSim' simulator
INFO: [Vivado 12-28535] Process started - Thu Aug  6 15:39:20 2026

INFO: [Vivado 12-12493] Simulation top is 'CSR_V3_0_tb'
INFO: [Vivado 12-5682] Launching behavioral simulation in 'C:/Users/gattous/Vivado_Workspace/litefury_pcie_daq_2/ip_repo/edit_axi_csr_v3_0.sim/sim_1/behav/xsim'
INFO: [SIM-utils-51] Simulation object is 'sim_1'
INFO: [SIM-utils-72] Using boost library from 'C:/AMDDesignTools/2025.2/Vivado/tps/boost_1_72_0'
INFO: [SIM-utils-54] Inspecting design source files for 'CSR_V3_0_tb' in fileset 'sim_1'...
INFO: [USF-XSim-97] Finding global include files...
INFO: [USF-XSim-98] Fetching design files from 'sim_1'...
INFO: [USF-XSim-2] XSim::Compile design
INFO: [USF-XSim-61] Executing 'COMPILE and ANALYZE' step in 'C:/Users/gattous/Vivado_Workspace/litefury_pcie_daq_2/ip_repo/edit_axi_csr_v3_0.sim/sim_1/behav/xsim'
"xvhdl --incr --relax -prj CSR_V3_0_tb_vhdl.prj"
INFO: [VRFC 10-163] Analyzing VHDL file "C:/Users/gattous/Vivado_Workspace/litefury_pcie_daq_2/ip_repo/axi_csr_3_0/src/CSR_V3_0_tb.vhd" into library xil_defaultlib
INFO: [VRFC 10-3107] analyzing entity 'CSR_V3_0_tb'
INFO: [USF-XSim-69] 'compile' step finished in '1' seconds
INFO: [USF-XSim-3] XSim::Elaborate design
INFO: [USF-XSim-61] Executing 'ELABORATE' step in 'C:/Users/gattous/Vivado_Workspace/litefury_pcie_daq_2/ip_repo/edit_axi_csr_v3_0.sim/sim_1/behav/xsim'
"xelab --incr --debug typical --relax --mt 2 -L xil_defaultlib -L secureip --snapshot CSR_V3_0_tb_behav xil_defaultlib.CSR_V3_0_tb -log elaborate.log"
Vivado Simulator v2025.2
Copyright 1986-2022 Xilinx, Inc. All Rights Reserved.
Copyright 2022-2025 Advanced Micro Devices, Inc. All Rights Reserved.
Running: C:/AMDDesignTools/2025.2/Vivado/bin/unwrapped/win64.o/xelab.exe --incr --debug typical --relax --mt 2 -L xil_defaultlib -L secureip --snapshot CSR_V3_0_tb_behav xil_defaultlib.CSR_V3_0_tb -log elaborate.log 
Using 2 slave threads.
Starting static elaboration
Completed static elaboration
Starting simulation data flow analysis
Completed simulation data flow analysis
Time Resolution for simulation is 1ps
Compiling package std.standard
Compiling package std.textio
Compiling package ieee.std_logic_1164
Compiling package ieee.numeric_std
Compiling architecture arch_imp of entity xil_defaultlib.axi_csr_slave_lite_v3_0_CONTROL_STATUS_REG [axi_csr_slave_lite_v3_0_control_...]
Compiling architecture arch_imp of entity xil_defaultlib.axi_csr_V3_0 [axi_csr_v3_0_default]
Compiling architecture behavioral of entity xil_defaultlib.csr_v3_0_tb
Built simulation snapshot CSR_V3_0_tb_behav
INFO: [USF-XSim-69] 'elaborate' step finished in '2' seconds
INFO: [USF-XSim-4] XSim::Simulate design
INFO: [USF-XSim-61] Executing 'SIMULATE' step in 'C:/Users/gattous/Vivado_Workspace/litefury_pcie_daq_2/ip_repo/edit_axi_csr_v3_0.sim/sim_1/behav/xsim'
INFO: [USF-XSim-98] *** Running xsim
   with args "CSR_V3_0_tb_behav -key {Behavioral:sim_1:Functional:CSR_V3_0_tb} -tclbatch {CSR_V3_0_tb.tcl} -log {simulate.log}"
INFO: [USF-XSim-8] Loading simulator feature
Time resolution is 1 ps
source CSR_V3_0_tb.tcl
# set curr_wave [current_wave_config]
# if { [string length $curr_wave] == 0 } {
#   if { [llength [get_objects]] > 0} {
#     add_wave /
#     set_property needs_save false [current_wave_config]
#   } else {
#      send_msg_id Add_Wave-1 WARNING "No top level signals found. Simulator will start without a wave window. If you want to open a wave window go to 'File->New Waveform Configuration' or type 'create_wave_config' in the TCL console."
#   }
# }
# run 1000ns
Error: irq_pending_A_sig should be cleared!
Time: 36 ns  Iteration: 0  Process: /CSR_V3_0_tb/test_irq_pending_A_w1c  File: C:/Users/gattous/Vivado_Workspace/litefury_pcie_daq_2/ip_repo/axi_csr_3_0/src/CSR_V3_0_tb.vhd
Error: irq_pending_B_sig should be cleared!
Time: 80 ns  Iteration: 0  Process: /CSR_V3_0_tb/test_irq_pending_A_w1c  File: C:/Users/gattous/Vivado_Workspace/litefury_pcie_daq_2/ip_repo/axi_csr_3_0/src/CSR_V3_0_tb.vhd
Error: irq_pending_A_sig must be '0' after soft_reset
Time: 102 ns  Iteration: 1  Process: /CSR_V3_0_tb/test_irq_pending_A_w1c  File: C:/Users/gattous/Vivado_Workspace/litefury_pcie_daq_2/ip_repo/axi_csr_3_0/src/CSR_V3_0_tb.vhd
Error: irq_pending_B_sig must be '0' after soft_reset
Time: 102 ns  Iteration: 1  Process: /CSR_V3_0_tb/test_irq_pending_A_w1c  File: C:/Users/gattous/Vivado_Workspace/litefury_pcie_daq_2/ip_repo/axi_csr_3_0/src/CSR_V3_0_tb.vhd
Error: soft_reset_sig must be '0' after soft_reset
Time: 110 ns  Iteration: 1  Process: /CSR_V3_0_tb/test_irq_pending_A_w1c  File: C:/Users/gattous/Vivado_Workspace/litefury_pcie_daq_2/ip_repo/axi_csr_3_0/src/CSR_V3_0_tb.vhd
Error: irq_pending_A_sig must be '0' after soft_reset
Time: 110 ns  Iteration: 1  Process: /CSR_V3_0_tb/test_irq_pending_A_w1c  File: C:/Users/gattous/Vivado_Workspace/litefury_pcie_daq_2/ip_repo/axi_csr_3_0/src/CSR_V3_0_tb.vhd
Error: irq_pending_B_sig must be '0' after soft_reset
Time: 110 ns  Iteration: 1  Process: /CSR_V3_0_tb/test_irq_pending_A_w1c  File: C:/Users/gattous/Vivado_Workspace/litefury_pcie_daq_2/ip_repo/axi_csr_3_0/src/CSR_V3_0_tb.vhd
INFO: [USF-XSim-96] XSim completed. Design snapshot 'CSR_V3_0_tb_behav' loaded.
INFO: [USF-XSim-97] XSim simulation ran for 1000ns
launch_simulation: Time (s): cpu = 00:00:03 ; elapsed = 00:00:05 . Memory (MB): peak = 4039.766 ; gain = 0.000
WARNING: [filemgmt 56-199] Attempt to get parsing info during refresh. "On-the-fly" syntax checking information may be incorrect. [C:\Users\gattous\Vivado_Workspace\litefury_pcie_daq_2\ip_repo\axi_csr_3_0\hdl\axi_csr_slave_lite_v3_0_axi_csr.vhd:]
WARNING: [filemgmt 56-199] Attempt to get parsing info during refresh. "On-the-fly" syntax checking information may be incorrect. [C:\Users\gattous\Vivado_Workspace\litefury_pcie_daq_2\ip_repo\axi_csr_3_0\src\CSR_V3_0_tb.vhd:]
WARNING: [filemgmt 56-199] Attempt to get parsing info during refresh. "On-the-fly" syntax checking information may be incorrect. [C:\Users\gattous\Vivado_Workspace\litefury_pcie_daq_2\ip_repo\axi_csr_3_0\hdl\axi_csr_v3_0.vhd:]
WARNING: [filemgmt 56-199] Attempt to get parsing info during refresh. "On-the-fly" syntax checking information may be incorrect. [C:\Users\gattous\Vivado_Workspace\litefury_pcie_daq_2\ip_repo\axi_csr_3_0\hdl\axi_csr_slave_lite_v3_0_axi_csr.vhd:]
WARNING: [filemgmt 56-199] Attempt to get parsing info during refresh. "On-the-fly" syntax checking information may be incorrect. [C:\Users\gattous\Vivado_Workspace\litefury_pcie_daq_2\ip_repo\axi_csr_3_0\hdl\axi_csr_slave_lite_v3_0_axi_csr.vhd:]
close_sim
INFO: [Simtcl 6-16] Simulation closed
ipx::open_ipxact_file C:/Users/gattous/Vivado_Workspace/litefury_pcie_daq_2/ip_repo/axi_csr_3_0/component.xml
set_property vendor Nizar_Homebrew [ipx::current_core]
ipx::remove_file hdl/axi_csr.vhd [ipx::get_file_groups xilinx_vhdlsynthesis -of_objects [ipx::current_core]]
ipx::remove_file hdl/axi_csr.vhd [ipx::get_file_groups xilinx_vhdlbehavioralsimulation -of_objects [ipx::current_core]]
WARNING: [filemgmt 56-199] Attempt to get parsing info during refresh. "On-the-fly" syntax checking information may be incorrect. [C:\Users\gattous\Vivado_Workspace\litefury_pcie_daq_2\ip_repo\axi_csr_3_0\hdl\axi_csr_slave_lite_v3_0_axi_csr.vhd:]
WARNING: [filemgmt 56-199] Attempt to get parsing info during refresh. "On-the-fly" syntax checking information may be incorrect. [C:\Users\gattous\Vivado_Workspace\litefury_pcie_daq_2\ip_repo\axi_csr_3_0\src\CSR_V3_0_tb.vhd:]
WARNING: [filemgmt 56-199] Attempt to get parsing info during refresh. "On-the-fly" syntax checking information may be incorrect. [C:\Users\gattous\Vivado_Workspace\litefury_pcie_daq_2\ip_repo\axi_csr_3_0\hdl\axi_csr_v3_0.vhd:]
WARNING: [filemgmt 56-199] Attempt to get parsing info during refresh. "On-the-fly" syntax checking information may be incorrect. [C:\Users\gattous\Vivado_Workspace\litefury_pcie_daq_2\ip_repo\axi_csr_3_0\src\CSR_V3_0_tb.vhd:]
WARNING: [filemgmt 56-199] Attempt to get parsing info during refresh. "On-the-fly" syntax checking information may be incorrect. [C:\Users\gattous\Vivado_Workspace\litefury_pcie_daq_2\ip_repo\axi_csr_3_0\src\CSR_V3_0_tb.vhd:]
WARNING: [filemgmt 56-199] Attempt to get parsing info during refresh. "On-the-fly" syntax checking information may be incorrect. [C:\Users\gattous\Vivado_Workspace\litefury_pcie_daq_2\ip_repo\axi_csr_3_0\hdl\axi_csr_slave_lite_v3_0_axi_csr.vhd:]
WARNING: [filemgmt 56-199] Attempt to get parsing info during refresh. "On-the-fly" syntax checking information may be incorrect. [C:\Users\gattous\Vivado_Workspace\litefury_pcie_daq_2\ip_repo\axi_csr_3_0\src\CSR_V3_0_tb.vhd:]
WARNING: [filemgmt 56-199] Attempt to get parsing info during refresh. "On-the-fly" syntax checking information may be incorrect. [C:\Users\gattous\Vivado_Workspace\litefury_pcie_daq_2\ip_repo\axi_csr_3_0\hdl\axi_csr_v3_0.vhd:]
WARNING: [filemgmt 56-199] Attempt to get parsing info during refresh. "On-the-fly" syntax checking information may be incorrect. [C:\Users\gattous\Vivado_Workspace\litefury_pcie_daq_2\ip_repo\axi_csr_3_0\hdl\axi_csr_slave_lite_v3_0_axi_csr.vhd:]
WARNING: [filemgmt 56-199] Attempt to get parsing info during refresh. "On-the-fly" syntax checking information may be incorrect. [C:\Users\gattous\Vivado_Workspace\litefury_pcie_daq_2\ip_repo\axi_csr_3_0\hdl\axi_csr_slave_lite_v3_0_axi_csr.vhd:]
WARNING: [filemgmt 56-199] Attempt to get parsing info during refresh. "On-the-fly" syntax checking information may be incorrect. [C:\Users\gattous\Vivado_Workspace\litefury_pcie_daq_2\ip_repo\axi_csr_3_0\hdl\axi_csr_slave_lite_v3_0_axi_csr.vhd:]
WARNING: [filemgmt 56-199] Attempt to get parsing info during refresh. "On-the-fly" syntax checking information may be incorrect. [C:\Users\gattous\Vivado_Workspace\litefury_pcie_daq_2\ip_repo\axi_csr_3_0\src\CSR_V3_0_tb.vhd:]
WARNING: [filemgmt 56-199] Attempt to get parsing info during refresh. "On-the-fly" syntax checking information may be incorrect. [C:\Users\gattous\Vivado_Workspace\litefury_pcie_daq_2\ip_repo\axi_csr_3_0\hdl\axi_csr_v3_0.vhd:]
WARNING: [filemgmt 56-199] Attempt to get parsing info during refresh. "On-the-fly" syntax checking information may be incorrect. [c:\Users\gattous\Vivado_Workspace\litefury_pcie_daq_2\ip_repo\axi_csr_3_0\hdl\axi_csr_slave_lite_v3_0_axi_csr.vhd:]
WARNING: [filemgmt 56-199] Attempt to get parsing info during refresh. "On-the-fly" syntax checking information may be incorrect. [c:\Users\gattous\Vivado_Workspace\litefury_pcie_daq_2\ip_repo\axi_csr_3_0\hdl\axi_csr_slave_lite_v3_0_axi_csr.vhd:]
ERROR: [Common 17-180] Spawn failed: Der Vorgang wurde erfolgreich beendet.

ipx::add_file C:/Users/gattous/Vivado_Workspace/litefury_pcie_daq_2/ip_repo/axi_csr_3_0/hdl/axi_csr_v3_0.vhd [ipx::get_file_groups xilinx_vhdlsynthesis -of_objects [ipx::current_core]]
set_property type vhdlSource [ipx::get_files hdl/axi_csr_v3_0.vhd -of_objects [ipx::get_file_groups xilinx_vhdlsynthesis -of_objects [ipx::current_core]]]
set_property library_name xil_defaultlib [ipx::get_files hdl/axi_csr_v3_0.vhd -of_objects [ipx::get_file_groups xilinx_vhdlsynthesis -of_objects [ipx::current_core]]]
ipx::add_file C:/Users/gattous/Vivado_Workspace/litefury_pcie_daq_2/ip_repo/axi_csr_3_0/src/CSR_V3_0_tb.vhd [ipx::get_file_groups xilinx_vhdlbehavioralsimulation -of_objects [ipx::current_core]]
set_property type vhdlSource [ipx::get_files src/CSR_V3_0_tb.vhd -of_objects [ipx::get_file_groups xilinx_vhdlbehavioralsimulation -of_objects [ipx::current_core]]]
set_property library_name xil_defaultlib [ipx::get_files src/CSR_V3_0_tb.vhd -of_objects [ipx::get_file_groups xilinx_vhdlbehavioralsimulation -of_objects [ipx::current_core]]]
set_property core_revision 2 [ipx::current_core]
ipx::create_xgui_files [ipx::current_core]
ipx::update_checksums [ipx::current_core]
ipx::check_integrity [ipx::current_core]
WARNING: [IP_Flow 19-11770] Clock interface 'axi_csr_CLK' has no FREQ_HZ parameter.
INFO: [IP_Flow 19-2181] Payment is not required for this core.
WARNING: [IP_Flow 19-2187] The Product Guide file is missing.
INFO: [Ipptcl 7-1486] check_integrity: Integrity check passed.
ipx::save_core [ipx::current_core]
update_ip_catalog -rebuild -repo_path c:/Users/gattous/Vivado_Workspace/litefury_pcie_daq_2/ip_repo/axi_csr_3_0
CRITICAL WARNING: [IP_Flow 19-1681] Failed to reload user IP repository 'c:/Users/gattous/Vivado_Workspace/litefury_pcie_daq_2/ip_repo/axi_csr_3_0'. ''c:/Users/gattous/Vivado_Workspace/litefury_pcie_daq_2/ip_repo/axi_csr_3_0' is not valid: Path is contained within another repository.'
WARNING: [IP_Flow 19-1663] Duplicate IP found for 'xilinx.com:user:axi_csr:3.0'. The one found in IP location 'c:/Users/gattous/Vivado_Workspace/ip_repo/axi_csr_3_0' will take precedence over the same IP in location c:/Users/gattous/Vivado_Workspace/litefury_pcie_daq_2/ip_repo/axi_csr_3_0
0
WARNING: [filemgmt 56-199] Attempt to get parsing info during refresh. "On-the-fly" syntax checking information may be incorrect. [C:\Users\gattous\Vivado_Workspace\litefury_pcie_daq_2\ip_repo\axi_csr_3_0\hdl\axi_csr_slave_lite_v3_0_axi_csr.vhd:]
WARNING: [filemgmt 56-199] Attempt to get parsing info during refresh. "On-the-fly" syntax checking information may be incorrect. [C:\Users\gattous\Vivado_Workspace\litefury_pcie_daq_2\ip_repo\axi_csr_3_0\src\CSR_V3_0_tb.vhd:]
WARNING: [filemgmt 56-199] Attempt to get parsing info during refresh. "On-the-fly" syntax checking information may be incorrect. [C:\Users\gattous\Vivado_Workspace\litefury_pcie_daq_2\ip_repo\axi_csr_3_0\hdl\axi_csr_v3_0.vhd:]
WARNING: [filemgmt 56-199] Attempt to get parsing info during refresh. "On-the-fly" syntax checking information may be incorrect. [C:\Users\gattous\Vivado_Workspace\litefury_pcie_daq_2\ip_repo\axi_csr_3_0\hdl\axi_csr_v3_0.vhd:]
WARNING: [filemgmt 56-199] Attempt to get parsing info during refresh. "On-the-fly" syntax checking information may be incorrect. [C:\Users\gattous\Vivado_Workspace\litefury_pcie_daq_2\ip_repo\axi_csr_3_0\hdl\axi_csr_v3_0.vhd:]
WARNING: [filemgmt 56-199] Attempt to get parsing info during refresh. "On-the-fly" syntax checking information may be incorrect. [C:\Users\gattous\Vivado_Workspace\litefury_pcie_daq_2\ip_repo\axi_csr_3_0\hdl\axi_csr_slave_lite_v3_0_axi_csr.vhd:]
WARNING: [filemgmt 56-199] Attempt to get parsing info during refresh. "On-the-fly" syntax checking information may be incorrect. [C:\Users\gattous\Vivado_Workspace\litefury_pcie_daq_2\ip_repo\axi_csr_3_0\src\CSR_V3_0_tb.vhd:]
WARNING: [filemgmt 56-199] Attempt to get parsing info during refresh. "On-the-fly" syntax checking information may be incorrect. [C:\Users\gattous\Vivado_Workspace\litefury_pcie_daq_2\ip_repo\axi_csr_3_0\hdl\axi_csr_v3_0.vhd:]
WARNING: [filemgmt 56-199] Attempt to get parsing info during refresh. "On-the-fly" syntax checking information may be incorrect. [C:\Users\gattous\Vivado_Workspace\litefury_pcie_daq_2\ip_repo\axi_csr_3_0\hdl\axi_csr_slave_lite_v3_0_axi_csr.vhd:]
WARNING: [filemgmt 56-199] Attempt to get parsing info during refresh. "On-the-fly" syntax checking information may be incorrect. [C:\Users\gattous\Vivado_Workspace\litefury_pcie_daq_2\ip_repo\axi_csr_3_0\hdl\axi_csr_slave_lite_v3_0_axi_csr.vhd:]
WARNING: [filemgmt 56-199] Attempt to get parsing info during refresh. "On-the-fly" syntax checking information may be incorrect. [C:\Users\gattous\Vivado_Workspace\litefury_pcie_daq_2\ip_repo\axi_csr_3_0\hdl\axi_csr_slave_lite_v3_0_axi_csr.vhd:]
WARNING: [filemgmt 56-199] Attempt to get parsing info during refresh. "On-the-fly" syntax checking information may be incorrect. [C:\Users\gattous\Vivado_Workspace\litefury_pcie_daq_2\ip_repo\axi_csr_3_0\src\CSR_V3_0_tb.vhd:]
WARNING: [filemgmt 56-199] Attempt to get parsing info during refresh. "On-the-fly" syntax checking information may be incorrect. [C:\Users\gattous\Vivado_Workspace\litefury_pcie_daq_2\ip_repo\axi_csr_3_0\hdl\axi_csr_v3_0.vhd:]
WARNING: [filemgmt 56-199] Attempt to get parsing info during refresh. "On-the-fly" syntax checking information may be incorrect. [C:\Users\gattous\Vivado_Workspace\litefury_pcie_daq_2\ip_repo\axi_csr_3_0\src\CSR_V3_0_tb.vhd:]
WARNING: [filemgmt 56-199] Attempt to get parsing info during refresh. "On-the-fly" syntax checking information may be incorrect. [C:\Users\gattous\Vivado_Workspace\litefury_pcie_daq_2\ip_repo\axi_csr_3_0\src\CSR_V3_0_tb.vhd:]
synth_design -top axi_csr_V3_0 -part xc7a100tfgg484-2 -lint 
Command: synth_design -top axi_csr_V3_0 -part xc7a100tfgg484-2 -lint
Starting synth_design
Attempting to get a license for feature 'Synthesis' and/or device 'xc7a100t'
INFO: [Common 17-349] Got license for feature 'Synthesis' and/or device 'xc7a100t'
INFO: [Synth 8-7079] Multithreading enabled for synth_design using a maximum of 2 processes.
---------------------------------------------------------------------------------
Starting Synthesize : Time (s): cpu = 00:00:07 ; elapsed = 00:00:07 . Memory (MB): peak = 4039.766 ; gain = 0.000
---------------------------------------------------------------------------------
Clean up Linter database...
INFO: [Synth 8-638] synthesizing module 'axi_csr_V3_0' [C:/Users/gattous/Vivado_Workspace/litefury_pcie_daq_2/ip_repo/axi_csr_3_0/hdl/axi_csr_v3_0.vhd:54]
	Parameter C_S_AXI_DATA_WIDTH bound to: 32 - type: integer 
	Parameter C_S_AXI_ADDR_WIDTH bound to: 4 - type: integer 
INFO: [Synth 8-3491] module 'axi_csr_slave_lite_v3_0_CONTROL_STATUS_REG' declared at 'C:/Users/gattous/Vivado_Workspace/litefury_pcie_daq_2/ip_repo/axi_csr_3_0/hdl/axi_csr_slave_lite_v3_0_axi_csr.vhd:5' bound to instance 'axi_csr_slave_lite_v3_0_CONTROL_STATUS_REG_inst' of component 'axi_csr_slave_lite_v3_0_CONTROL_STATUS_REG' [C:/Users/gattous/Vivado_Workspace/litefury_pcie_daq_2/ip_repo/axi_csr_3_0/hdl/axi_csr_v3_0.vhd:101]
INFO: [Synth 8-638] synthesizing module 'axi_csr_slave_lite_v3_0_CONTROL_STATUS_REG' [C:/Users/gattous/Vivado_Workspace/litefury_pcie_daq_2/ip_repo/axi_csr_3_0/hdl/axi_csr_slave_lite_v3_0_axi_csr.vhd:104]
	Parameter C_S_AXI_DATA_WIDTH bound to: 32 - type: integer 
	Parameter C_S_AXI_ADDR_WIDTH bound to: 4 - type: integer 
INFO: [Synth 8-226] default block is never used [C:/Users/gattous/Vivado_Workspace/litefury_pcie_daq_2/ip_repo/axi_csr_3_0/hdl/axi_csr_slave_lite_v3_0_axi_csr.vhd:244]
WARNING: [Synth 8-3848] Net soft_reset_sig in module/entity axi_csr_slave_lite_v3_0_CONTROL_STATUS_REG does not have driver. [C:/Users/gattous/Vivado_Workspace/litefury_pcie_daq_2/ip_repo/axi_csr_3_0/hdl/axi_csr_slave_lite_v3_0_axi_csr.vhd:135]
INFO: [Synth 8-256] done synthesizing module 'axi_csr_slave_lite_v3_0_CONTROL_STATUS_REG' (1#1) [C:/Users/gattous/Vivado_Workspace/litefury_pcie_daq_2/ip_repo/axi_csr_3_0/hdl/axi_csr_slave_lite_v3_0_axi_csr.vhd:104]
INFO: [Synth 8-256] done synthesizing module 'axi_csr_V3_0' (2#1) [C:/Users/gattous/Vivado_Workspace/litefury_pcie_daq_2/ip_repo/axi_csr_3_0/hdl/axi_csr_v3_0.vhd:54]
---------------------------------------------------------------------------------
Finished Synthesize : Time (s): cpu = 00:00:09 ; elapsed = 00:00:09 . Memory (MB): peak = 4039.766 ; gain = 0.000
---------------------------------------------------------------------------------
Copyright 1986-2022 Xilinx, Inc. All Rights Reserved. Copyright 2022-2025 Advanced Micro Devices, Inc. All Rights Reserved.
---------------------------------------------------------------------------------------------------------------------------------------------
| Tool Version : Vivado v.2025.2 (win64) Build 6299465 Fri Nov 14 19:35:11 GMT 2025
| Date         : Thu Aug  6 16:15:07 2026
| Host         : DESKTOP-VSMVSJ6 running 64-bit major release  (build 9200)
---------------------------------------------------------------------------------------------------------------------------------------------

RTL Linter Report

Table of Contents
-----------------
1. Summary

1. Summary
----------

+-----------+----------+--------------+----------+
| Rule ID   | Severity | # Violations | # Waived |
+-----------+----------+--------------+----------+
| ASSIGN-5  | WARNING  | 1            | 0        |
| ASSIGN-10 | WARNING  | 2            | 0        |
+-----------+----------+--------------+----------+


WARNING: [Synth 37-95] [ASSIGN-5]Found scalar variable(s) 'soft_reset_sig' declared and are not set.
RTL Name 'soft_reset_sig', Hierarchy 'axi_csr_slave_lite_v3_0_CONTROL_STATUS_REG', File 'C:/Users/gattous/Vivado_Workspace/litefury_pcie_daq_2/ip_repo/axi_csr_3_0/hdl/axi_csr_slave_lite_v3_0_axi_csr.vhd', Line 135.
WARNING: [Synth 37-125] [ASSIGN-10]Some bits in IO 'S_AXI_ARPROT' are not read. First unread bit index is 0. 
RTL Name 'S_AXI_ARPROT', Hierarchy 'axi_csr_slave_lite_v3_0_CONTROL_STATUS_REG', File 'axi_csr_slave_lite_v3_0_axi_csr.vhd', Line 83.
WARNING: [Synth 37-125] [ASSIGN-10]Some bits in IO 'S_AXI_AWPROT' are not read. First unread bit index is 0. 
RTL Name 'S_AXI_AWPROT', Hierarchy 'axi_csr_slave_lite_v3_0_CONTROL_STATUS_REG', File 'axi_csr_slave_lite_v3_0_axi_csr.vhd', Line 50.
INFO: [Synth 37-85] Total of 3 linter message(s) generated.
INFO: [Synth 37-45] Linter Run Finished!
Synthesis Optimization Runtime : Time (s): cpu = 00:00:09 ; elapsed = 00:00:09 . Memory (MB): peak = 4039.766 ; gain = 0.000
INFO: [Common 17-83] Releasing license: Synthesis
11 Infos, 4 Warnings, 0 Critical Warnings and 0 Errors encountered.
synth_design completed successfully
synth_design: Time (s): cpu = 00:00:09 ; elapsed = 00:00:09 . Memory (MB): peak = 4039.766 ; gain = 0.000
